store_code,store_name,item_code,to_qty,sorted_qty_excl_059,gap,status
WH-MAIN,WH-MAIN (putaway),336048,0.00,26.00,-26.00,OVER
WH-MAIN,WH-MAIN (putaway),336049,0.00,26.00,-26.00,OVER
WH-MAIN,WH-MAIN (putaway),336052,0.00,26.00,-26.00,OVER
WH-MAIN,WH-MAIN (putaway),336055,0.00,26.00,-26.00,OVER
WH-MAIN,WH-MAIN (putaway),336125,0.00,15.00,-15.00,OVER
WH-MAIN,WH-MAIN (putaway),336155,0.00,15.00,-15.00,OVER
WH-MAIN,WH-MAIN (putaway),336161,0.00,15.00,-15.00,OVER
WH-MAIN,WH-MAIN (putaway),336179,0.00,15.00,-15.00,OVER
WH-MAIN,WH-MAIN (putaway),336197,0.00,15.00,-15.00,OVER
WH-MAIN,WH-MAIN (putaway),336209,0.00,15.00,-15.00,OVER
WH-MAIN,WH-MAIN (putaway),336215,0.00,15.00,-15.00,OVER
WH-MAIN,WH-MAIN (putaway),336287,0.00,15.00,-15.00,OVER
WH-MAIN,WH-MAIN (putaway),336293,0.00,15.00,-15.00,OVER
WH-MAIN,WH-MAIN (putaway),336299,0.00,15.00,-15.00,OVER
WH-MAIN,WH-MAIN (putaway),336305,0.00,15.00,-15.00,OVER
WH-MAIN,WH-MAIN (putaway),336311,0.00,15.00,-15.00,OVER
WH-MAIN,WH-MAIN (putaway),336317,0.00,15.00,-15.00,OVER
WH-MAIN,WH-MAIN (putaway),336359,0.00,15.00,-15.00,OVER
WH-MAIN,WH-MAIN (putaway),336365,0.00,15.00,-15.00,OVER
WH-MAIN,WH-MAIN (putaway),336395,0.00,15.00,-15.00,OVER
WH-MAIN,WH-MAIN (putaway),336407,0.00,15.00,-15.00,OVER
WH-MAIN,WH-MAIN (putaway),336437,0.00,15.00,-15.00,OVER
WH-MAIN,WH-MAIN (putaway),336281,0.00,14.00,-14.00,OVER
WH-MAIN,WH-MAIN (putaway),336126,0.00,10.00,-10.00,OVER
WH-MAIN,WH-MAIN (putaway),336149,0.00,10.00,-10.00,OVER
WH-MAIN,WH-MAIN (putaway),336150,0.00,10.00,-10.00,OVER
WH-MAIN,WH-MAIN (putaway),336156,0.00,10.00,-10.00,OVER
WH-MAIN,WH-MAIN (putaway),336174,0.00,10.00,-10.00,OVER
WH-MAIN,WH-MAIN (putaway),336180,0.00,10.00,-10.00,OVER
WH-MAIN,WH-MAIN (putaway),336186,0.00,10.00,-10.00,OVER
WH-MAIN,WH-MAIN (putaway),336192,0.00,10.00,-10.00,OVER
WH-MAIN,WH-MAIN (putaway),336282,0.00,10.00,-10.00,OVER
WH-MAIN,WH-MAIN (putaway),336288,0.00,10.00,-10.00,OVER
WH-MAIN,WH-MAIN (putaway),336294,0.00,10.00,-10.00,OVER
WH-MAIN,WH-MAIN (putaway),336300,0.00,10.00,-10.00,OVER
WH-MAIN,WH-MAIN (putaway),336306,0.00,10.00,-10.00,OVER
WH-MAIN,WH-MAIN (putaway),336312,0.00,10.00,-10.00,OVER
WH-MAIN,WH-MAIN (putaway),336318,0.00,10.00,-10.00,OVER
WH-MAIN,WH-MAIN (putaway),336360,0.00,10.00,-10.00,OVER
WH-MAIN,WH-MAIN (putaway),336366,0.00,10.00,-10.00,OVER
WH-MAIN,WH-MAIN (putaway),336390,0.00,10.00,-10.00,OVER
WH-MAIN,WH-MAIN (putaway),336401,0.00,10.00,-10.00,OVER
WH-MAIN,WH-MAIN (putaway),336402,0.00,10.00,-10.00,OVER
WH-MAIN,WH-MAIN (putaway),336408,0.00,10.00,-10.00,OVER
WH-MAIN,WH-MAIN (putaway),336438,0.00,10.00,-10.00,OVER
WH-MAIN,WH-MAIN (putaway),336444,0.00,10.00,-10.00,OVER
WH-MAIN,WH-MAIN (putaway),336462,0.00,10.00,-10.00,OVER
WH-MAIN,WH-MAIN (putaway),336468,0.00,10.00,-10.00,OVER
007,007 - Buridah - Almoosa - MAATC,336054,9.00,0.00,9.00,SHORT
011,011 - Hail - Almoosa - MAATC,336054,9.00,0.00,9.00,SHORT
019,019 - Geel Alnaka - MAATC,336054,9.00,0.00,9.00,SHORT
028,028 - North of Buridah Almoosa - MAATC,336054,9.00,0.00,9.00,SHORT
035,035 - Lacali - MAATC,336053,9.00,0.00,9.00,SHORT
035,035 - Lacali - MAATC,336054,9.00,0.00,9.00,SHORT
035,035 - Lacali - MAATC,336056,9.00,0.00,9.00,SHORT
036,036 - Lacaly Dareen Mall - MAATC,336050,9.00,0.00,9.00,SHORT
036,036 - Lacaly Dareen Mall - MAATC,336053,9.00,0.00,9.00,SHORT
036,036 - Lacaly Dareen Mall - MAATC,336054,9.00,0.00,9.00,SHORT
036,036 - Lacaly Dareen Mall - MAATC,336056,9.00,0.00,9.00,SHORT
WH-MAIN,WH-MAIN (putaway),336124,0.00,9.00,-9.00,OVER
WH-MAIN,WH-MAIN (putaway),336148,0.00,9.00,-9.00,OVER
WH-MAIN,WH-MAIN (putaway),336154,0.00,9.00,-9.00,OVER
WH-MAIN,WH-MAIN (putaway),336160,0.00,9.00,-9.00,OVER
WH-MAIN,WH-MAIN (putaway),336166,0.00,9.00,-9.00,OVER
WH-MAIN,WH-MAIN (putaway),336178,0.00,9.00,-9.00,OVER
WH-MAIN,WH-MAIN (putaway),336184,0.00,9.00,-9.00,OVER
WH-MAIN,WH-MAIN (putaway),336190,0.00,9.00,-9.00,OVER
WH-MAIN,WH-MAIN (putaway),336196,0.00,9.00,-9.00,OVER
WH-MAIN,WH-MAIN (putaway),336202,0.00,9.00,-9.00,OVER
WH-MAIN,WH-MAIN (putaway),336214,0.00,9.00,-9.00,OVER
WH-MAIN,WH-MAIN (putaway),336280,0.00,9.00,-9.00,OVER
WH-MAIN,WH-MAIN (putaway),336286,0.00,9.00,-9.00,OVER
WH-MAIN,WH-MAIN (putaway),336292,0.00,9.00,-9.00,OVER
WH-MAIN,WH-MAIN (putaway),336298,0.00,9.00,-9.00,OVER
WH-MAIN,WH-MAIN (putaway),336304,0.00,9.00,-9.00,OVER
WH-MAIN,WH-MAIN (putaway),336310,0.00,9.00,-9.00,OVER
WH-MAIN,WH-MAIN (putaway),336316,0.00,9.00,-9.00,OVER
WH-MAIN,WH-MAIN (putaway),336358,0.00,9.00,-9.00,OVER
WH-MAIN,WH-MAIN (putaway),336364,0.00,9.00,-9.00,OVER
WH-MAIN,WH-MAIN (putaway),336394,0.00,9.00,-9.00,OVER
WH-MAIN,WH-MAIN (putaway),336400,0.00,9.00,-9.00,OVER
WH-MAIN,WH-MAIN (putaway),336406,0.00,9.00,-9.00,OVER
WH-MAIN,WH-MAIN (putaway),336466,0.00,9.00,-9.00,OVER
WH-MAIN,WH-MAIN (putaway),336467,0.00,9.00,-9.00,OVER
019,019 - Geel Alnaka - MAATC,336053,9.00,1.00,8.00,SHORT
035,035 - Lacali - MAATC,336050,9.00,1.00,8.00,SHORT
WH-MAIN,WH-MAIN (putaway),336162,0.00,8.00,-8.00,OVER
036,036 - Lacaly Dareen Mall - MAATC,336064,8.00,1.00,7.00,SHORT
WH-MAIN,WH-MAIN (putaway),336191,0.00,7.00,-7.00,OVER
WH-MAIN,WH-MAIN (putaway),336388,0.00,7.00,-7.00,OVER
011,011 - Hail - Almoosa - MAATC,336042,6.00,0.00,6.00,SHORT
028,028 - North of Buridah Almoosa - MAATC,336042,6.00,0.00,6.00,SHORT
031,031 - Al Mousa Tabuk - MAATC,336042,6.00,0.00,6.00,SHORT
031,031 - Al Mousa Tabuk - MAATC,336054,6.00,0.00,6.00,SHORT
031,031 - Al Mousa Tabuk - MAATC,336056,6.00,0.00,6.00,SHORT
034,034 - Lacaly Jeddah - MAATC,336042,6.00,0.00,6.00,SHORT
034,034 - Lacaly Jeddah - MAATC,336053,6.00,0.00,6.00,SHORT
034,034 - Lacaly Jeddah - MAATC,336054,6.00,0.00,6.00,SHORT
034,034 - Lacaly Jeddah - MAATC,336056,6.00,0.00,6.00,SHORT
035,035 - Lacali - MAATC,336042,6.00,0.00,6.00,SHORT
036,036 - Lacaly Dareen Mall - MAATC,336042,6.00,0.00,6.00,SHORT
037,037 - Lacaly AlMahmal - MAATC,336042,6.00,0.00,6.00,SHORT
037,037 - Lacaly AlMahmal - MAATC,336043,6.00,0.00,6.00,SHORT
037,037 - Lacaly AlMahmal - MAATC,336054,6.00,0.00,6.00,SHORT
WH-MAIN,WH-MAIN (putaway),336113,0.00,6.00,-6.00,OVER
WH-MAIN,WH-MAIN (putaway),336198,0.00,6.00,-6.00,OVER
019,019 - Geel Alnaka - MAATC,336042,5.00,0.00,5.00,SHORT
036,036 - Lacaly Dareen Mall - MAATC,336043,6.00,1.00,5.00,SHORT
037,037 - Lacaly AlMahmal - MAATC,336050,6.00,1.00,5.00,SHORT
037,037 - Lacaly AlMahmal - MAATC,336053,6.00,1.00,5.00,SHORT
037,037 - Lacaly AlMahmal - MAATC,336056,6.00,1.00,5.00,SHORT
WH-MAIN,WH-MAIN (putaway),336123,0.00,5.00,-5.00,OVER
WH-MAIN,WH-MAIN (putaway),336127,0.00,5.00,-5.00,OVER
WH-MAIN,WH-MAIN (putaway),336129,0.00,5.00,-5.00,OVER
WH-MAIN,WH-MAIN (putaway),336133,0.00,5.00,-5.00,OVER
WH-MAIN,WH-MAIN (putaway),336134,0.00,5.00,-5.00,OVER
WH-MAIN,WH-MAIN (putaway),336147,0.00,5.00,-5.00,OVER
WH-MAIN,WH-MAIN (putaway),336153,0.00,5.00,-5.00,OVER
WH-MAIN,WH-MAIN (putaway),336157,0.00,5.00,-5.00,OVER
WH-MAIN,WH-MAIN (putaway),336158,0.00,5.00,-5.00,OVER
WH-MAIN,WH-MAIN (putaway),336159,0.00,5.00,-5.00,OVER
WH-MAIN,WH-MAIN (putaway),336163,0.00,5.00,-5.00,OVER
WH-MAIN,WH-MAIN (putaway),336164,0.00,5.00,-5.00,OVER
WH-MAIN,WH-MAIN (putaway),336169,0.00,5.00,-5.00,OVER
WH-MAIN,WH-MAIN (putaway),336170,0.00,5.00,-5.00,OVER
WH-MAIN,WH-MAIN (putaway),336171,0.00,5.00,-5.00,OVER
WH-MAIN,WH-MAIN (putaway),336175,0.00,5.00,-5.00,OVER
WH-MAIN,WH-MAIN (putaway),336176,0.00,5.00,-5.00,OVER
WH-MAIN,WH-MAIN (putaway),336177,0.00,5.00,-5.00,OVER
WH-MAIN,WH-MAIN (putaway),336181,0.00,5.00,-5.00,OVER
WH-MAIN,WH-MAIN (putaway),336182,0.00,5.00,-5.00,OVER
WH-MAIN,WH-MAIN (putaway),336183,0.00,5.00,-5.00,OVER
WH-MAIN,WH-MAIN (putaway),336187,0.00,5.00,-5.00,OVER
WH-MAIN,WH-MAIN (putaway),336188,0.00,5.00,-5.00,OVER
WH-MAIN,WH-MAIN (putaway),336189,0.00,5.00,-5.00,OVER
WH-MAIN,WH-MAIN (putaway),336193,0.00,5.00,-5.00,OVER
WH-MAIN,WH-MAIN (putaway),336194,0.00,5.00,-5.00,OVER
WH-MAIN,WH-MAIN (putaway),336200,0.00,5.00,-5.00,OVER
WH-MAIN,WH-MAIN (putaway),336205,0.00,5.00,-5.00,OVER
WH-MAIN,WH-MAIN (putaway),336206,0.00,5.00,-5.00,OVER
WH-MAIN,WH-MAIN (putaway),336207,0.00,5.00,-5.00,OVER
WH-MAIN,WH-MAIN (putaway),336211,0.00,5.00,-5.00,OVER
WH-MAIN,WH-MAIN (putaway),336212,0.00,5.00,-5.00,OVER
WH-MAIN,WH-MAIN (putaway),336213,0.00,5.00,-5.00,OVER
WH-MAIN,WH-MAIN (putaway),336217,0.00,5.00,-5.00,OVER
WH-MAIN,WH-MAIN (putaway),336218,0.00,5.00,-5.00,OVER
WH-MAIN,WH-MAIN (putaway),336279,0.00,5.00,-5.00,OVER
WH-MAIN,WH-MAIN (putaway),336283,0.00,5.00,-5.00,OVER
WH-MAIN,WH-MAIN (putaway),336284,0.00,5.00,-5.00,OVER
WH-MAIN,WH-MAIN (putaway),336285,0.00,5.00,-5.00,OVER
WH-MAIN,WH-MAIN (putaway),336289,0.00,5.00,-5.00,OVER
WH-MAIN,WH-MAIN (putaway),336291,0.00,5.00,-5.00,OVER
WH-MAIN,WH-MAIN (putaway),336295,0.00,5.00,-5.00,OVER
WH-MAIN,WH-MAIN (putaway),336296,0.00,5.00,-5.00,OVER
WH-MAIN,WH-MAIN (putaway),336297,0.00,5.00,-5.00,OVER
WH-MAIN,WH-MAIN (putaway),336301,0.00,5.00,-5.00,OVER
WH-MAIN,WH-MAIN (putaway),336302,0.00,5.00,-5.00,OVER
WH-MAIN,WH-MAIN (putaway),336303,0.00,5.00,-5.00,OVER
WH-MAIN,WH-MAIN (putaway),336307,0.00,5.00,-5.00,OVER
WH-MAIN,WH-MAIN (putaway),336308,0.00,5.00,-5.00,OVER
WH-MAIN,WH-MAIN (putaway),336309,0.00,5.00,-5.00,OVER
WH-MAIN,WH-MAIN (putaway),336313,0.00,5.00,-5.00,OVER
WH-MAIN,WH-MAIN (putaway),336314,0.00,5.00,-5.00,OVER
WH-MAIN,WH-MAIN (putaway),336315,0.00,5.00,-5.00,OVER
WH-MAIN,WH-MAIN (putaway),336319,0.00,5.00,-5.00,OVER
WH-MAIN,WH-MAIN (putaway),336320,0.00,5.00,-5.00,OVER
WH-MAIN,WH-MAIN (putaway),336357,0.00,5.00,-5.00,OVER
WH-MAIN,WH-MAIN (putaway),336361,0.00,5.00,-5.00,OVER
WH-MAIN,WH-MAIN (putaway),336362,0.00,5.00,-5.00,OVER
WH-MAIN,WH-MAIN (putaway),336363,0.00,5.00,-5.00,OVER
WH-MAIN,WH-MAIN (putaway),336367,0.00,5.00,-5.00,OVER
WH-MAIN,WH-MAIN (putaway),336368,0.00,5.00,-5.00,OVER
WH-MAIN,WH-MAIN (putaway),336387,0.00,5.00,-5.00,OVER
WH-MAIN,WH-MAIN (putaway),336391,0.00,5.00,-5.00,OVER
WH-MAIN,WH-MAIN (putaway),336392,0.00,5.00,-5.00,OVER
WH-MAIN,WH-MAIN (putaway),336393,0.00,5.00,-5.00,OVER
WH-MAIN,WH-MAIN (putaway),336397,0.00,5.00,-5.00,OVER
WH-MAIN,WH-MAIN (putaway),336398,0.00,5.00,-5.00,OVER
WH-MAIN,WH-MAIN (putaway),336399,0.00,5.00,-5.00,OVER
WH-MAIN,WH-MAIN (putaway),336403,0.00,5.00,-5.00,OVER
WH-MAIN,WH-MAIN (putaway),336404,0.00,5.00,-5.00,OVER
WH-MAIN,WH-MAIN (putaway),336405,0.00,5.00,-5.00,OVER
WH-MAIN,WH-MAIN (putaway),336409,0.00,5.00,-5.00,OVER
WH-MAIN,WH-MAIN (putaway),336410,0.00,5.00,-5.00,OVER
WH-MAIN,WH-MAIN (putaway),336435,0.00,5.00,-5.00,OVER
WH-MAIN,WH-MAIN (putaway),336439,0.00,5.00,-5.00,OVER
WH-MAIN,WH-MAIN (putaway),336440,0.00,5.00,-5.00,OVER
WH-MAIN,WH-MAIN (putaway),336441,0.00,5.00,-5.00,OVER
WH-MAIN,WH-MAIN (putaway),336445,0.00,5.00,-5.00,OVER
WH-MAIN,WH-MAIN (putaway),336446,0.00,5.00,-5.00,OVER
WH-MAIN,WH-MAIN (putaway),336459,0.00,5.00,-5.00,OVER
WH-MAIN,WH-MAIN (putaway),336463,0.00,5.00,-5.00,OVER
WH-MAIN,WH-MAIN (putaway),336464,0.00,5.00,-5.00,OVER
WH-MAIN,WH-MAIN (putaway),336465,0.00,5.00,-5.00,OVER
WH-MAIN,WH-MAIN (putaway),336470,0.00,5.00,-5.00,OVER
006,006 - Alhfof - Almoosa - MAATC,336347,3.00,7.00,-4.00,OVER
019,019 - Geel Alnaka - MAATC,336035,5.00,1.00,4.00,SHORT
037,037 - Lacaly AlMahmal - MAATC,336038,6.00,2.00,4.00,SHORT
037,037 - Lacaly AlMahmal - MAATC,336064,4.00,0.00,4.00,SHORT
WH-MAIN,WH-MAIN (putaway),336114,0.00,4.00,-4.00,OVER
WH-MAIN,WH-MAIN (putaway),336461,0.00,4.00,-4.00,OVER
WH-MAIN,WH-MAIN (putaway),336469,0.00,4.00,-4.00,OVER
006,006 - Alhfof - Almoosa - MAATC,336131,3.00,6.00,-3.00,OVER
006,006 - Alhfof - Almoosa - MAATC,336149,3.00,6.00,-3.00,OVER
006,006 - Alhfof - Almoosa - MAATC,336167,3.00,6.00,-3.00,OVER
006,006 - Alhfof - Almoosa - MAATC,336173,3.00,6.00,-3.00,OVER
006,006 - Alhfof - Almoosa - MAATC,336191,3.00,6.00,-3.00,OVER
006,006 - Alhfof - Almoosa - MAATC,336203,3.00,6.00,-3.00,OVER
006,006 - Alhfof - Almoosa - MAATC,336257,3.00,6.00,-3.00,OVER
006,006 - Alhfof - Almoosa - MAATC,336389,3.00,6.00,-3.00,OVER
006,006 - Alhfof - Almoosa - MAATC,336401,3.00,6.00,-3.00,OVER
006,006 - Alhfof - Almoosa - MAATC,336461,3.00,6.00,-3.00,OVER
006,006 - Alhfof - Almoosa - MAATC,336467,3.00,6.00,-3.00,OVER
007,007 - Buridah - Almoosa - MAATC,336131,3.00,6.00,-3.00,OVER
007,007 - Buridah - Almoosa - MAATC,336143,3.00,0.00,3.00,SHORT
007,007 - Buridah - Almoosa - MAATC,336167,3.00,6.00,-3.00,OVER
007,007 - Buridah - Almoosa - MAATC,336173,3.00,6.00,-3.00,OVER
007,007 - Buridah - Almoosa - MAATC,336185,3.00,6.00,-3.00,OVER
007,007 - Buridah - Almoosa - MAATC,336191,3.00,6.00,-3.00,OVER
007,007 - Buridah - Almoosa - MAATC,336203,3.00,6.00,-3.00,OVER
007,007 - Buridah - Almoosa - MAATC,336257,3.00,6.00,-3.00,OVER
007,007 - Buridah - Almoosa - MAATC,336347,3.00,6.00,-3.00,OVER
007,007 - Buridah - Almoosa - MAATC,336389,3.00,6.00,-3.00,OVER
007,007 - Buridah - Almoosa - MAATC,336461,3.00,6.00,-3.00,OVER
007,007 - Buridah - Almoosa - MAATC,336467,3.00,6.00,-3.00,OVER
011,011 - Hail - Almoosa - MAATC,336131,3.00,6.00,-3.00,OVER
011,011 - Hail - Almoosa - MAATC,336143,3.00,0.00,3.00,SHORT
011,011 - Hail - Almoosa - MAATC,336167,3.00,6.00,-3.00,OVER
011,011 - Hail - Almoosa - MAATC,336173,3.00,6.00,-3.00,OVER
011,011 - Hail - Almoosa - MAATC,336185,3.00,6.00,-3.00,OVER
011,011 - Hail - Almoosa - MAATC,336203,3.00,6.00,-3.00,OVER
011,011 - Hail - Almoosa - MAATC,336257,3.00,6.00,-3.00,OVER
011,011 - Hail - Almoosa - MAATC,336347,3.00,6.00,-3.00,OVER
011,011 - Hail - Almoosa - MAATC,336389,3.00,6.00,-3.00,OVER
019,019 - Geel Alnaka - MAATC,336131,3.00,6.00,-3.00,OVER
019,019 - Geel Alnaka - MAATC,336143,3.00,0.00,3.00,SHORT
019,019 - Geel Alnaka - MAATC,336167,3.00,6.00,-3.00,OVER
019,019 - Geel Alnaka - MAATC,336173,3.00,6.00,-3.00,OVER
019,019 - Geel Alnaka - MAATC,336185,3.00,6.00,-3.00,OVER
019,019 - Geel Alnaka - MAATC,336203,3.00,6.00,-3.00,OVER
019,019 - Geel Alnaka - MAATC,336389,3.00,6.00,-3.00,OVER
019,019 - Geel Alnaka - MAATC,336461,3.00,6.00,-3.00,OVER
028,028 - North of Buridah Almoosa - MAATC,336131,3.00,6.00,-3.00,OVER
028,028 - North of Buridah Almoosa - MAATC,336143,3.00,0.00,3.00,SHORT
028,028 - North of Buridah Almoosa - MAATC,336167,3.00,6.00,-3.00,OVER
028,028 - North of Buridah Almoosa - MAATC,336173,3.00,6.00,-3.00,OVER
028,028 - North of Buridah Almoosa - MAATC,336185,3.00,6.00,-3.00,OVER
028,028 - North of Buridah Almoosa - MAATC,336203,3.00,6.00,-3.00,OVER
031,031 - Al Mousa Tabuk - MAATC,336131,3.00,6.00,-3.00,OVER
031,031 - Al Mousa Tabuk - MAATC,336143,3.00,0.00,3.00,SHORT
031,031 - Al Mousa Tabuk - MAATC,336167,3.00,6.00,-3.00,OVER
031,031 - Al Mousa Tabuk - MAATC,336185,3.00,6.00,-3.00,OVER
034,034 - Lacaly Jeddah - MAATC,336041,6.00,3.00,3.00,SHORT
034,034 - Lacaly Jeddah - MAATC,336143,3.00,0.00,3.00,SHORT
034,034 - Lacaly Jeddah - MAATC,336257,3.00,0.00,3.00,SHORT
035,035 - Lacali - MAATC,336143,3.00,0.00,3.00,SHORT
035,035 - Lacali - MAATC,336257,3.00,0.00,3.00,SHORT
035,035 - Lacali - MAATC,336347,3.00,0.00,3.00,SHORT
036,036 - Lacaly Dareen Mall - MAATC,336036,3.00,0.00,3.00,SHORT
036,036 - Lacaly Dareen Mall - MAATC,336037,3.00,0.00,3.00,SHORT
036,036 - Lacaly Dareen Mall - MAATC,336143,3.00,0.00,3.00,SHORT
036,036 - Lacaly Dareen Mall - MAATC,336257,3.00,0.00,3.00,SHORT
036,036 - Lacaly Dareen Mall - MAATC,336347,3.00,0.00,3.00,SHORT
037,037 - Lacaly AlMahmal - MAATC,336036,3.00,0.00,3.00,SHORT
037,037 - Lacaly AlMahmal - MAATC,336037,3.00,0.00,3.00,SHORT
037,037 - Lacaly AlMahmal - MAATC,336077,3.00,0.00,3.00,SHORT
037,037 - Lacaly AlMahmal - MAATC,336131,3.00,0.00,3.00,SHORT
037,037 - Lacaly AlMahmal - MAATC,336143,3.00,0.00,3.00,SHORT
037,037 - Lacaly AlMahmal - MAATC,336167,3.00,0.00,3.00,SHORT
037,037 - Lacaly AlMahmal - MAATC,336257,3.00,0.00,3.00,SHORT
037,037 - Lacaly AlMahmal - MAATC,336347,3.00,0.00,3.00,SHORT
WH-MAIN,WH-MAIN (putaway),336112,0.00,3.00,-3.00,OVER
WH-MAIN,WH-MAIN (putaway),336151,0.00,3.00,-3.00,OVER
WH-MAIN,WH-MAIN (putaway),336195,0.00,3.00,-3.00,OVER
WH-MAIN,WH-MAIN (putaway),336290,0.00,3.00,-3.00,OVER
WH-MAIN,WH-MAIN (putaway),336389,0.00,3.00,-3.00,OVER
006,006 - Alhfof - Almoosa - MAATC,336118,2.00,4.00,-2.00,OVER
006,006 - Alhfof - Almoosa - MAATC,336132,2.00,4.00,-2.00,OVER
006,006 - Alhfof - Almoosa - MAATC,336162,2.00,4.00,-2.00,OVER
006,006 - Alhfof - Almoosa - MAATC,336172,2.00,4.00,-2.00,OVER
006,006 - Alhfof - Almoosa - MAATC,336198,2.00,4.00,-2.00,OVER
006,006 - Alhfof - Almoosa - MAATC,336204,2.00,4.00,-2.00,OVER
006,006 - Alhfof - Almoosa - MAATC,336208,2.00,4.00,-2.00,OVER
006,006 - Alhfof - Almoosa - MAATC,336210,2.00,4.00,-2.00,OVER
006,006 - Alhfof - Almoosa - MAATC,336216,2.00,4.00,-2.00,OVER
006,006 - Alhfof - Almoosa - MAATC,336237,1.00,3.00,-2.00,OVER
006,006 - Alhfof - Almoosa - MAATC,336238,2.00,4.00,-2.00,OVER
006,006 - Alhfof - Almoosa - MAATC,336250,2.00,4.00,-2.00,OVER
006,006 - Alhfof - Almoosa - MAATC,336268,2.00,4.00,-2.00,OVER
006,006 - Alhfof - Almoosa - MAATC,336354,2.00,4.00,-2.00,OVER
006,006 - Alhfof - Almoosa - MAATC,336388,2.00,4.00,-2.00,OVER
006,006 - Alhfof - Almoosa - MAATC,336396,2.00,4.00,-2.00,OVER
006,006 - Alhfof - Almoosa - MAATC,336420,2.00,4.00,-2.00,OVER
006,006 - Alhfof - Almoosa - MAATC,336424,2.00,4.00,-2.00,OVER
006,006 - Alhfof - Almoosa - MAATC,336436,2.00,4.00,-2.00,OVER
006,006 - Alhfof - Almoosa - MAATC,336442,2.00,4.00,-2.00,OVER
006,006 - Alhfof - Almoosa - MAATC,336448,2.00,4.00,-2.00,OVER
006,006 - Alhfof - Almoosa - MAATC,336456,2.00,4.00,-2.00,OVER
006,006 - Alhfof - Almoosa - MAATC,336460,2.00,4.00,-2.00,OVER
007,007 - Buridah - Almoosa - MAATC,336042,6.00,4.00,2.00,SHORT
007,007 - Buridah - Almoosa - MAATC,336132,2.00,4.00,-2.00,OVER
007,007 - Buridah - Almoosa - MAATC,336149,3.00,5.00,-2.00,OVER
007,007 - Buridah - Almoosa - MAATC,336168,2.00,0.00,2.00,SHORT
007,007 - Buridah - Almoosa - MAATC,336172,2.00,4.00,-2.00,OVER
007,007 - Buridah - Almoosa - MAATC,336198,2.00,4.00,-2.00,OVER
007,007 - Buridah - Almoosa - MAATC,336204,2.00,4.00,-2.00,OVER
007,007 - Buridah - Almoosa - MAATC,336216,2.00,4.00,-2.00,OVER
007,007 - Buridah - Almoosa - MAATC,336238,2.00,4.00,-2.00,OVER
007,007 - Buridah - Almoosa - MAATC,336250,2.00,4.00,-2.00,OVER
007,007 - Buridah - Almoosa - MAATC,336268,2.00,4.00,-2.00,OVER
007,007 - Buridah - Almoosa - MAATC,336354,2.00,4.00,-2.00,OVER
007,007 - Buridah - Almoosa - MAATC,336396,2.00,4.00,-2.00,OVER
007,007 - Buridah - Almoosa - MAATC,336401,3.00,5.00,-2.00,OVER
007,007 - Buridah - Almoosa - MAATC,336420,2.00,4.00,-2.00,OVER
007,007 - Buridah - Almoosa - MAATC,336424,2.00,4.00,-2.00,OVER
007,007 - Buridah - Almoosa - MAATC,336436,2.00,4.00,-2.00,OVER
007,007 - Buridah - Almoosa - MAATC,336442,2.00,4.00,-2.00,OVER
007,007 - Buridah - Almoosa - MAATC,336448,2.00,4.00,-2.00,OVER
007,007 - Buridah - Almoosa - MAATC,336456,2.00,4.00,-2.00,OVER
007,007 - Buridah - Almoosa - MAATC,336460,2.00,4.00,-2.00,OVER
011,011 - Hail - Almoosa - MAATC,336118,2.00,4.00,-2.00,OVER
011,011 - Hail - Almoosa - MAATC,336132,2.00,4.00,-2.00,OVER
011,011 - Hail - Almoosa - MAATC,336168,2.00,0.00,2.00,SHORT
011,011 - Hail - Almoosa - MAATC,336172,2.00,4.00,-2.00,OVER
011,011 - Hail - Almoosa - MAATC,336191,3.00,5.00,-2.00,OVER
011,011 - Hail - Almoosa - MAATC,336204,2.00,4.00,-2.00,OVER
011,011 - Hail - Almoosa - MAATC,336210,2.00,4.00,-2.00,OVER
011,011 - Hail - Almoosa - MAATC,336216,2.00,4.00,-2.00,OVER
011,011 - Hail - Almoosa - MAATC,336238,2.00,4.00,-2.00,OVER
011,011 - Hail - Almoosa - MAATC,336268,2.00,4.00,-2.00,OVER
011,011 - Hail - Almoosa - MAATC,336354,2.00,4.00,-2.00,OVER
011,011 - Hail - Almoosa - MAATC,336396,2.00,4.00,-2.00,OVER
011,011 - Hail - Almoosa - MAATC,336424,2.00,4.00,-2.00,OVER
011,011 - Hail - Almoosa - MAATC,336430,2.00,4.00,-2.00,OVER
011,011 - Hail - Almoosa - MAATC,336436,2.00,4.00,-2.00,OVER
011,011 - Hail - Almoosa - MAATC,336442,2.00,4.00,-2.00,OVER
011,011 - Hail - Almoosa - MAATC,336448,2.00,4.00,-2.00,OVER
011,011 - Hail - Almoosa - MAATC,336460,2.00,4.00,-2.00,OVER
019,019 - Geel Alnaka - MAATC,336132,2.00,4.00,-2.00,OVER
019,019 - Geel Alnaka - MAATC,336168,2.00,0.00,2.00,SHORT
019,019 - Geel Alnaka - MAATC,336172,2.00,4.00,-2.00,OVER
019,019 - Geel Alnaka - MAATC,336204,2.00,4.00,-2.00,OVER
019,019 - Geel Alnaka - MAATC,336210,2.00,4.00,-2.00,OVER
019,019 - Geel Alnaka - MAATC,336216,2.00,4.00,-2.00,OVER
019,019 - Geel Alnaka - MAATC,336354,2.00,4.00,-2.00,OVER
019,019 - Geel Alnaka - MAATC,336396,2.00,4.00,-2.00,OVER
019,019 - Geel Alnaka - MAATC,336436,2.00,4.00,-2.00,OVER
019,019 - Geel Alnaka - MAATC,336442,2.00,4.00,-2.00,OVER
019,019 - Geel Alnaka - MAATC,336460,2.00,4.00,-2.00,OVER
019,019 - Geel Alnaka - MAATC,336540,2.00,4.00,-2.00,OVER
028,028 - North of Buridah Almoosa - MAATC,336168,2.00,0.00,2.00,SHORT
028,028 - North of Buridah Almoosa - MAATC,336172,2.00,4.00,-2.00,OVER
028,028 - North of Buridah Almoosa - MAATC,336204,2.00,4.00,-2.00,OVER
028,028 - North of Buridah Almoosa - MAATC,336208,2.00,4.00,-2.00,OVER
028,028 - North of Buridah Almoosa - MAATC,336210,2.00,4.00,-2.00,OVER
028,028 - North of Buridah Almoosa - MAATC,336216,2.00,4.00,-2.00,OVER
028,028 - North of Buridah Almoosa - MAATC,336238,2.00,4.00,-2.00,OVER
028,028 - North of Buridah Almoosa - MAATC,336257,3.00,5.00,-2.00,OVER
028,028 - North of Buridah Almoosa - MAATC,336268,2.00,4.00,-2.00,OVER
028,028 - North of Buridah Almoosa - MAATC,336396,2.00,4.00,-2.00,OVER
028,028 - North of Buridah Almoosa - MAATC,336436,2.00,4.00,-2.00,OVER
028,028 - North of Buridah Almoosa - MAATC,336442,2.00,4.00,-2.00,OVER
028,028 - North of Buridah Almoosa - MAATC,336460,2.00,4.00,-2.00,OVER
028,028 - North of Buridah Almoosa - MAATC,336461,3.00,5.00,-2.00,OVER
031,031 - Al Mousa Tabuk - MAATC,336168,2.00,0.00,2.00,SHORT
031,031 - Al Mousa Tabuk - MAATC,336172,2.00,4.00,-2.00,OVER
031,031 - Al Mousa Tabuk - MAATC,336204,2.00,4.00,-2.00,OVER
031,031 - Al Mousa Tabuk - MAATC,336208,2.00,4.00,-2.00,OVER
031,031 - Al Mousa Tabuk - MAATC,336396,2.00,4.00,-2.00,OVER
031,031 - Al Mousa Tabuk - MAATC,336418,2.00,0.00,2.00,SHORT
031,031 - Al Mousa Tabuk - MAATC,336436,2.00,4.00,-2.00,OVER
031,031 - Al Mousa Tabuk - MAATC,336442,2.00,4.00,-2.00,OVER
034,034 - Lacaly Jeddah - MAATC,336131,3.00,5.00,-2.00,OVER
034,034 - Lacaly Jeddah - MAATC,336167,3.00,5.00,-2.00,OVER
034,034 - Lacaly Jeddah - MAATC,336168,2.00,0.00,2.00,SHORT
034,034 - Lacaly Jeddah - MAATC,336204,2.00,4.00,-2.00,OVER
034,034 - Lacaly Jeddah - MAATC,336208,2.00,4.00,-2.00,OVER
034,034 - Lacaly Jeddah - MAATC,336238,2.00,0.00,2.00,SHORT
034,034 - Lacaly Jeddah - MAATC,336268,2.00,0.00,2.00,SHORT
034,034 - Lacaly Jeddah - MAATC,336347,3.00,1.00,2.00,SHORT
034,034 - Lacaly Jeddah - MAATC,336354,2.00,0.00,2.00,SHORT
034,034 - Lacaly Jeddah - MAATC,336396,2.00,4.00,-2.00,OVER
034,034 - Lacaly Jeddah - MAATC,336418,2.00,0.00,2.00,SHORT
034,034 - Lacaly Jeddah - MAATC,336442,2.00,4.00,-2.00,OVER
035,035 - Lacali - MAATC,336036,2.00,0.00,2.00,SHORT
035,035 - Lacali - MAATC,336037,2.00,0.00,2.00,SHORT
035,035 - Lacali - MAATC,336118,2.00,0.00,2.00,SHORT
035,035 - Lacali - MAATC,336168,2.00,0.00,2.00,SHORT
035,035 - Lacali - MAATC,336238,2.00,0.00,2.00,SHORT
035,035 - Lacali - MAATC,336268,2.00,0.00,2.00,SHORT
035,035 - Lacali - MAATC,336354,2.00,0.00,2.00,SHORT
035,035 - Lacali - MAATC,336418,2.00,0.00,2.00,SHORT
035,035 - Lacali - MAATC,336424,2.00,0.00,2.00,SHORT
035,035 - Lacali - MAATC,336448,2.00,0.00,2.00,SHORT
036,036 - Lacaly Dareen Mall - MAATC,336077,3.00,1.00,2.00,SHORT
036,036 - Lacaly Dareen Mall - MAATC,336118,2.00,0.00,2.00,SHORT
036,036 - Lacaly Dareen Mall - MAATC,336131,3.00,1.00,2.00,SHORT
036,036 - Lacaly Dareen Mall - MAATC,336167,3.00,1.00,2.00,SHORT
036,036 - Lacaly Dareen Mall - MAATC,336168,2.00,0.00,2.00,SHORT
036,036 - Lacaly Dareen Mall - MAATC,336172,2.00,0.00,2.00,SHORT
036,036 - Lacaly Dareen Mall - MAATC,336204,2.00,0.00,2.00,SHORT
036,036 - Lacaly Dareen Mall - MAATC,336238,2.00,0.00,2.00,SHORT
036,036 - Lacaly Dareen Mall - MAATC,336250,2.00,0.00,2.00,SHORT
036,036 - Lacaly Dareen Mall - MAATC,336268,2.00,0.00,2.00,SHORT
036,036 - Lacaly Dareen Mall - MAATC,336354,2.00,0.00,2.00,SHORT
036,036 - Lacaly Dareen Mall - MAATC,336396,2.00,0.00,2.00,SHORT
036,036 - Lacaly Dareen Mall - MAATC,336418,2.00,0.00,2.00,SHORT
036,036 - Lacaly Dareen Mall - MAATC,336420,2.00,0.00,2.00,SHORT
036,036 - Lacaly Dareen Mall - MAATC,336424,2.00,0.00,2.00,SHORT
036,036 - Lacaly Dareen Mall - MAATC,336436,2.00,0.00,2.00,SHORT
036,036 - Lacaly Dareen Mall - MAATC,336442,2.00,0.00,2.00,SHORT
036,036 - Lacaly Dareen Mall - MAATC,336448,2.00,0.00,2.00,SHORT
036,036 - Lacaly Dareen Mall - MAATC,336456,2.00,0.00,2.00,SHORT
037,037 - Lacaly AlMahmal - MAATC,336118,2.00,0.00,2.00,SHORT
037,037 - Lacaly AlMahmal - MAATC,336168,2.00,0.00,2.00,SHORT
037,037 - Lacaly AlMahmal - MAATC,336172,2.00,0.00,2.00,SHORT
037,037 - Lacaly AlMahmal - MAATC,336204,2.00,0.00,2.00,SHORT
037,037 - Lacaly AlMahmal - MAATC,336238,2.00,0.00,2.00,SHORT
037,037 - Lacaly AlMahmal - MAATC,336250,2.00,0.00,2.00,SHORT
037,037 - Lacaly AlMahmal - MAATC,336268,2.00,0.00,2.00,SHORT
037,037 - Lacaly AlMahmal - MAATC,336354,2.00,0.00,2.00,SHORT
037,037 - Lacaly AlMahmal - MAATC,336396,2.00,0.00,2.00,SHORT
037,037 - Lacaly AlMahmal - MAATC,336418,2.00,0.00,2.00,SHORT
037,037 - Lacaly AlMahmal - MAATC,336420,2.00,0.00,2.00,SHORT
037,037 - Lacaly AlMahmal - MAATC,336424,2.00,0.00,2.00,SHORT
037,037 - Lacaly AlMahmal - MAATC,336430,2.00,0.00,2.00,SHORT
037,037 - Lacaly AlMahmal - MAATC,336436,2.00,0.00,2.00,SHORT
037,037 - Lacaly AlMahmal - MAATC,336442,2.00,0.00,2.00,SHORT
037,037 - Lacaly AlMahmal - MAATC,336448,2.00,0.00,2.00,SHORT
037,037 - Lacaly AlMahmal - MAATC,336456,2.00,0.00,2.00,SHORT
037,037 - Lacaly AlMahmal - MAATC,336540,2.00,0.00,2.00,SHORT
WH-MAIN,WH-MAIN (putaway),336111,0.00,2.00,-2.00,OVER
WH-MAIN,WH-MAIN (putaway),336115,0.00,2.00,-2.00,OVER
WH-MAIN,WH-MAIN (putaway),336116,0.00,2.00,-2.00,OVER
WH-MAIN,WH-MAIN (putaway),336128,0.00,2.00,-2.00,OVER
WH-MAIN,WH-MAIN (putaway),336132,0.00,2.00,-2.00,OVER
WH-MAIN,WH-MAIN (putaway),336199,0.00,2.00,-2.00,OVER
006,006 - Alhfof - Almoosa - MAATC,336012,1.00,0.00,1.00,SHORT
006,006 - Alhfof - Almoosa - MAATC,336128,1.00,2.00,-1.00,OVER
006,006 - Alhfof - Almoosa - MAATC,336139,1.00,2.00,-1.00,OVER
006,006 - Alhfof - Almoosa - MAATC,336144,2.00,3.00,-1.00,OVER
006,006 - Alhfof - Almoosa - MAATC,336145,1.00,0.00,1.00,SHORT
006,006 - Alhfof - Almoosa - MAATC,336151,1.00,0.00,1.00,SHORT
006,006 - Alhfof - Almoosa - MAATC,336195,1.00,2.00,-1.00,OVER
006,006 - Alhfof - Almoosa - MAATC,336199,1.00,2.00,-1.00,OVER
006,006 - Alhfof - Almoosa - MAATC,336201,1.00,2.00,-1.00,OVER
006,006 - Alhfof - Almoosa - MAATC,336248,1.00,2.00,-1.00,OVER
006,006 - Alhfof - Almoosa - MAATC,336249,1.00,2.00,-1.00,OVER
006,006 - Alhfof - Almoosa - MAATC,336281,3.00,4.00,-1.00,OVER
006,006 - Alhfof - Almoosa - MAATC,336290,1.00,2.00,-1.00,OVER
006,006 - Alhfof - Almoosa - MAATC,336345,1.00,2.00,-1.00,OVER
006,006 - Alhfof - Almoosa - MAATC,336348,2.00,3.00,-1.00,OVER
006,006 - Alhfof - Almoosa - MAATC,336350,1.00,2.00,-1.00,OVER
006,006 - Alhfof - Almoosa - MAATC,336356,1.00,2.00,-1.00,OVER
006,006 - Alhfof - Almoosa - MAATC,336428,1.00,2.00,-1.00,OVER
006,006 - Alhfof - Almoosa - MAATC,336469,1.00,2.00,-1.00,OVER
007,007 - Buridah - Almoosa - MAATC,336128,1.00,2.00,-1.00,OVER
007,007 - Buridah - Almoosa - MAATC,336139,1.00,2.00,-1.00,OVER
007,007 - Buridah - Almoosa - MAATC,336145,1.00,0.00,1.00,SHORT
007,007 - Buridah - Almoosa - MAATC,336146,1.00,0.00,1.00,SHORT
007,007 - Buridah - Almoosa - MAATC,336165,1.00,0.00,1.00,SHORT
007,007 - Buridah - Almoosa - MAATC,336195,1.00,2.00,-1.00,OVER
007,007 - Buridah - Almoosa - MAATC,336199,1.00,2.00,-1.00,OVER
007,007 - Buridah - Almoosa - MAATC,336201,1.00,2.00,-1.00,OVER
007,007 - Buridah - Almoosa - MAATC,336210,2.00,3.00,-1.00,OVER
007,007 - Buridah - Almoosa - MAATC,336237,1.00,2.00,-1.00,OVER
007,007 - Buridah - Almoosa - MAATC,336248,1.00,2.00,-1.00,OVER
007,007 - Buridah - Almoosa - MAATC,336249,1.00,2.00,-1.00,OVER
007,007 - Buridah - Almoosa - MAATC,336290,1.00,2.00,-1.00,OVER
007,007 - Buridah - Almoosa - MAATC,336345,1.00,2.00,-1.00,OVER
007,007 - Buridah - Almoosa - MAATC,336348,2.00,3.00,-1.00,OVER
007,007 - Buridah - Almoosa - MAATC,336350,1.00,2.00,-1.00,OVER
007,007 - Buridah - Almoosa - MAATC,336356,1.00,2.00,-1.00,OVER
007,007 - Buridah - Almoosa - MAATC,336428,1.00,2.00,-1.00,OVER
011,011 - Hail - Almoosa - MAATC,336006,1.00,0.00,1.00,SHORT
011,011 - Hail - Almoosa - MAATC,336012,1.00,0.00,1.00,SHORT
011,011 - Hail - Almoosa - MAATC,336056,9.00,10.00,-1.00,OVER
011,011 - Hail - Almoosa - MAATC,336128,1.00,2.00,-1.00,OVER
011,011 - Hail - Almoosa - MAATC,336145,1.00,0.00,1.00,SHORT
011,011 - Hail - Almoosa - MAATC,336146,1.00,0.00,1.00,SHORT
011,011 - Hail - Almoosa - MAATC,336165,1.00,0.00,1.00,SHORT
011,011 - Hail - Almoosa - MAATC,336199,1.00,2.00,-1.00,OVER
011,011 - Hail - Almoosa - MAATC,336201,1.00,2.00,-1.00,OVER
011,011 - Hail - Almoosa - MAATC,336237,1.00,2.00,-1.00,OVER
011,011 - Hail - Almoosa - MAATC,336248,1.00,2.00,-1.00,OVER
011,011 - Hail - Almoosa - MAATC,336249,1.00,2.00,-1.00,OVER
011,011 - Hail - Almoosa - MAATC,336345,1.00,2.00,-1.00,OVER
011,011 - Hail - Almoosa - MAATC,336348,2.00,3.00,-1.00,OVER
011,011 - Hail - Almoosa - MAATC,336350,1.00,2.00,-1.00,OVER
011,011 - Hail - Almoosa - MAATC,336356,1.00,2.00,-1.00,OVER
011,011 - Hail - Almoosa - MAATC,336428,1.00,2.00,-1.00,OVER
011,011 - Hail - Almoosa - MAATC,336456,2.00,3.00,-1.00,OVER
019,019 - Geel Alnaka - MAATC,336006,1.00,0.00,1.00,SHORT
019,019 - Geel Alnaka - MAATC,336012,1.00,0.00,1.00,SHORT
019,019 - Geel Alnaka - MAATC,336118,1.00,2.00,-1.00,OVER
019,019 - Geel Alnaka - MAATC,336145,1.00,0.00,1.00,SHORT
019,019 - Geel Alnaka - MAATC,336146,1.00,0.00,1.00,SHORT
019,019 - Geel Alnaka - MAATC,336165,1.00,0.00,1.00,SHORT
019,019 - Geel Alnaka - MAATC,336201,1.00,2.00,-1.00,OVER
019,019 - Geel Alnaka - MAATC,336237,1.00,2.00,-1.00,OVER
019,019 - Geel Alnaka - MAATC,336248,1.00,2.00,-1.00,OVER
019,019 - Geel Alnaka - MAATC,336249,1.00,2.00,-1.00,OVER
019,019 - Geel Alnaka - MAATC,336257,3.00,4.00,-1.00,OVER
019,019 - Geel Alnaka - MAATC,336345,1.00,2.00,-1.00,OVER
019,019 - Geel Alnaka - MAATC,336347,3.00,4.00,-1.00,OVER
019,019 - Geel Alnaka - MAATC,336348,2.00,3.00,-1.00,OVER
019,019 - Geel Alnaka - MAATC,336350,1.00,2.00,-1.00,OVER
019,019 - Geel Alnaka - MAATC,336428,1.00,2.00,-1.00,OVER
019,019 - Geel Alnaka - MAATC,336430,1.00,2.00,-1.00,OVER
019,019 - Geel Alnaka - MAATC,336501,1.00,2.00,-1.00,OVER
019,019 - Geel Alnaka - MAATC,336528,2.00,3.00,-1.00,OVER
019,019 - Geel Alnaka - MAATC,336541,1.00,2.00,-1.00,OVER
019,019 - Geel Alnaka - MAATC,336577,1.00,2.00,-1.00,OVER
028,028 - North of Buridah Almoosa - MAATC,336006,1.00,0.00,1.00,SHORT
028,028 - North of Buridah Almoosa - MAATC,336012,1.00,0.00,1.00,SHORT
028,028 - North of Buridah Almoosa - MAATC,336118,2.00,3.00,-1.00,OVER
028,028 - North of Buridah Almoosa - MAATC,336132,2.00,3.00,-1.00,OVER
028,028 - North of Buridah Almoosa - MAATC,336145,1.00,0.00,1.00,SHORT
028,028 - North of Buridah Almoosa - MAATC,336146,1.00,0.00,1.00,SHORT
028,028 - North of Buridah Almoosa - MAATC,336165,1.00,0.00,1.00,SHORT
028,028 - North of Buridah Almoosa - MAATC,336348,2.00,3.00,-1.00,OVER
028,028 - North of Buridah Almoosa - MAATC,336418,2.00,1.00,1.00,SHORT
031,031 - Al Mousa Tabuk - MAATC,336006,1.00,0.00,1.00,SHORT
031,031 - Al Mousa Tabuk - MAATC,336012,1.00,0.00,1.00,SHORT
031,031 - Al Mousa Tabuk - MAATC,336145,1.00,0.00,1.00,SHORT
031,031 - Al Mousa Tabuk - MAATC,336146,1.00,0.00,1.00,SHORT
031,031 - Al Mousa Tabuk - MAATC,336165,1.00,0.00,1.00,SHORT
031,031 - Al Mousa Tabuk - MAATC,336173,3.00,4.00,-1.00,OVER
031,031 - Al Mousa Tabuk - MAATC,336210,2.00,3.00,-1.00,OVER
031,031 - Al Mousa Tabuk - MAATC,336237,1.00,0.00,1.00,SHORT
031,031 - Al Mousa Tabuk - MAATC,336348,2.00,1.00,1.00,SHORT
031,031 - Al Mousa Tabuk - MAATC,336427,1.00,2.00,-1.00,OVER
033,033 - Sample Location - MAATC,336053,1.00,0.00,1.00,SHORT
033,033 - Sample Location - MAATC,336058,1.00,0.00,1.00,SHORT
033,033 - Sample Location - MAATC,336418,1.00,0.00,1.00,SHORT
033,033 - Sample Location - MAATC,336563,1.00,0.00,1.00,SHORT
034,034 - Lacaly Jeddah - MAATC,336006,1.00,0.00,1.00,SHORT
034,034 - Lacaly Jeddah - MAATC,336012,1.00,0.00,1.00,SHORT
034,034 - Lacaly Jeddah - MAATC,336043,6.00,7.00,-1.00,OVER
034,034 - Lacaly Jeddah - MAATC,336145,1.00,0.00,1.00,SHORT
034,034 - Lacaly Jeddah - MAATC,336146,1.00,0.00,1.00,SHORT
034,034 - Lacaly Jeddah - MAATC,336165,1.00,0.00,1.00,SHORT
034,034 - Lacaly Jeddah - MAATC,336203,3.00,2.00,1.00,SHORT
034,034 - Lacaly Jeddah - MAATC,336237,1.00,0.00,1.00,SHORT
034,034 - Lacaly Jeddah - MAATC,336248,1.00,0.00,1.00,SHORT
034,034 - Lacaly Jeddah - MAATC,336249,1.00,0.00,1.00,SHORT
034,034 - Lacaly Jeddah - MAATC,336345,1.00,0.00,1.00,SHORT
034,034 - Lacaly Jeddah - MAATC,336348,2.00,1.00,1.00,SHORT
034,034 - Lacaly Jeddah - MAATC,336350,1.00,0.00,1.00,SHORT
034,034 - Lacaly Jeddah - MAATC,336428,1.00,0.00,1.00,SHORT
034,034 - Lacaly Jeddah - MAATC,336436,2.00,3.00,-1.00,OVER
034,034 - Lacaly Jeddah - MAATC,336643,3.00,2.00,1.00,SHORT
035,035 - Lacali - MAATC,336006,1.00,0.00,1.00,SHORT
035,035 - Lacali - MAATC,336012,1.00,0.00,1.00,SHORT
035,035 - Lacali - MAATC,336145,1.00,0.00,1.00,SHORT
035,035 - Lacali - MAATC,336146,1.00,0.00,1.00,SHORT
035,035 - Lacali - MAATC,336165,1.00,0.00,1.00,SHORT
035,035 - Lacali - MAATC,336172,2.00,3.00,-1.00,OVER
035,035 - Lacali - MAATC,336208,2.00,3.00,-1.00,OVER
035,035 - Lacali - MAATC,336237,1.00,0.00,1.00,SHORT
035,035 - Lacali - MAATC,336248,1.00,0.00,1.00,SHORT
035,035 - Lacali - MAATC,336249,1.00,0.00,1.00,SHORT
035,035 - Lacali - MAATC,336345,1.00,0.00,1.00,SHORT
035,035 - Lacali - MAATC,336348,2.00,1.00,1.00,SHORT
035,035 - Lacali - MAATC,336350,1.00,0.00,1.00,SHORT
035,035 - Lacali - MAATC,336356,1.00,0.00,1.00,SHORT
035,035 - Lacali - MAATC,336428,1.00,0.00,1.00,SHORT
035,035 - Lacali - MAATC,336456,2.00,1.00,1.00,SHORT
036,036 - Lacaly Dareen Mall - MAATC,336006,1.00,0.00,1.00,SHORT
036,036 - Lacaly Dareen Mall - MAATC,336012,1.00,0.00,1.00,SHORT
036,036 - Lacaly Dareen Mall - MAATC,336115,1.00,2.00,-1.00,OVER
036,036 - Lacaly Dareen Mall - MAATC,336139,1.00,0.00,1.00,SHORT
036,036 - Lacaly Dareen Mall - MAATC,336145,1.00,0.00,1.00,SHORT
036,036 - Lacaly Dareen Mall - MAATC,336146,1.00,0.00,1.00,SHORT
036,036 - Lacaly Dareen Mall - MAATC,336165,1.00,0.00,1.00,SHORT
036,036 - Lacaly Dareen Mall - MAATC,336237,1.00,0.00,1.00,SHORT
036,036 - Lacaly Dareen Mall - MAATC,336248,1.00,0.00,1.00,SHORT
036,036 - Lacaly Dareen Mall - MAATC,336249,1.00,0.00,1.00,SHORT
036,036 - Lacaly Dareen Mall - MAATC,336345,1.00,0.00,1.00,SHORT
036,036 - Lacaly Dareen Mall - MAATC,336348,2.00,1.00,1.00,SHORT
036,036 - Lacaly Dareen Mall - MAATC,336350,1.00,0.00,1.00,SHORT
036,036 - Lacaly Dareen Mall - MAATC,336356,1.00,0.00,1.00,SHORT
036,036 - Lacaly Dareen Mall - MAATC,336427,1.00,0.00,1.00,SHORT
036,036 - Lacaly Dareen Mall - MAATC,336428,1.00,0.00,1.00,SHORT
036,036 - Lacaly Dareen Mall - MAATC,336430,2.00,1.00,1.00,SHORT
037,037 - Lacaly AlMahmal - MAATC,336006,1.00,0.00,1.00,SHORT
037,037 - Lacaly AlMahmal - MAATC,336012,1.00,0.00,1.00,SHORT
037,037 - Lacaly AlMahmal - MAATC,336047,6.00,7.00,-1.00,OVER
037,037 - Lacaly AlMahmal - MAATC,336058,4.00,3.00,1.00,SHORT
037,037 - Lacaly AlMahmal - MAATC,336115,1.00,0.00,1.00,SHORT
037,037 - Lacaly AlMahmal - MAATC,336129,1.00,2.00,-1.00,OVER
037,037 - Lacaly AlMahmal - MAATC,336132,2.00,1.00,1.00,SHORT
037,037 - Lacaly AlMahmal - MAATC,336139,1.00,0.00,1.00,SHORT
037,037 - Lacaly AlMahmal - MAATC,336144,2.00,1.00,1.00,SHORT
037,037 - Lacaly AlMahmal - MAATC,336145,1.00,0.00,1.00,SHORT
037,037 - Lacaly AlMahmal - MAATC,336146,1.00,0.00,1.00,SHORT
037,037 - Lacaly AlMahmal - MAATC,336165,1.00,0.00,1.00,SHORT
037,037 - Lacaly AlMahmal - MAATC,336173,3.00,2.00,1.00,SHORT
037,037 - Lacaly AlMahmal - MAATC,336237,1.00,0.00,1.00,SHORT
037,037 - Lacaly AlMahmal - MAATC,336248,1.00,0.00,1.00,SHORT
037,037 - Lacaly AlMahmal - MAATC,336249,1.00,0.00,1.00,SHORT
037,037 - Lacaly AlMahmal - MAATC,336345,1.00,0.00,1.00,SHORT
037,037 - Lacaly AlMahmal - MAATC,336348,2.00,1.00,1.00,SHORT
037,037 - Lacaly AlMahmal - MAATC,336350,1.00,0.00,1.00,SHORT
037,037 - Lacaly AlMahmal - MAATC,336356,1.00,0.00,1.00,SHORT
037,037 - Lacaly AlMahmal - MAATC,336428,1.00,0.00,1.00,SHORT
037,037 - Lacaly AlMahmal - MAATC,336460,2.00,1.00,1.00,SHORT
037,037 - Lacaly AlMahmal - MAATC,336501,1.00,0.00,1.00,SHORT
037,037 - Lacaly AlMahmal - MAATC,336528,2.00,1.00,1.00,SHORT
037,037 - Lacaly AlMahmal - MAATC,336541,1.00,0.00,1.00,SHORT
037,037 - Lacaly AlMahmal - MAATC,336563,3.00,4.00,-1.00,OVER
037,037 - Lacaly AlMahmal - MAATC,336577,1.00,0.00,1.00,SHORT
037,037 - Lacaly AlMahmal - MAATC,336717,1.00,2.00,-1.00,OVER
WH-MAIN,WH-MAIN (putaway),336050,0.00,1.00,-1.00,OVER
WH-MAIN,WH-MAIN (putaway),336051,0.00,1.00,-1.00,OVER
WH-MAIN,WH-MAIN (putaway),336054,0.00,1.00,-1.00,OVER
WH-MAIN,WH-MAIN (putaway),336056,0.00,1.00,-1.00,OVER
WH-MAIN,WH-MAIN (putaway),336130,0.00,1.00,-1.00,OVER
WH-MAIN,WH-MAIN (putaway),336152,0.00,1.00,-1.00,OVER
WH-MAIN,WH-MAIN (putaway),336165,0.00,1.00,-1.00,OVER
WH-MAIN,WH-MAIN (putaway),336168,0.00,1.00,-1.00,OVER
WH-MAIN,WH-MAIN (putaway),336201,0.00,1.00,-1.00,OVER
WH-MAIN,WH-MAIN (putaway),336203,0.00,1.00,-1.00,OVER
WH-MAIN,WH-MAIN (putaway),336443,0.00,1.00,-1.00,OVER
002,002 - Unaizah - Almoosa - MAATC,336048,6.00,6.00,0.00,OK
002,002 - Unaizah - Almoosa - MAATC,336049,6.00,6.00,0.00,OK
002,002 - Unaizah - Almoosa - MAATC,336050,6.00,6.00,0.00,OK
002,002 - Unaizah - Almoosa - MAATC,336051,6.00,6.00,0.00,OK
002,002 - Unaizah - Almoosa - MAATC,336052,6.00,6.00,0.00,OK
002,002 - Unaizah - Almoosa - MAATC,336053,6.00,6.00,0.00,OK
002,002 - Unaizah - Almoosa - MAATC,336054,6.00,6.00,0.00,OK
002,002 - Unaizah - Almoosa - MAATC,336055,6.00,6.00,0.00,OK
002,002 - Unaizah - Almoosa - MAATC,336056,6.00,6.00,0.00,OK
002,002 - Unaizah - Almoosa - MAATC,336057,2.00,2.00,0.00,OK
002,002 - Unaizah - Almoosa - MAATC,336058,4.00,4.00,0.00,OK
002,002 - Unaizah - Almoosa - MAATC,336059,2.00,2.00,0.00,OK
002,002 - Unaizah - Almoosa - MAATC,336060,2.00,2.00,0.00,OK
002,002 - Unaizah - Almoosa - MAATC,336061,4.00,4.00,0.00,OK
002,002 - Unaizah - Almoosa - MAATC,336062,2.00,2.00,0.00,OK
002,002 - Unaizah - Almoosa - MAATC,336063,2.00,2.00,0.00,OK
002,002 - Unaizah - Almoosa - MAATC,336064,4.00,4.00,0.00,OK
002,002 - Unaizah - Almoosa - MAATC,336065,2.00,2.00,0.00,OK
002,002 - Unaizah - Almoosa - MAATC,336066,2.00,2.00,0.00,OK
002,002 - Unaizah - Almoosa - MAATC,336067,4.00,4.00,0.00,OK
002,002 - Unaizah - Almoosa - MAATC,336068,2.00,2.00,0.00,OK
002,002 - Unaizah - Almoosa - MAATC,336069,2.00,2.00,0.00,OK
002,002 - Unaizah - Almoosa - MAATC,336070,4.00,4.00,0.00,OK
002,002 - Unaizah - Almoosa - MAATC,336071,2.00,2.00,0.00,OK
002,002 - Unaizah - Almoosa - MAATC,336072,2.00,2.00,0.00,OK
002,002 - Unaizah - Almoosa - MAATC,336073,4.00,4.00,0.00,OK
002,002 - Unaizah - Almoosa - MAATC,336074,2.00,2.00,0.00,OK
004,004 - Alras - Almoosa - MAATC,336048,6.00,6.00,0.00,OK
004,004 - Alras - Almoosa - MAATC,336049,6.00,6.00,0.00,OK
004,004 - Alras - Almoosa - MAATC,336050,6.00,6.00,0.00,OK
004,004 - Alras - Almoosa - MAATC,336051,6.00,6.00,0.00,OK
004,004 - Alras - Almoosa - MAATC,336052,6.00,6.00,0.00,OK
004,004 - Alras - Almoosa - MAATC,336053,6.00,6.00,0.00,OK
004,004 - Alras - Almoosa - MAATC,336054,6.00,6.00,0.00,OK
004,004 - Alras - Almoosa - MAATC,336055,6.00,6.00,0.00,OK
004,004 - Alras - Almoosa - MAATC,336056,6.00,6.00,0.00,OK
004,004 - Alras - Almoosa - MAATC,336057,2.00,2.00,0.00,OK
004,004 - Alras - Almoosa - MAATC,336058,4.00,4.00,0.00,OK
004,004 - Alras - Almoosa - MAATC,336059,2.00,2.00,0.00,OK
004,004 - Alras - Almoosa - MAATC,336060,2.00,2.00,0.00,OK
004,004 - Alras - Almoosa - MAATC,336061,4.00,4.00,0.00,OK
004,004 - Alras - Almoosa - MAATC,336062,2.00,2.00,0.00,OK
004,004 - Alras - Almoosa - MAATC,336063,2.00,2.00,0.00,OK
004,004 - Alras - Almoosa - MAATC,336064,4.00,4.00,0.00,OK
004,004 - Alras - Almoosa - MAATC,336065,2.00,2.00,0.00,OK
004,004 - Alras - Almoosa - MAATC,336066,2.00,2.00,0.00,OK
004,004 - Alras - Almoosa - MAATC,336067,4.00,4.00,0.00,OK
004,004 - Alras - Almoosa - MAATC,336068,2.00,2.00,0.00,OK
004,004 - Alras - Almoosa - MAATC,336069,2.00,2.00,0.00,OK
004,004 - Alras - Almoosa - MAATC,336070,4.00,4.00,0.00,OK
004,004 - Alras - Almoosa - MAATC,336071,2.00,2.00,0.00,OK
004,004 - Alras - Almoosa - MAATC,336072,2.00,2.00,0.00,OK
004,004 - Alras - Almoosa - MAATC,336073,4.00,4.00,0.00,OK
004,004 - Alras - Almoosa - MAATC,336074,2.00,2.00,0.00,OK
006,006 - Alhfof - Almoosa - MAATC,336006,1.00,1.00,0.00,OK
006,006 - Alhfof - Almoosa - MAATC,336007,3.00,3.00,0.00,OK
006,006 - Alhfof - Almoosa - MAATC,336008,3.00,3.00,0.00,OK
006,006 - Alhfof - Almoosa - MAATC,336009,2.00,2.00,0.00,OK
006,006 - Alhfof - Almoosa - MAATC,336010,1.00,1.00,0.00,OK
006,006 - Alhfof - Almoosa - MAATC,336011,1.00,1.00,0.00,OK
006,006 - Alhfof - Almoosa - MAATC,336013,3.00,3.00,0.00,OK
006,006 - Alhfof - Almoosa - MAATC,336014,3.00,3.00,0.00,OK
006,006 - Alhfof - Almoosa - MAATC,336015,2.00,2.00,0.00,OK
006,006 - Alhfof - Almoosa - MAATC,336016,1.00,1.00,0.00,OK
006,006 - Alhfof - Almoosa - MAATC,336017,1.00,1.00,0.00,OK
006,006 - Alhfof - Almoosa - MAATC,336018,1.00,1.00,0.00,OK
006,006 - Alhfof - Almoosa - MAATC,336019,2.00,2.00,0.00,OK
006,006 - Alhfof - Almoosa - MAATC,336020,3.00,3.00,0.00,OK
006,006 - Alhfof - Almoosa - MAATC,336021,3.00,3.00,0.00,OK
006,006 - Alhfof - Almoosa - MAATC,336022,3.00,3.00,0.00,OK
006,006 - Alhfof - Almoosa - MAATC,336023,1.00,1.00,0.00,OK
006,006 - Alhfof - Almoosa - MAATC,336024,2.00,2.00,0.00,OK
006,006 - Alhfof - Almoosa - MAATC,336025,3.00,3.00,0.00,OK
006,006 - Alhfof - Almoosa - MAATC,336026,3.00,3.00,0.00,OK
006,006 - Alhfof - Almoosa - MAATC,336027,3.00,3.00,0.00,OK
006,006 - Alhfof - Almoosa - MAATC,336028,1.00,1.00,0.00,OK
006,006 - Alhfof - Almoosa - MAATC,336029,2.00,2.00,0.00,OK
006,006 - Alhfof - Almoosa - MAATC,336030,3.00,3.00,0.00,OK
006,006 - Alhfof - Almoosa - MAATC,336031,3.00,3.00,0.00,OK
006,006 - Alhfof - Almoosa - MAATC,336032,3.00,3.00,0.00,OK
006,006 - Alhfof - Almoosa - MAATC,336038,6.00,6.00,0.00,OK
006,006 - Alhfof - Almoosa - MAATC,336039,6.00,6.00,0.00,OK
006,006 - Alhfof - Almoosa - MAATC,336040,6.00,6.00,0.00,OK
006,006 - Alhfof - Almoosa - MAATC,336041,6.00,6.00,0.00,OK
006,006 - Alhfof - Almoosa - MAATC,336042,6.00,6.00,0.00,OK
006,006 - Alhfof - Almoosa - MAATC,336043,6.00,6.00,0.00,OK
006,006 - Alhfof - Almoosa - MAATC,336044,6.00,6.00,0.00,OK
006,006 - Alhfof - Almoosa - MAATC,336045,6.00,6.00,0.00,OK
006,006 - Alhfof - Almoosa - MAATC,336046,6.00,6.00,0.00,OK
006,006 - Alhfof - Almoosa - MAATC,336047,6.00,6.00,0.00,OK
006,006 - Alhfof - Almoosa - MAATC,336048,9.00,9.00,0.00,OK
006,006 - Alhfof - Almoosa - MAATC,336049,9.00,9.00,0.00,OK
006,006 - Alhfof - Almoosa - MAATC,336050,9.00,9.00,0.00,OK
006,006 - Alhfof - Almoosa - MAATC,336051,9.00,9.00,0.00,OK
006,006 - Alhfof - Almoosa - MAATC,336052,9.00,9.00,0.00,OK
006,006 - Alhfof - Almoosa - MAATC,336053,9.00,9.00,0.00,OK
006,006 - Alhfof - Almoosa - MAATC,336054,9.00,9.00,0.00,OK
006,006 - Alhfof - Almoosa - MAATC,336055,9.00,9.00,0.00,OK
006,006 - Alhfof - Almoosa - MAATC,336056,9.00,9.00,0.00,OK
006,006 - Alhfof - Almoosa - MAATC,336057,2.00,2.00,0.00,OK
006,006 - Alhfof - Almoosa - MAATC,336058,4.00,4.00,0.00,OK
006,006 - Alhfof - Almoosa - MAATC,336059,2.00,2.00,0.00,OK
006,006 - Alhfof - Almoosa - MAATC,336060,2.00,2.00,0.00,OK
006,006 - Alhfof - Almoosa - MAATC,336061,4.00,4.00,0.00,OK
006,006 - Alhfof - Almoosa - MAATC,336062,2.00,2.00,0.00,OK
006,006 - Alhfof - Almoosa - MAATC,336063,2.00,2.00,0.00,OK
006,006 - Alhfof - Almoosa - MAATC,336064,4.00,4.00,0.00,OK
006,006 - Alhfof - Almoosa - MAATC,336065,2.00,2.00,0.00,OK
006,006 - Alhfof - Almoosa - MAATC,336066,2.00,2.00,0.00,OK
006,006 - Alhfof - Almoosa - MAATC,336067,4.00,4.00,0.00,OK
006,006 - Alhfof - Almoosa - MAATC,336068,2.00,2.00,0.00,OK
006,006 - Alhfof - Almoosa - MAATC,336069,2.00,2.00,0.00,OK
006,006 - Alhfof - Almoosa - MAATC,336070,4.00,4.00,0.00,OK
006,006 - Alhfof - Almoosa - MAATC,336071,2.00,2.00,0.00,OK
006,006 - Alhfof - Almoosa - MAATC,336072,2.00,2.00,0.00,OK
006,006 - Alhfof - Almoosa - MAATC,336073,4.00,4.00,0.00,OK
006,006 - Alhfof - Almoosa - MAATC,336074,2.00,2.00,0.00,OK
006,006 - Alhfof - Almoosa - MAATC,336075,1.00,1.00,0.00,OK
006,006 - Alhfof - Almoosa - MAATC,336076,2.00,2.00,0.00,OK
006,006 - Alhfof - Almoosa - MAATC,336077,3.00,3.00,0.00,OK
006,006 - Alhfof - Almoosa - MAATC,336078,3.00,3.00,0.00,OK
006,006 - Alhfof - Almoosa - MAATC,336079,2.00,2.00,0.00,OK
006,006 - Alhfof - Almoosa - MAATC,336080,1.00,1.00,0.00,OK
006,006 - Alhfof - Almoosa - MAATC,336111,1.00,1.00,0.00,OK
006,006 - Alhfof - Almoosa - MAATC,336112,2.00,2.00,0.00,OK
006,006 - Alhfof - Almoosa - MAATC,336113,3.00,3.00,0.00,OK
006,006 - Alhfof - Almoosa - MAATC,336114,2.00,2.00,0.00,OK
006,006 - Alhfof - Almoosa - MAATC,336115,1.00,1.00,0.00,OK
006,006 - Alhfof - Almoosa - MAATC,336116,1.00,1.00,0.00,OK
006,006 - Alhfof - Almoosa - MAATC,336117,1.00,1.00,0.00,OK
006,006 - Alhfof - Almoosa - MAATC,336119,3.00,3.00,0.00,OK
006,006 - Alhfof - Almoosa - MAATC,336120,2.00,2.00,0.00,OK
006,006 - Alhfof - Almoosa - MAATC,336121,1.00,1.00,0.00,OK
006,006 - Alhfof - Almoosa - MAATC,336122,1.00,1.00,0.00,OK
006,006 - Alhfof - Almoosa - MAATC,336123,1.00,1.00,0.00,OK
006,006 - Alhfof - Almoosa - MAATC,336124,2.00,2.00,0.00,OK
006,006 - Alhfof - Almoosa - MAATC,336125,3.00,3.00,0.00,OK
006,006 - Alhfof - Almoosa - MAATC,336126,2.00,2.00,0.00,OK
006,006 - Alhfof - Almoosa - MAATC,336127,1.00,1.00,0.00,OK
006,006 - Alhfof - Almoosa - MAATC,336129,1.00,1.00,0.00,OK
006,006 - Alhfof - Almoosa - MAATC,336130,2.00,2.00,0.00,OK
006,006 - Alhfof - Almoosa - MAATC,336133,1.00,1.00,0.00,OK
006,006 - Alhfof - Almoosa - MAATC,336134,1.00,1.00,0.00,OK
006,006 - Alhfof - Almoosa - MAATC,336135,1.00,1.00,0.00,OK
006,006 - Alhfof - Almoosa - MAATC,336136,2.00,2.00,0.00,OK
006,006 - Alhfof - Almoosa - MAATC,336137,3.00,3.00,0.00,OK
006,006 - Alhfof - Almoosa - MAATC,336138,2.00,2.00,0.00,OK
006,006 - Alhfof - Almoosa - MAATC,336140,1.00,1.00,0.00,OK
006,006 - Alhfof - Almoosa - MAATC,336141,1.00,1.00,0.00,OK
006,006 - Alhfof - Almoosa - MAATC,336142,2.00,2.00,0.00,OK
006,006 - Alhfof - Almoosa - MAATC,336143,3.00,3.00,0.00,OK
006,006 - Alhfof - Almoosa - MAATC,336146,1.00,1.00,0.00,OK
006,006 - Alhfof - Almoosa - MAATC,336147,1.00,1.00,0.00,OK
006,006 - Alhfof - Almoosa - MAATC,336148,2.00,2.00,0.00,OK
006,006 - Alhfof - Almoosa - MAATC,336150,2.00,2.00,0.00,OK
006,006 - Alhfof - Almoosa - MAATC,336152,1.00,1.00,0.00,OK
006,006 - Alhfof - Almoosa - MAATC,336153,1.00,1.00,0.00,OK
006,006 - Alhfof - Almoosa - MAATC,336154,2.00,2.00,0.00,OK
006,006 - Alhfof - Almoosa - MAATC,336155,3.00,3.00,0.00,OK
006,006 - Alhfof - Almoosa - MAATC,336156,2.00,2.00,0.00,OK
006,006 - Alhfof - Almoosa - MAATC,336157,1.00,1.00,0.00,OK
006,006 - Alhfof - Almoosa - MAATC,336158,1.00,1.00,0.00,OK
006,006 - Alhfof - Almoosa - MAATC,336159,1.00,1.00,0.00,OK
006,006 - Alhfof - Almoosa - MAATC,336160,2.00,2.00,0.00,OK
006,006 - Alhfof - Almoosa - MAATC,336161,3.00,3.00,0.00,OK
006,006 - Alhfof - Almoosa - MAATC,336163,1.00,1.00,0.00,OK
006,006 - Alhfof - Almoosa - MAATC,336164,1.00,1.00,0.00,OK
006,006 - Alhfof - Almoosa - MAATC,336165,1.00,1.00,0.00,OK
006,006 - Alhfof - Almoosa - MAATC,336166,2.00,2.00,0.00,OK
006,006 - Alhfof - Almoosa - MAATC,336168,2.00,2.00,0.00,OK
006,006 - Alhfof - Almoosa - MAATC,336169,1.00,1.00,0.00,OK
006,006 - Alhfof - Almoosa - MAATC,336170,1.00,1.00,0.00,OK
006,006 - Alhfof - Almoosa - MAATC,336171,1.00,1.00,0.00,OK
006,006 - Alhfof - Almoosa - MAATC,336174,2.00,2.00,0.00,OK
006,006 - Alhfof - Almoosa - MAATC,336175,1.00,1.00,0.00,OK
006,006 - Alhfof - Almoosa - MAATC,336176,1.00,1.00,0.00,OK
006,006 - Alhfof - Almoosa - MAATC,336177,1.00,1.00,0.00,OK
006,006 - Alhfof - Almoosa - MAATC,336178,2.00,2.00,0.00,OK
006,006 - Alhfof - Almoosa - MAATC,336179,3.00,3.00,0.00,OK
006,006 - Alhfof - Almoosa - MAATC,336180,2.00,2.00,0.00,OK
006,006 - Alhfof - Almoosa - MAATC,336181,1.00,1.00,0.00,OK
006,006 - Alhfof - Almoosa - MAATC,336182,1.00,1.00,0.00,OK
006,006 - Alhfof - Almoosa - MAATC,336183,1.00,1.00,0.00,OK
006,006 - Alhfof - Almoosa - MAATC,336184,2.00,2.00,0.00,OK
006,006 - Alhfof - Almoosa - MAATC,336185,3.00,3.00,0.00,OK
006,006 - Alhfof - Almoosa - MAATC,336186,2.00,2.00,0.00,OK
006,006 - Alhfof - Almoosa - MAATC,336187,1.00,1.00,0.00,OK
006,006 - Alhfof - Almoosa - MAATC,336188,1.00,1.00,0.00,OK
006,006 - Alhfof - Almoosa - MAATC,336189,1.00,1.00,0.00,OK
006,006 - Alhfof - Almoosa - MAATC,336190,2.00,2.00,0.00,OK
006,006 - Alhfof - Almoosa - MAATC,336192,2.00,2.00,0.00,OK
006,006 - Alhfof - Almoosa - MAATC,336193,1.00,1.00,0.00,OK
006,006 - Alhfof - Almoosa - MAATC,336194,1.00,1.00,0.00,OK
006,006 - Alhfof - Almoosa - MAATC,336196,2.00,2.00,0.00,OK
006,006 - Alhfof - Almoosa - MAATC,336197,3.00,3.00,0.00,OK
006,006 - Alhfof - Almoosa - MAATC,336200,1.00,1.00,0.00,OK
006,006 - Alhfof - Almoosa - MAATC,336202,2.00,2.00,0.00,OK
006,006 - Alhfof - Almoosa - MAATC,336205,1.00,1.00,0.00,OK
006,006 - Alhfof - Almoosa - MAATC,336206,1.00,1.00,0.00,OK
006,006 - Alhfof - Almoosa - MAATC,336207,1.00,1.00,0.00,OK
006,006 - Alhfof - Almoosa - MAATC,336209,3.00,3.00,0.00,OK
006,006 - Alhfof - Almoosa - MAATC,336211,1.00,1.00,0.00,OK
006,006 - Alhfof - Almoosa - MAATC,336212,1.00,1.00,0.00,OK
006,006 - Alhfof - Almoosa - MAATC,336213,1.00,1.00,0.00,OK
006,006 - Alhfof - Almoosa - MAATC,336214,2.00,2.00,0.00,OK
006,006 - Alhfof - Almoosa - MAATC,336215,3.00,3.00,0.00,OK
006,006 - Alhfof - Almoosa - MAATC,336217,1.00,1.00,0.00,OK
006,006 - Alhfof - Almoosa - MAATC,336218,1.00,1.00,0.00,OK
006,006 - Alhfof - Almoosa - MAATC,336219,1.00,1.00,0.00,OK
006,006 - Alhfof - Almoosa - MAATC,336220,2.00,2.00,0.00,OK
006,006 - Alhfof - Almoosa - MAATC,336221,3.00,3.00,0.00,OK
006,006 - Alhfof - Almoosa - MAATC,336222,2.00,2.00,0.00,OK
006,006 - Alhfof - Almoosa - MAATC,336223,1.00,1.00,0.00,OK
006,006 - Alhfof - Almoosa - MAATC,336224,1.00,1.00,0.00,OK
006,006 - Alhfof - Almoosa - MAATC,336225,1.00,1.00,0.00,OK
006,006 - Alhfof - Almoosa - MAATC,336226,2.00,2.00,0.00,OK
006,006 - Alhfof - Almoosa - MAATC,336227,3.00,3.00,0.00,OK
006,006 - Alhfof - Almoosa - MAATC,336228,2.00,2.00,0.00,OK
006,006 - Alhfof - Almoosa - MAATC,336229,1.00,1.00,0.00,OK
006,006 - Alhfof - Almoosa - MAATC,336230,1.00,1.00,0.00,OK
006,006 - Alhfof - Almoosa - MAATC,336231,1.00,1.00,0.00,OK
006,006 - Alhfof - Almoosa - MAATC,336232,2.00,2.00,0.00,OK
006,006 - Alhfof - Almoosa - MAATC,336233,3.00,3.00,0.00,OK
006,006 - Alhfof - Almoosa - MAATC,336234,2.00,2.00,0.00,OK
006,006 - Alhfof - Almoosa - MAATC,336235,1.00,1.00,0.00,OK
006,006 - Alhfof - Almoosa - MAATC,336236,1.00,1.00,0.00,OK
006,006 - Alhfof - Almoosa - MAATC,336239,3.00,3.00,0.00,OK
006,006 - Alhfof - Almoosa - MAATC,336240,2.00,2.00,0.00,OK
006,006 - Alhfof - Almoosa - MAATC,336241,1.00,1.00,0.00,OK
006,006 - Alhfof - Almoosa - MAATC,336242,1.00,1.00,0.00,OK
006,006 - Alhfof - Almoosa - MAATC,336243,1.00,1.00,0.00,OK
006,006 - Alhfof - Almoosa - MAATC,336244,2.00,2.00,0.00,OK
006,006 - Alhfof - Almoosa - MAATC,336245,3.00,3.00,0.00,OK
006,006 - Alhfof - Almoosa - MAATC,336246,2.00,2.00,0.00,OK
006,006 - Alhfof - Almoosa - MAATC,336247,1.00,1.00,0.00,OK
006,006 - Alhfof - Almoosa - MAATC,336251,3.00,3.00,0.00,OK
006,006 - Alhfof - Almoosa - MAATC,336252,2.00,2.00,0.00,OK
006,006 - Alhfof - Almoosa - MAATC,336253,1.00,1.00,0.00,OK
006,006 - Alhfof - Almoosa - MAATC,336254,1.00,1.00,0.00,OK
006,006 - Alhfof - Almoosa - MAATC,336255,1.00,1.00,0.00,OK
006,006 - Alhfof - Almoosa - MAATC,336256,2.00,2.00,0.00,OK
006,006 - Alhfof - Almoosa - MAATC,336258,2.00,2.00,0.00,OK
006,006 - Alhfof - Almoosa - MAATC,336259,1.00,1.00,0.00,OK
006,006 - Alhfof - Almoosa - MAATC,336260,1.00,1.00,0.00,OK
006,006 - Alhfof - Almoosa - MAATC,336261,1.00,1.00,0.00,OK
006,006 - Alhfof - Almoosa - MAATC,336262,2.00,2.00,0.00,OK
006,006 - Alhfof - Almoosa - MAATC,336263,3.00,3.00,0.00,OK
006,006 - Alhfof - Almoosa - MAATC,336264,2.00,2.00,0.00,OK
006,006 - Alhfof - Almoosa - MAATC,336265,1.00,1.00,0.00,OK
006,006 - Alhfof - Almoosa - MAATC,336266,1.00,1.00,0.00,OK
006,006 - Alhfof - Almoosa - MAATC,336267,1.00,1.00,0.00,OK
006,006 - Alhfof - Almoosa - MAATC,336269,3.00,3.00,0.00,OK
006,006 - Alhfof - Almoosa - MAATC,336270,2.00,2.00,0.00,OK
006,006 - Alhfof - Almoosa - MAATC,336271,1.00,1.00,0.00,OK
006,006 - Alhfof - Almoosa - MAATC,336272,1.00,1.00,0.00,OK
006,006 - Alhfof - Almoosa - MAATC,336273,1.00,1.00,0.00,OK
006,006 - Alhfof - Almoosa - MAATC,336274,2.00,2.00,0.00,OK
006,006 - Alhfof - Almoosa - MAATC,336275,3.00,3.00,0.00,OK
006,006 - Alhfof - Almoosa - MAATC,336276,2.00,2.00,0.00,OK
006,006 - Alhfof - Almoosa - MAATC,336277,1.00,1.00,0.00,OK
006,006 - Alhfof - Almoosa - MAATC,336278,1.00,1.00,0.00,OK
006,006 - Alhfof - Almoosa - MAATC,336279,1.00,1.00,0.00,OK
006,006 - Alhfof - Almoosa - MAATC,336280,2.00,2.00,0.00,OK
006,006 - Alhfof - Almoosa - MAATC,336282,2.00,2.00,0.00,OK
006,006 - Alhfof - Almoosa - MAATC,336283,1.00,1.00,0.00,OK
006,006 - Alhfof - Almoosa - MAATC,336284,1.00,1.00,0.00,OK
006,006 - Alhfof - Almoosa - MAATC,336285,1.00,1.00,0.00,OK
006,006 - Alhfof - Almoosa - MAATC,336286,2.00,2.00,0.00,OK
006,006 - Alhfof - Almoosa - MAATC,336287,3.00,3.00,0.00,OK
006,006 - Alhfof - Almoosa - MAATC,336288,2.00,2.00,0.00,OK
006,006 - Alhfof - Almoosa - MAATC,336289,1.00,1.00,0.00,OK
006,006 - Alhfof - Almoosa - MAATC,336291,1.00,1.00,0.00,OK
006,006 - Alhfof - Almoosa - MAATC,336292,2.00,2.00,0.00,OK
006,006 - Alhfof - Almoosa - MAATC,336293,3.00,3.00,0.00,OK
006,006 - Alhfof - Almoosa - MAATC,336294,2.00,2.00,0.00,OK
006,006 - Alhfof - Almoosa - MAATC,336295,1.00,1.00,0.00,OK
006,006 - Alhfof - Almoosa - MAATC,336296,1.00,1.00,0.00,OK
006,006 - Alhfof - Almoosa - MAATC,336297,1.00,1.00,0.00,OK
006,006 - Alhfof - Almoosa - MAATC,336298,2.00,2.00,0.00,OK
006,006 - Alhfof - Almoosa - MAATC,336299,3.00,3.00,0.00,OK
006,006 - Alhfof - Almoosa - MAATC,336300,2.00,2.00,0.00,OK
006,006 - Alhfof - Almoosa - MAATC,336301,1.00,1.00,0.00,OK
006,006 - Alhfof - Almoosa - MAATC,336302,1.00,1.00,0.00,OK
006,006 - Alhfof - Almoosa - MAATC,336303,1.00,1.00,0.00,OK
006,006 - Alhfof - Almoosa - MAATC,336304,2.00,2.00,0.00,OK
006,006 - Alhfof - Almoosa - MAATC,336305,3.00,3.00,0.00,OK
006,006 - Alhfof - Almoosa - MAATC,336306,2.00,2.00,0.00,OK
006,006 - Alhfof - Almoosa - MAATC,336307,1.00,1.00,0.00,OK
006,006 - Alhfof - Almoosa - MAATC,336308,1.00,1.00,0.00,OK
006,006 - Alhfof - Almoosa - MAATC,336309,1.00,1.00,0.00,OK
006,006 - Alhfof - Almoosa - MAATC,336310,2.00,2.00,0.00,OK
006,006 - Alhfof - Almoosa - MAATC,336311,3.00,3.00,0.00,OK
006,006 - Alhfof - Almoosa - MAATC,336312,2.00,2.00,0.00,OK
006,006 - Alhfof - Almoosa - MAATC,336313,1.00,1.00,0.00,OK
006,006 - Alhfof - Almoosa - MAATC,336314,1.00,1.00,0.00,OK
006,006 - Alhfof - Almoosa - MAATC,336315,1.00,1.00,0.00,OK
006,006 - Alhfof - Almoosa - MAATC,336316,2.00,2.00,0.00,OK
006,006 - Alhfof - Almoosa - MAATC,336317,3.00,3.00,0.00,OK
006,006 - Alhfof - Almoosa - MAATC,336318,2.00,2.00,0.00,OK
006,006 - Alhfof - Almoosa - MAATC,336319,1.00,1.00,0.00,OK
006,006 - Alhfof - Almoosa - MAATC,336320,1.00,1.00,0.00,OK
006,006 - Alhfof - Almoosa - MAATC,336321,1.00,1.00,0.00,OK
006,006 - Alhfof - Almoosa - MAATC,336322,2.00,2.00,0.00,OK
006,006 - Alhfof - Almoosa - MAATC,336323,3.00,3.00,0.00,OK
006,006 - Alhfof - Almoosa - MAATC,336324,2.00,2.00,0.00,OK
006,006 - Alhfof - Almoosa - MAATC,336325,1.00,1.00,0.00,OK
006,006 - Alhfof - Almoosa - MAATC,336326,1.00,1.00,0.00,OK
006,006 - Alhfof - Almoosa - MAATC,336327,1.00,1.00,0.00,OK
006,006 - Alhfof - Almoosa - MAATC,336328,2.00,2.00,0.00,OK
006,006 - Alhfof - Almoosa - MAATC,336329,3.00,3.00,0.00,OK
006,006 - Alhfof - Almoosa - MAATC,336330,2.00,2.00,0.00,OK
006,006 - Alhfof - Almoosa - MAATC,336331,1.00,1.00,0.00,OK
006,006 - Alhfof - Almoosa - MAATC,336332,1.00,1.00,0.00,OK
006,006 - Alhfof - Almoosa - MAATC,336333,1.00,1.00,0.00,OK
006,006 - Alhfof - Almoosa - MAATC,336334,2.00,2.00,0.00,OK
006,006 - Alhfof - Almoosa - MAATC,336335,3.00,3.00,0.00,OK
006,006 - Alhfof - Almoosa - MAATC,336336,2.00,2.00,0.00,OK
006,006 - Alhfof - Almoosa - MAATC,336337,1.00,1.00,0.00,OK
006,006 - Alhfof - Almoosa - MAATC,336338,1.00,1.00,0.00,OK
006,006 - Alhfof - Almoosa - MAATC,336339,1.00,1.00,0.00,OK
006,006 - Alhfof - Almoosa - MAATC,336340,2.00,2.00,0.00,OK
006,006 - Alhfof - Almoosa - MAATC,336341,3.00,3.00,0.00,OK
006,006 - Alhfof - Almoosa - MAATC,336342,2.00,2.00,0.00,OK
006,006 - Alhfof - Almoosa - MAATC,336343,1.00,1.00,0.00,OK
006,006 - Alhfof - Almoosa - MAATC,336344,1.00,1.00,0.00,OK
006,006 - Alhfof - Almoosa - MAATC,336346,2.00,2.00,0.00,OK
006,006 - Alhfof - Almoosa - MAATC,336349,1.00,1.00,0.00,OK
006,006 - Alhfof - Almoosa - MAATC,336351,1.00,1.00,0.00,OK
006,006 - Alhfof - Almoosa - MAATC,336352,2.00,2.00,0.00,OK
006,006 - Alhfof - Almoosa - MAATC,336353,3.00,3.00,0.00,OK
006,006 - Alhfof - Almoosa - MAATC,336355,1.00,1.00,0.00,OK
006,006 - Alhfof - Almoosa - MAATC,336357,1.00,1.00,0.00,OK
006,006 - Alhfof - Almoosa - MAATC,336358,2.00,2.00,0.00,OK
006,006 - Alhfof - Almoosa - MAATC,336359,3.00,3.00,0.00,OK
006,006 - Alhfof - Almoosa - MAATC,336360,2.00,2.00,0.00,OK
006,006 - Alhfof - Almoosa - MAATC,336361,1.00,1.00,0.00,OK
006,006 - Alhfof - Almoosa - MAATC,336362,1.00,1.00,0.00,OK
006,006 - Alhfof - Almoosa - MAATC,336363,1.00,1.00,0.00,OK
006,006 - Alhfof - Almoosa - MAATC,336364,2.00,2.00,0.00,OK
006,006 - Alhfof - Almoosa - MAATC,336365,3.00,3.00,0.00,OK
006,006 - Alhfof - Almoosa - MAATC,336366,2.00,2.00,0.00,OK
006,006 - Alhfof - Almoosa - MAATC,336367,1.00,1.00,0.00,OK
006,006 - Alhfof - Almoosa - MAATC,336368,1.00,1.00,0.00,OK
006,006 - Alhfof - Almoosa - MAATC,336387,1.00,1.00,0.00,OK
006,006 - Alhfof - Almoosa - MAATC,336390,2.00,2.00,0.00,OK
006,006 - Alhfof - Almoosa - MAATC,336391,1.00,1.00,0.00,OK
006,006 - Alhfof - Almoosa - MAATC,336392,1.00,1.00,0.00,OK
006,006 - Alhfof - Almoosa - MAATC,336393,1.00,1.00,0.00,OK
006,006 - Alhfof - Almoosa - MAATC,336394,2.00,2.00,0.00,OK
006,006 - Alhfof - Almoosa - MAATC,336395,3.00,3.00,0.00,OK
006,006 - Alhfof - Almoosa - MAATC,336397,1.00,1.00,0.00,OK
006,006 - Alhfof - Almoosa - MAATC,336398,1.00,1.00,0.00,OK
006,006 - Alhfof - Almoosa - MAATC,336399,1.00,1.00,0.00,OK
006,006 - Alhfof - Almoosa - MAATC,336400,2.00,2.00,0.00,OK
006,006 - Alhfof - Almoosa - MAATC,336402,2.00,2.00,0.00,OK
006,006 - Alhfof - Almoosa - MAATC,336403,1.00,1.00,0.00,OK
006,006 - Alhfof - Almoosa - MAATC,336404,1.00,1.00,0.00,OK
006,006 - Alhfof - Almoosa - MAATC,336405,1.00,1.00,0.00,OK
006,006 - Alhfof - Almoosa - MAATC,336406,2.00,2.00,0.00,OK
006,006 - Alhfof - Almoosa - MAATC,336407,3.00,3.00,0.00,OK
006,006 - Alhfof - Almoosa - MAATC,336408,2.00,2.00,0.00,OK
006,006 - Alhfof - Almoosa - MAATC,336409,1.00,1.00,0.00,OK
006,006 - Alhfof - Almoosa - MAATC,336410,1.00,1.00,0.00,OK
006,006 - Alhfof - Almoosa - MAATC,336411,1.00,1.00,0.00,OK
006,006 - Alhfof - Almoosa - MAATC,336412,2.00,2.00,0.00,OK
006,006 - Alhfof - Almoosa - MAATC,336413,3.00,3.00,0.00,OK
006,006 - Alhfof - Almoosa - MAATC,336414,2.00,2.00,0.00,OK
006,006 - Alhfof - Almoosa - MAATC,336415,1.00,1.00,0.00,OK
006,006 - Alhfof - Almoosa - MAATC,336416,1.00,1.00,0.00,OK
006,006 - Alhfof - Almoosa - MAATC,336417,1.00,1.00,0.00,OK
006,006 - Alhfof - Almoosa - MAATC,336418,2.00,2.00,0.00,OK
006,006 - Alhfof - Almoosa - MAATC,336419,3.00,3.00,0.00,OK
006,006 - Alhfof - Almoosa - MAATC,336421,1.00,1.00,0.00,OK
006,006 - Alhfof - Almoosa - MAATC,336422,1.00,1.00,0.00,OK
006,006 - Alhfof - Almoosa - MAATC,336423,1.00,1.00,0.00,OK
006,006 - Alhfof - Almoosa - MAATC,336425,3.00,3.00,0.00,OK
006,006 - Alhfof - Almoosa - MAATC,336426,2.00,2.00,0.00,OK
006,006 - Alhfof - Almoosa - MAATC,336427,1.00,1.00,0.00,OK
006,006 - Alhfof - Almoosa - MAATC,336429,1.00,1.00,0.00,OK
006,006 - Alhfof - Almoosa - MAATC,336430,2.00,2.00,0.00,OK
006,006 - Alhfof - Almoosa - MAATC,336431,3.00,3.00,0.00,OK
006,006 - Alhfof - Almoosa - MAATC,336432,2.00,2.00,0.00,OK
006,006 - Alhfof - Almoosa - MAATC,336433,1.00,1.00,0.00,OK
006,006 - Alhfof - Almoosa - MAATC,336434,1.00,1.00,0.00,OK
006,006 - Alhfof - Almoosa - MAATC,336435,1.00,1.00,0.00,OK
006,006 - Alhfof - Almoosa - MAATC,336437,3.00,3.00,0.00,OK
006,006 - Alhfof - Almoosa - MAATC,336438,2.00,2.00,0.00,OK
006,006 - Alhfof - Almoosa - MAATC,336439,1.00,1.00,0.00,OK
006,006 - Alhfof - Almoosa - MAATC,336440,1.00,1.00,0.00,OK
006,006 - Alhfof - Almoosa - MAATC,336441,1.00,1.00,0.00,OK
006,006 - Alhfof - Almoosa - MAATC,336443,3.00,3.00,0.00,OK
006,006 - Alhfof - Almoosa - MAATC,336444,2.00,2.00,0.00,OK
006,006 - Alhfof - Almoosa - MAATC,336445,1.00,1.00,0.00,OK
006,006 - Alhfof - Almoosa - MAATC,336446,1.00,1.00,0.00,OK
006,006 - Alhfof - Almoosa - MAATC,336447,1.00,1.00,0.00,OK
006,006 - Alhfof - Almoosa - MAATC,336449,3.00,3.00,0.00,OK
006,006 - Alhfof - Almoosa - MAATC,336450,2.00,2.00,0.00,OK
006,006 - Alhfof - Almoosa - MAATC,336451,1.00,1.00,0.00,OK
006,006 - Alhfof - Almoosa - MAATC,336452,1.00,1.00,0.00,OK
006,006 - Alhfof - Almoosa - MAATC,336453,1.00,1.00,0.00,OK
006,006 - Alhfof - Almoosa - MAATC,336454,2.00,2.00,0.00,OK
006,006 - Alhfof - Almoosa - MAATC,336455,3.00,3.00,0.00,OK
006,006 - Alhfof - Almoosa - MAATC,336457,1.00,1.00,0.00,OK
006,006 - Alhfof - Almoosa - MAATC,336458,1.00,1.00,0.00,OK
006,006 - Alhfof - Almoosa - MAATC,336459,1.00,1.00,0.00,OK
006,006 - Alhfof - Almoosa - MAATC,336462,2.00,2.00,0.00,OK
006,006 - Alhfof - Almoosa - MAATC,336463,1.00,1.00,0.00,OK
006,006 - Alhfof - Almoosa - MAATC,336464,1.00,1.00,0.00,OK
006,006 - Alhfof - Almoosa - MAATC,336465,1.00,1.00,0.00,OK
006,006 - Alhfof - Almoosa - MAATC,336466,2.00,2.00,0.00,OK
006,006 - Alhfof - Almoosa - MAATC,336468,2.00,2.00,0.00,OK
006,006 - Alhfof - Almoosa - MAATC,336470,1.00,1.00,0.00,OK
006,006 - Alhfof - Almoosa - MAATC,336471,1.00,1.00,0.00,OK
006,006 - Alhfof - Almoosa - MAATC,336472,2.00,2.00,0.00,OK
006,006 - Alhfof - Almoosa - MAATC,336473,2.00,2.00,0.00,OK
006,006 - Alhfof - Almoosa - MAATC,336474,2.00,2.00,0.00,OK
006,006 - Alhfof - Almoosa - MAATC,336475,1.00,1.00,0.00,OK
006,006 - Alhfof - Almoosa - MAATC,336476,1.00,1.00,0.00,OK
006,006 - Alhfof - Almoosa - MAATC,336477,1.00,1.00,0.00,OK
006,006 - Alhfof - Almoosa - MAATC,336478,2.00,2.00,0.00,OK
006,006 - Alhfof - Almoosa - MAATC,336479,3.00,3.00,0.00,OK
006,006 - Alhfof - Almoosa - MAATC,336480,2.00,2.00,0.00,OK
006,006 - Alhfof - Almoosa - MAATC,336481,1.00,1.00,0.00,OK
006,006 - Alhfof - Almoosa - MAATC,336482,1.00,1.00,0.00,OK
007,007 - Buridah - Almoosa - MAATC,336018,1.00,1.00,0.00,OK
007,007 - Buridah - Almoosa - MAATC,336019,2.00,2.00,0.00,OK
007,007 - Buridah - Almoosa - MAATC,336020,3.00,3.00,0.00,OK
007,007 - Buridah - Almoosa - MAATC,336021,3.00,3.00,0.00,OK
007,007 - Buridah - Almoosa - MAATC,336022,3.00,3.00,0.00,OK
007,007 - Buridah - Almoosa - MAATC,336023,1.00,1.00,0.00,OK
007,007 - Buridah - Almoosa - MAATC,336024,2.00,2.00,0.00,OK
007,007 - Buridah - Almoosa - MAATC,336025,3.00,3.00,0.00,OK
007,007 - Buridah - Almoosa - MAATC,336026,3.00,3.00,0.00,OK
007,007 - Buridah - Almoosa - MAATC,336027,3.00,3.00,0.00,OK
007,007 - Buridah - Almoosa - MAATC,336028,1.00,1.00,0.00,OK
007,007 - Buridah - Almoosa - MAATC,336029,2.00,2.00,0.00,OK
007,007 - Buridah - Almoosa - MAATC,336030,3.00,3.00,0.00,OK
007,007 - Buridah - Almoosa - MAATC,336031,3.00,3.00,0.00,OK
007,007 - Buridah - Almoosa - MAATC,336032,3.00,3.00,0.00,OK
007,007 - Buridah - Almoosa - MAATC,336038,6.00,6.00,0.00,OK
007,007 - Buridah - Almoosa - MAATC,336039,6.00,6.00,0.00,OK
007,007 - Buridah - Almoosa - MAATC,336040,6.00,6.00,0.00,OK
007,007 - Buridah - Almoosa - MAATC,336041,6.00,6.00,0.00,OK
007,007 - Buridah - Almoosa - MAATC,336043,6.00,6.00,0.00,OK
007,007 - Buridah - Almoosa - MAATC,336044,6.00,6.00,0.00,OK
007,007 - Buridah - Almoosa - MAATC,336045,6.00,6.00,0.00,OK
007,007 - Buridah - Almoosa - MAATC,336046,6.00,6.00,0.00,OK
007,007 - Buridah - Almoosa - MAATC,336047,6.00,6.00,0.00,OK
007,007 - Buridah - Almoosa - MAATC,336048,9.00,9.00,0.00,OK
007,007 - Buridah - Almoosa - MAATC,336049,9.00,9.00,0.00,OK
007,007 - Buridah - Almoosa - MAATC,336050,9.00,9.00,0.00,OK
007,007 - Buridah - Almoosa - MAATC,336051,9.00,9.00,0.00,OK
007,007 - Buridah - Almoosa - MAATC,336052,9.00,9.00,0.00,OK
007,007 - Buridah - Almoosa - MAATC,336053,9.00,9.00,0.00,OK
007,007 - Buridah - Almoosa - MAATC,336055,9.00,9.00,0.00,OK
007,007 - Buridah - Almoosa - MAATC,336056,9.00,9.00,0.00,OK
007,007 - Buridah - Almoosa - MAATC,336057,2.00,2.00,0.00,OK
007,007 - Buridah - Almoosa - MAATC,336058,4.00,4.00,0.00,OK
007,007 - Buridah - Almoosa - MAATC,336059,2.00,2.00,0.00,OK
007,007 - Buridah - Almoosa - MAATC,336060,2.00,2.00,0.00,OK
007,007 - Buridah - Almoosa - MAATC,336061,4.00,4.00,0.00,OK
007,007 - Buridah - Almoosa - MAATC,336062,2.00,2.00,0.00,OK
007,007 - Buridah - Almoosa - MAATC,336063,2.00,2.00,0.00,OK
007,007 - Buridah - Almoosa - MAATC,336064,4.00,4.00,0.00,OK
007,007 - Buridah - Almoosa - MAATC,336065,2.00,2.00,0.00,OK
007,007 - Buridah - Almoosa - MAATC,336066,2.00,2.00,0.00,OK
007,007 - Buridah - Almoosa - MAATC,336067,4.00,4.00,0.00,OK
007,007 - Buridah - Almoosa - MAATC,336068,2.00,2.00,0.00,OK
007,007 - Buridah - Almoosa - MAATC,336069,2.00,2.00,0.00,OK
007,007 - Buridah - Almoosa - MAATC,336070,4.00,4.00,0.00,OK
007,007 - Buridah - Almoosa - MAATC,336071,2.00,2.00,0.00,OK
007,007 - Buridah - Almoosa - MAATC,336072,2.00,2.00,0.00,OK
007,007 - Buridah - Almoosa - MAATC,336073,4.00,4.00,0.00,OK
007,007 - Buridah - Almoosa - MAATC,336074,2.00,2.00,0.00,OK
007,007 - Buridah - Almoosa - MAATC,336075,1.00,1.00,0.00,OK
007,007 - Buridah - Almoosa - MAATC,336076,2.00,2.00,0.00,OK
007,007 - Buridah - Almoosa - MAATC,336077,3.00,3.00,0.00,OK
007,007 - Buridah - Almoosa - MAATC,336078,3.00,3.00,0.00,OK
007,007 - Buridah - Almoosa - MAATC,336079,2.00,2.00,0.00,OK
007,007 - Buridah - Almoosa - MAATC,336080,1.00,1.00,0.00,OK
007,007 - Buridah - Almoosa - MAATC,336111,1.00,1.00,0.00,OK
007,007 - Buridah - Almoosa - MAATC,336112,2.00,2.00,0.00,OK
007,007 - Buridah - Almoosa - MAATC,336113,3.00,3.00,0.00,OK
007,007 - Buridah - Almoosa - MAATC,336114,2.00,2.00,0.00,OK
007,007 - Buridah - Almoosa - MAATC,336115,1.00,1.00,0.00,OK
007,007 - Buridah - Almoosa - MAATC,336116,1.00,1.00,0.00,OK
007,007 - Buridah - Almoosa - MAATC,336123,1.00,1.00,0.00,OK
007,007 - Buridah - Almoosa - MAATC,336124,2.00,2.00,0.00,OK
007,007 - Buridah - Almoosa - MAATC,336125,3.00,3.00,0.00,OK
007,007 - Buridah - Almoosa - MAATC,336126,2.00,2.00,0.00,OK
007,007 - Buridah - Almoosa - MAATC,336127,1.00,1.00,0.00,OK
007,007 - Buridah - Almoosa - MAATC,336129,1.00,1.00,0.00,OK
007,007 - Buridah - Almoosa - MAATC,336130,2.00,2.00,0.00,OK
007,007 - Buridah - Almoosa - MAATC,336133,1.00,1.00,0.00,OK
007,007 - Buridah - Almoosa - MAATC,336134,1.00,1.00,0.00,OK
007,007 - Buridah - Almoosa - MAATC,336135,1.00,1.00,0.00,OK
007,007 - Buridah - Almoosa - MAATC,336136,2.00,2.00,0.00,OK
007,007 - Buridah - Almoosa - MAATC,336137,3.00,3.00,0.00,OK
007,007 - Buridah - Almoosa - MAATC,336138,2.00,2.00,0.00,OK
007,007 - Buridah - Almoosa - MAATC,336140,1.00,1.00,0.00,OK
007,007 - Buridah - Almoosa - MAATC,336141,1.00,1.00,0.00,OK
007,007 - Buridah - Almoosa - MAATC,336142,2.00,2.00,0.00,OK
007,007 - Buridah - Almoosa - MAATC,336144,2.00,2.00,0.00,OK
007,007 - Buridah - Almoosa - MAATC,336147,1.00,1.00,0.00,OK
007,007 - Buridah - Almoosa - MAATC,336148,2.00,2.00,0.00,OK
007,007 - Buridah - Almoosa - MAATC,336150,2.00,2.00,0.00,OK
007,007 - Buridah - Almoosa - MAATC,336151,1.00,1.00,0.00,OK
007,007 - Buridah - Almoosa - MAATC,336152,1.00,1.00,0.00,OK
007,007 - Buridah - Almoosa - MAATC,336153,1.00,1.00,0.00,OK
007,007 - Buridah - Almoosa - MAATC,336154,2.00,2.00,0.00,OK
007,007 - Buridah - Almoosa - MAATC,336155,3.00,3.00,0.00,OK
007,007 - Buridah - Almoosa - MAATC,336156,2.00,2.00,0.00,OK
007,007 - Buridah - Almoosa - MAATC,336157,1.00,1.00,0.00,OK
007,007 - Buridah - Almoosa - MAATC,336158,1.00,1.00,0.00,OK
007,007 - Buridah - Almoosa - MAATC,336159,1.00,1.00,0.00,OK
007,007 - Buridah - Almoosa - MAATC,336160,2.00,2.00,0.00,OK
007,007 - Buridah - Almoosa - MAATC,336161,3.00,3.00,0.00,OK
007,007 - Buridah - Almoosa - MAATC,336162,2.00,2.00,0.00,OK
007,007 - Buridah - Almoosa - MAATC,336163,1.00,1.00,0.00,OK
007,007 - Buridah - Almoosa - MAATC,336164,1.00,1.00,0.00,OK
007,007 - Buridah - Almoosa - MAATC,336166,2.00,2.00,0.00,OK
007,007 - Buridah - Almoosa - MAATC,336169,1.00,1.00,0.00,OK
007,007 - Buridah - Almoosa - MAATC,336170,1.00,1.00,0.00,OK
007,007 - Buridah - Almoosa - MAATC,336171,1.00,1.00,0.00,OK
007,007 - Buridah - Almoosa - MAATC,336174,2.00,2.00,0.00,OK
007,007 - Buridah - Almoosa - MAATC,336175,1.00,1.00,0.00,OK
007,007 - Buridah - Almoosa - MAATC,336176,1.00,1.00,0.00,OK
007,007 - Buridah - Almoosa - MAATC,336177,1.00,1.00,0.00,OK
007,007 - Buridah - Almoosa - MAATC,336178,2.00,2.00,0.00,OK
007,007 - Buridah - Almoosa - MAATC,336179,3.00,3.00,0.00,OK
007,007 - Buridah - Almoosa - MAATC,336180,2.00,2.00,0.00,OK
007,007 - Buridah - Almoosa - MAATC,336181,1.00,1.00,0.00,OK
007,007 - Buridah - Almoosa - MAATC,336182,1.00,1.00,0.00,OK
007,007 - Buridah - Almoosa - MAATC,336183,1.00,1.00,0.00,OK
007,007 - Buridah - Almoosa - MAATC,336184,2.00,2.00,0.00,OK
007,007 - Buridah - Almoosa - MAATC,336186,2.00,2.00,0.00,OK
007,007 - Buridah - Almoosa - MAATC,336187,1.00,1.00,0.00,OK
007,007 - Buridah - Almoosa - MAATC,336188,1.00,1.00,0.00,OK
007,007 - Buridah - Almoosa - MAATC,336189,1.00,1.00,0.00,OK
007,007 - Buridah - Almoosa - MAATC,336190,2.00,2.00,0.00,OK
007,007 - Buridah - Almoosa - MAATC,336192,2.00,2.00,0.00,OK
007,007 - Buridah - Almoosa - MAATC,336193,1.00,1.00,0.00,OK
007,007 - Buridah - Almoosa - MAATC,336194,1.00,1.00,0.00,OK
007,007 - Buridah - Almoosa - MAATC,336196,2.00,2.00,0.00,OK
007,007 - Buridah - Almoosa - MAATC,336197,3.00,3.00,0.00,OK
007,007 - Buridah - Almoosa - MAATC,336200,1.00,1.00,0.00,OK
007,007 - Buridah - Almoosa - MAATC,336202,2.00,2.00,0.00,OK
007,007 - Buridah - Almoosa - MAATC,336205,1.00,1.00,0.00,OK
007,007 - Buridah - Almoosa - MAATC,336206,1.00,1.00,0.00,OK
007,007 - Buridah - Almoosa - MAATC,336207,1.00,1.00,0.00,OK
007,007 - Buridah - Almoosa - MAATC,336208,2.00,2.00,0.00,OK
007,007 - Buridah - Almoosa - MAATC,336209,3.00,3.00,0.00,OK
007,007 - Buridah - Almoosa - MAATC,336211,1.00,1.00,0.00,OK
007,007 - Buridah - Almoosa - MAATC,336212,1.00,1.00,0.00,OK
007,007 - Buridah - Almoosa - MAATC,336213,1.00,1.00,0.00,OK
007,007 - Buridah - Almoosa - MAATC,336214,2.00,2.00,0.00,OK
007,007 - Buridah - Almoosa - MAATC,336215,3.00,3.00,0.00,OK
007,007 - Buridah - Almoosa - MAATC,336217,1.00,1.00,0.00,OK
007,007 - Buridah - Almoosa - MAATC,336218,1.00,1.00,0.00,OK
007,007 - Buridah - Almoosa - MAATC,336219,1.00,1.00,0.00,OK
007,007 - Buridah - Almoosa - MAATC,336220,2.00,2.00,0.00,OK
007,007 - Buridah - Almoosa - MAATC,336221,3.00,3.00,0.00,OK
007,007 - Buridah - Almoosa - MAATC,336222,2.00,2.00,0.00,OK
007,007 - Buridah - Almoosa - MAATC,336223,1.00,1.00,0.00,OK
007,007 - Buridah - Almoosa - MAATC,336224,1.00,1.00,0.00,OK
007,007 - Buridah - Almoosa - MAATC,336225,1.00,1.00,0.00,OK
007,007 - Buridah - Almoosa - MAATC,336226,2.00,2.00,0.00,OK
007,007 - Buridah - Almoosa - MAATC,336227,3.00,3.00,0.00,OK
007,007 - Buridah - Almoosa - MAATC,336228,2.00,2.00,0.00,OK
007,007 - Buridah - Almoosa - MAATC,336229,1.00,1.00,0.00,OK
007,007 - Buridah - Almoosa - MAATC,336230,1.00,1.00,0.00,OK
007,007 - Buridah - Almoosa - MAATC,336231,1.00,1.00,0.00,OK
007,007 - Buridah - Almoosa - MAATC,336232,2.00,2.00,0.00,OK
007,007 - Buridah - Almoosa - MAATC,336233,3.00,3.00,0.00,OK
007,007 - Buridah - Almoosa - MAATC,336234,2.00,2.00,0.00,OK
007,007 - Buridah - Almoosa - MAATC,336235,1.00,1.00,0.00,OK
007,007 - Buridah - Almoosa - MAATC,336236,1.00,1.00,0.00,OK
007,007 - Buridah - Almoosa - MAATC,336239,3.00,3.00,0.00,OK
007,007 - Buridah - Almoosa - MAATC,336240,2.00,2.00,0.00,OK
007,007 - Buridah - Almoosa - MAATC,336241,1.00,1.00,0.00,OK
007,007 - Buridah - Almoosa - MAATC,336242,1.00,1.00,0.00,OK
007,007 - Buridah - Almoosa - MAATC,336243,1.00,1.00,0.00,OK
007,007 - Buridah - Almoosa - MAATC,336244,2.00,2.00,0.00,OK
007,007 - Buridah - Almoosa - MAATC,336245,3.00,3.00,0.00,OK
007,007 - Buridah - Almoosa - MAATC,336246,2.00,2.00,0.00,OK
007,007 - Buridah - Almoosa - MAATC,336247,1.00,1.00,0.00,OK
007,007 - Buridah - Almoosa - MAATC,336251,3.00,3.00,0.00,OK
007,007 - Buridah - Almoosa - MAATC,336252,2.00,2.00,0.00,OK
007,007 - Buridah - Almoosa - MAATC,336253,1.00,1.00,0.00,OK
007,007 - Buridah - Almoosa - MAATC,336254,1.00,1.00,0.00,OK
007,007 - Buridah - Almoosa - MAATC,336255,1.00,1.00,0.00,OK
007,007 - Buridah - Almoosa - MAATC,336256,2.00,2.00,0.00,OK
007,007 - Buridah - Almoosa - MAATC,336258,2.00,2.00,0.00,OK
007,007 - Buridah - Almoosa - MAATC,336259,1.00,1.00,0.00,OK
007,007 - Buridah - Almoosa - MAATC,336260,1.00,1.00,0.00,OK
007,007 - Buridah - Almoosa - MAATC,336261,1.00,1.00,0.00,OK
007,007 - Buridah - Almoosa - MAATC,336262,2.00,2.00,0.00,OK
007,007 - Buridah - Almoosa - MAATC,336263,3.00,3.00,0.00,OK
007,007 - Buridah - Almoosa - MAATC,336264,2.00,2.00,0.00,OK
007,007 - Buridah - Almoosa - MAATC,336265,1.00,1.00,0.00,OK
007,007 - Buridah - Almoosa - MAATC,336266,1.00,1.00,0.00,OK
007,007 - Buridah - Almoosa - MAATC,336267,1.00,1.00,0.00,OK
007,007 - Buridah - Almoosa - MAATC,336269,3.00,3.00,0.00,OK
007,007 - Buridah - Almoosa - MAATC,336270,2.00,2.00,0.00,OK
007,007 - Buridah - Almoosa - MAATC,336271,1.00,1.00,0.00,OK
007,007 - Buridah - Almoosa - MAATC,336272,1.00,1.00,0.00,OK
007,007 - Buridah - Almoosa - MAATC,336273,1.00,1.00,0.00,OK
007,007 - Buridah - Almoosa - MAATC,336274,2.00,2.00,0.00,OK
007,007 - Buridah - Almoosa - MAATC,336275,3.00,3.00,0.00,OK
007,007 - Buridah - Almoosa - MAATC,336276,2.00,2.00,0.00,OK
007,007 - Buridah - Almoosa - MAATC,336277,1.00,1.00,0.00,OK
007,007 - Buridah - Almoosa - MAATC,336278,1.00,1.00,0.00,OK
007,007 - Buridah - Almoosa - MAATC,336279,1.00,1.00,0.00,OK
007,007 - Buridah - Almoosa - MAATC,336280,2.00,2.00,0.00,OK
007,007 - Buridah - Almoosa - MAATC,336281,3.00,3.00,0.00,OK
007,007 - Buridah - Almoosa - MAATC,336282,2.00,2.00,0.00,OK
007,007 - Buridah - Almoosa - MAATC,336283,1.00,1.00,0.00,OK
007,007 - Buridah - Almoosa - MAATC,336284,1.00,1.00,0.00,OK
007,007 - Buridah - Almoosa - MAATC,336285,1.00,1.00,0.00,OK
007,007 - Buridah - Almoosa - MAATC,336286,2.00,2.00,0.00,OK
007,007 - Buridah - Almoosa - MAATC,336287,3.00,3.00,0.00,OK
007,007 - Buridah - Almoosa - MAATC,336288,2.00,2.00,0.00,OK
007,007 - Buridah - Almoosa - MAATC,336289,1.00,1.00,0.00,OK
007,007 - Buridah - Almoosa - MAATC,336291,1.00,1.00,0.00,OK
007,007 - Buridah - Almoosa - MAATC,336292,2.00,2.00,0.00,OK
007,007 - Buridah - Almoosa - MAATC,336293,3.00,3.00,0.00,OK
007,007 - Buridah - Almoosa - MAATC,336294,2.00,2.00,0.00,OK
007,007 - Buridah - Almoosa - MAATC,336295,1.00,1.00,0.00,OK
007,007 - Buridah - Almoosa - MAATC,336296,1.00,1.00,0.00,OK
007,007 - Buridah - Almoosa - MAATC,336297,1.00,1.00,0.00,OK
007,007 - Buridah - Almoosa - MAATC,336298,2.00,2.00,0.00,OK
007,007 - Buridah - Almoosa - MAATC,336299,3.00,3.00,0.00,OK
007,007 - Buridah - Almoosa - MAATC,336300,2.00,2.00,0.00,OK
007,007 - Buridah - Almoosa - MAATC,336301,1.00,1.00,0.00,OK
007,007 - Buridah - Almoosa - MAATC,336302,1.00,1.00,0.00,OK
007,007 - Buridah - Almoosa - MAATC,336303,1.00,1.00,0.00,OK
007,007 - Buridah - Almoosa - MAATC,336304,2.00,2.00,0.00,OK
007,007 - Buridah - Almoosa - MAATC,336305,3.00,3.00,0.00,OK
007,007 - Buridah - Almoosa - MAATC,336306,2.00,2.00,0.00,OK
007,007 - Buridah - Almoosa - MAATC,336307,1.00,1.00,0.00,OK
007,007 - Buridah - Almoosa - MAATC,336308,1.00,1.00,0.00,OK
007,007 - Buridah - Almoosa - MAATC,336309,1.00,1.00,0.00,OK
007,007 - Buridah - Almoosa - MAATC,336310,2.00,2.00,0.00,OK
007,007 - Buridah - Almoosa - MAATC,336311,3.00,3.00,0.00,OK
007,007 - Buridah - Almoosa - MAATC,336312,2.00,2.00,0.00,OK
007,007 - Buridah - Almoosa - MAATC,336313,1.00,1.00,0.00,OK
007,007 - Buridah - Almoosa - MAATC,336314,1.00,1.00,0.00,OK
007,007 - Buridah - Almoosa - MAATC,336315,1.00,1.00,0.00,OK
007,007 - Buridah - Almoosa - MAATC,336316,2.00,2.00,0.00,OK
007,007 - Buridah - Almoosa - MAATC,336317,3.00,3.00,0.00,OK
007,007 - Buridah - Almoosa - MAATC,336318,2.00,2.00,0.00,OK
007,007 - Buridah - Almoosa - MAATC,336319,1.00,1.00,0.00,OK
007,007 - Buridah - Almoosa - MAATC,336320,1.00,1.00,0.00,OK
007,007 - Buridah - Almoosa - MAATC,336321,1.00,1.00,0.00,OK
007,007 - Buridah - Almoosa - MAATC,336322,2.00,2.00,0.00,OK
007,007 - Buridah - Almoosa - MAATC,336323,3.00,3.00,0.00,OK
007,007 - Buridah - Almoosa - MAATC,336324,2.00,2.00,0.00,OK
007,007 - Buridah - Almoosa - MAATC,336325,1.00,1.00,0.00,OK
007,007 - Buridah - Almoosa - MAATC,336326,1.00,1.00,0.00,OK
007,007 - Buridah - Almoosa - MAATC,336327,1.00,1.00,0.00,OK
007,007 - Buridah - Almoosa - MAATC,336328,2.00,2.00,0.00,OK
007,007 - Buridah - Almoosa - MAATC,336329,3.00,3.00,0.00,OK
007,007 - Buridah - Almoosa - MAATC,336330,2.00,2.00,0.00,OK
007,007 - Buridah - Almoosa - MAATC,336331,1.00,1.00,0.00,OK
007,007 - Buridah - Almoosa - MAATC,336332,1.00,1.00,0.00,OK
007,007 - Buridah - Almoosa - MAATC,336333,1.00,1.00,0.00,OK
007,007 - Buridah - Almoosa - MAATC,336334,2.00,2.00,0.00,OK
007,007 - Buridah - Almoosa - MAATC,336335,3.00,3.00,0.00,OK
007,007 - Buridah - Almoosa - MAATC,336336,2.00,2.00,0.00,OK
007,007 - Buridah - Almoosa - MAATC,336337,1.00,1.00,0.00,OK
007,007 - Buridah - Almoosa - MAATC,336338,1.00,1.00,0.00,OK
007,007 - Buridah - Almoosa - MAATC,336339,1.00,1.00,0.00,OK
007,007 - Buridah - Almoosa - MAATC,336340,2.00,2.00,0.00,OK
007,007 - Buridah - Almoosa - MAATC,336341,3.00,3.00,0.00,OK
007,007 - Buridah - Almoosa - MAATC,336342,2.00,2.00,0.00,OK
007,007 - Buridah - Almoosa - MAATC,336343,1.00,1.00,0.00,OK
007,007 - Buridah - Almoosa - MAATC,336344,1.00,1.00,0.00,OK
007,007 - Buridah - Almoosa - MAATC,336346,2.00,2.00,0.00,OK
007,007 - Buridah - Almoosa - MAATC,336349,1.00,1.00,0.00,OK
007,007 - Buridah - Almoosa - MAATC,336351,1.00,1.00,0.00,OK
007,007 - Buridah - Almoosa - MAATC,336352,2.00,2.00,0.00,OK
007,007 - Buridah - Almoosa - MAATC,336353,3.00,3.00,0.00,OK
007,007 - Buridah - Almoosa - MAATC,336355,1.00,1.00,0.00,OK
007,007 - Buridah - Almoosa - MAATC,336357,1.00,1.00,0.00,OK
007,007 - Buridah - Almoosa - MAATC,336358,2.00,2.00,0.00,OK
007,007 - Buridah - Almoosa - MAATC,336359,3.00,3.00,0.00,OK
007,007 - Buridah - Almoosa - MAATC,336360,2.00,2.00,0.00,OK
007,007 - Buridah - Almoosa - MAATC,336361,1.00,1.00,0.00,OK
007,007 - Buridah - Almoosa - MAATC,336362,1.00,1.00,0.00,OK
007,007 - Buridah - Almoosa - MAATC,336363,1.00,1.00,0.00,OK
007,007 - Buridah - Almoosa - MAATC,336364,2.00,2.00,0.00,OK
007,007 - Buridah - Almoosa - MAATC,336365,3.00,3.00,0.00,OK
007,007 - Buridah - Almoosa - MAATC,336366,2.00,2.00,0.00,OK
007,007 - Buridah - Almoosa - MAATC,336367,1.00,1.00,0.00,OK
007,007 - Buridah - Almoosa - MAATC,336368,1.00,1.00,0.00,OK
007,007 - Buridah - Almoosa - MAATC,336387,1.00,1.00,0.00,OK
007,007 - Buridah - Almoosa - MAATC,336388,2.00,2.00,0.00,OK
007,007 - Buridah - Almoosa - MAATC,336390,2.00,2.00,0.00,OK
007,007 - Buridah - Almoosa - MAATC,336391,1.00,1.00,0.00,OK
007,007 - Buridah - Almoosa - MAATC,336392,1.00,1.00,0.00,OK
007,007 - Buridah - Almoosa - MAATC,336393,1.00,1.00,0.00,OK
007,007 - Buridah - Almoosa - MAATC,336394,2.00,2.00,0.00,OK
007,007 - Buridah - Almoosa - MAATC,336395,3.00,3.00,0.00,OK
007,007 - Buridah - Almoosa - MAATC,336397,1.00,1.00,0.00,OK
007,007 - Buridah - Almoosa - MAATC,336398,1.00,1.00,0.00,OK
007,007 - Buridah - Almoosa - MAATC,336399,1.00,1.00,0.00,OK
007,007 - Buridah - Almoosa - MAATC,336400,2.00,2.00,0.00,OK
007,007 - Buridah - Almoosa - MAATC,336402,2.00,2.00,0.00,OK
007,007 - Buridah - Almoosa - MAATC,336403,1.00,1.00,0.00,OK
007,007 - Buridah - Almoosa - MAATC,336404,1.00,1.00,0.00,OK
007,007 - Buridah - Almoosa - MAATC,336405,1.00,1.00,0.00,OK
007,007 - Buridah - Almoosa - MAATC,336406,2.00,2.00,0.00,OK
007,007 - Buridah - Almoosa - MAATC,336407,3.00,3.00,0.00,OK
007,007 - Buridah - Almoosa - MAATC,336408,2.00,2.00,0.00,OK
007,007 - Buridah - Almoosa - MAATC,336409,1.00,1.00,0.00,OK
007,007 - Buridah - Almoosa - MAATC,336410,1.00,1.00,0.00,OK
007,007 - Buridah - Almoosa - MAATC,336411,1.00,1.00,0.00,OK
007,007 - Buridah - Almoosa - MAATC,336412,2.00,2.00,0.00,OK
007,007 - Buridah - Almoosa - MAATC,336413,3.00,3.00,0.00,OK
007,007 - Buridah - Almoosa - MAATC,336414,2.00,2.00,0.00,OK
007,007 - Buridah - Almoosa - MAATC,336415,1.00,1.00,0.00,OK
007,007 - Buridah - Almoosa - MAATC,336416,1.00,1.00,0.00,OK
007,007 - Buridah - Almoosa - MAATC,336417,1.00,1.00,0.00,OK
007,007 - Buridah - Almoosa - MAATC,336418,2.00,2.00,0.00,OK
007,007 - Buridah - Almoosa - MAATC,336419,3.00,3.00,0.00,OK
007,007 - Buridah - Almoosa - MAATC,336421,1.00,1.00,0.00,OK
007,007 - Buridah - Almoosa - MAATC,336422,1.00,1.00,0.00,OK
007,007 - Buridah - Almoosa - MAATC,336423,1.00,1.00,0.00,OK
007,007 - Buridah - Almoosa - MAATC,336425,3.00,3.00,0.00,OK
007,007 - Buridah - Almoosa - MAATC,336426,2.00,2.00,0.00,OK
007,007 - Buridah - Almoosa - MAATC,336427,1.00,1.00,0.00,OK
007,007 - Buridah - Almoosa - MAATC,336429,1.00,1.00,0.00,OK
007,007 - Buridah - Almoosa - MAATC,336430,2.00,2.00,0.00,OK
007,007 - Buridah - Almoosa - MAATC,336431,3.00,3.00,0.00,OK
007,007 - Buridah - Almoosa - MAATC,336432,2.00,2.00,0.00,OK
007,007 - Buridah - Almoosa - MAATC,336433,1.00,1.00,0.00,OK
007,007 - Buridah - Almoosa - MAATC,336434,1.00,1.00,0.00,OK
007,007 - Buridah - Almoosa - MAATC,336435,1.00,1.00,0.00,OK
007,007 - Buridah - Almoosa - MAATC,336437,3.00,3.00,0.00,OK
007,007 - Buridah - Almoosa - MAATC,336438,2.00,2.00,0.00,OK
007,007 - Buridah - Almoosa - MAATC,336439,1.00,1.00,0.00,OK
007,007 - Buridah - Almoosa - MAATC,336440,1.00,1.00,0.00,OK
007,007 - Buridah - Almoosa - MAATC,336441,1.00,1.00,0.00,OK
007,007 - Buridah - Almoosa - MAATC,336443,3.00,3.00,0.00,OK
007,007 - Buridah - Almoosa - MAATC,336444,2.00,2.00,0.00,OK
007,007 - Buridah - Almoosa - MAATC,336445,1.00,1.00,0.00,OK
007,007 - Buridah - Almoosa - MAATC,336446,1.00,1.00,0.00,OK
007,007 - Buridah - Almoosa - MAATC,336447,1.00,1.00,0.00,OK
007,007 - Buridah - Almoosa - MAATC,336449,3.00,3.00,0.00,OK
007,007 - Buridah - Almoosa - MAATC,336450,2.00,2.00,0.00,OK
007,007 - Buridah - Almoosa - MAATC,336451,1.00,1.00,0.00,OK
007,007 - Buridah - Almoosa - MAATC,336452,1.00,1.00,0.00,OK
007,007 - Buridah - Almoosa - MAATC,336453,1.00,1.00,0.00,OK
007,007 - Buridah - Almoosa - MAATC,336454,2.00,2.00,0.00,OK
007,007 - Buridah - Almoosa - MAATC,336455,3.00,3.00,0.00,OK
007,007 - Buridah - Almoosa - MAATC,336457,1.00,1.00,0.00,OK
007,007 - Buridah - Almoosa - MAATC,336458,1.00,1.00,0.00,OK
007,007 - Buridah - Almoosa - MAATC,336459,1.00,1.00,0.00,OK
007,007 - Buridah - Almoosa - MAATC,336462,2.00,2.00,0.00,OK
007,007 - Buridah - Almoosa - MAATC,336463,1.00,1.00,0.00,OK
007,007 - Buridah - Almoosa - MAATC,336464,1.00,1.00,0.00,OK
007,007 - Buridah - Almoosa - MAATC,336465,1.00,1.00,0.00,OK
007,007 - Buridah - Almoosa - MAATC,336466,2.00,2.00,0.00,OK
007,007 - Buridah - Almoosa - MAATC,336468,2.00,2.00,0.00,OK
007,007 - Buridah - Almoosa - MAATC,336469,1.00,1.00,0.00,OK
007,007 - Buridah - Almoosa - MAATC,336470,1.00,1.00,0.00,OK
007,007 - Buridah - Almoosa - MAATC,336471,1.00,1.00,0.00,OK
007,007 - Buridah - Almoosa - MAATC,336472,2.00,2.00,0.00,OK
007,007 - Buridah - Almoosa - MAATC,336473,2.00,2.00,0.00,OK
007,007 - Buridah - Almoosa - MAATC,336474,2.00,2.00,0.00,OK
007,007 - Buridah - Almoosa - MAATC,336475,1.00,1.00,0.00,OK
007,007 - Buridah - Almoosa - MAATC,336476,1.00,1.00,0.00,OK
007,007 - Buridah - Almoosa - MAATC,336477,1.00,1.00,0.00,OK
007,007 - Buridah - Almoosa - MAATC,336478,2.00,2.00,0.00,OK
007,007 - Buridah - Almoosa - MAATC,336479,3.00,3.00,0.00,OK
007,007 - Buridah - Almoosa - MAATC,336480,2.00,2.00,0.00,OK
007,007 - Buridah - Almoosa - MAATC,336481,1.00,1.00,0.00,OK
007,007 - Buridah - Almoosa - MAATC,336482,1.00,1.00,0.00,OK
011,011 - Hail - Almoosa - MAATC,336007,3.00,3.00,0.00,OK
011,011 - Hail - Almoosa - MAATC,336008,3.00,3.00,0.00,OK
011,011 - Hail - Almoosa - MAATC,336009,2.00,2.00,0.00,OK
011,011 - Hail - Almoosa - MAATC,336010,1.00,1.00,0.00,OK
011,011 - Hail - Almoosa - MAATC,336011,1.00,1.00,0.00,OK
011,011 - Hail - Almoosa - MAATC,336013,3.00,3.00,0.00,OK
011,011 - Hail - Almoosa - MAATC,336014,3.00,3.00,0.00,OK
011,011 - Hail - Almoosa - MAATC,336015,2.00,2.00,0.00,OK
011,011 - Hail - Almoosa - MAATC,336016,1.00,1.00,0.00,OK
011,011 - Hail - Almoosa - MAATC,336017,1.00,1.00,0.00,OK
011,011 - Hail - Almoosa - MAATC,336018,1.00,1.00,0.00,OK
011,011 - Hail - Almoosa - MAATC,336019,2.00,2.00,0.00,OK
011,011 - Hail - Almoosa - MAATC,336020,3.00,3.00,0.00,OK
011,011 - Hail - Almoosa - MAATC,336021,3.00,3.00,0.00,OK
011,011 - Hail - Almoosa - MAATC,336022,3.00,3.00,0.00,OK
011,011 - Hail - Almoosa - MAATC,336023,1.00,1.00,0.00,OK
011,011 - Hail - Almoosa - MAATC,336024,2.00,2.00,0.00,OK
011,011 - Hail - Almoosa - MAATC,336025,3.00,3.00,0.00,OK
011,011 - Hail - Almoosa - MAATC,336026,3.00,3.00,0.00,OK
011,011 - Hail - Almoosa - MAATC,336027,3.00,3.00,0.00,OK
011,011 - Hail - Almoosa - MAATC,336028,1.00,1.00,0.00,OK
011,011 - Hail - Almoosa - MAATC,336029,2.00,2.00,0.00,OK
011,011 - Hail - Almoosa - MAATC,336030,3.00,3.00,0.00,OK
011,011 - Hail - Almoosa - MAATC,336031,3.00,3.00,0.00,OK
011,011 - Hail - Almoosa - MAATC,336032,3.00,3.00,0.00,OK
011,011 - Hail - Almoosa - MAATC,336038,6.00,6.00,0.00,OK
011,011 - Hail - Almoosa - MAATC,336039,6.00,6.00,0.00,OK
011,011 - Hail - Almoosa - MAATC,336040,6.00,6.00,0.00,OK
011,011 - Hail - Almoosa - MAATC,336041,6.00,6.00,0.00,OK
011,011 - Hail - Almoosa - MAATC,336043,6.00,6.00,0.00,OK
011,011 - Hail - Almoosa - MAATC,336044,6.00,6.00,0.00,OK
011,011 - Hail - Almoosa - MAATC,336045,6.00,6.00,0.00,OK
011,011 - Hail - Almoosa - MAATC,336046,6.00,6.00,0.00,OK
011,011 - Hail - Almoosa - MAATC,336047,6.00,6.00,0.00,OK
011,011 - Hail - Almoosa - MAATC,336048,9.00,9.00,0.00,OK
011,011 - Hail - Almoosa - MAATC,336049,9.00,9.00,0.00,OK
011,011 - Hail - Almoosa - MAATC,336050,9.00,9.00,0.00,OK
011,011 - Hail - Almoosa - MAATC,336051,9.00,9.00,0.00,OK
011,011 - Hail - Almoosa - MAATC,336052,9.00,9.00,0.00,OK
011,011 - Hail - Almoosa - MAATC,336053,9.00,9.00,0.00,OK
011,011 - Hail - Almoosa - MAATC,336055,9.00,9.00,0.00,OK
011,011 - Hail - Almoosa - MAATC,336057,2.00,2.00,0.00,OK
011,011 - Hail - Almoosa - MAATC,336058,4.00,4.00,0.00,OK
011,011 - Hail - Almoosa - MAATC,336059,2.00,2.00,0.00,OK
011,011 - Hail - Almoosa - MAATC,336060,2.00,2.00,0.00,OK
011,011 - Hail - Almoosa - MAATC,336061,4.00,4.00,0.00,OK
011,011 - Hail - Almoosa - MAATC,336062,2.00,2.00,0.00,OK
011,011 - Hail - Almoosa - MAATC,336063,2.00,2.00,0.00,OK
011,011 - Hail - Almoosa - MAATC,336064,4.00,4.00,0.00,OK
011,011 - Hail - Almoosa - MAATC,336065,2.00,2.00,0.00,OK
011,011 - Hail - Almoosa - MAATC,336066,2.00,2.00,0.00,OK
011,011 - Hail - Almoosa - MAATC,336067,4.00,4.00,0.00,OK
011,011 - Hail - Almoosa - MAATC,336068,2.00,2.00,0.00,OK
011,011 - Hail - Almoosa - MAATC,336069,2.00,2.00,0.00,OK
011,011 - Hail - Almoosa - MAATC,336070,4.00,4.00,0.00,OK
011,011 - Hail - Almoosa - MAATC,336071,2.00,2.00,0.00,OK
011,011 - Hail - Almoosa - MAATC,336072,2.00,2.00,0.00,OK
011,011 - Hail - Almoosa - MAATC,336073,4.00,4.00,0.00,OK
011,011 - Hail - Almoosa - MAATC,336074,2.00,2.00,0.00,OK
011,011 - Hail - Almoosa - MAATC,336075,1.00,1.00,0.00,OK
011,011 - Hail - Almoosa - MAATC,336076,2.00,2.00,0.00,OK
011,011 - Hail - Almoosa - MAATC,336077,3.00,3.00,0.00,OK
011,011 - Hail - Almoosa - MAATC,336078,3.00,3.00,0.00,OK
011,011 - Hail - Almoosa - MAATC,336079,2.00,2.00,0.00,OK
011,011 - Hail - Almoosa - MAATC,336080,1.00,1.00,0.00,OK
011,011 - Hail - Almoosa - MAATC,336111,1.00,1.00,0.00,OK
011,011 - Hail - Almoosa - MAATC,336112,2.00,2.00,0.00,OK
011,011 - Hail - Almoosa - MAATC,336113,3.00,3.00,0.00,OK
011,011 - Hail - Almoosa - MAATC,336114,2.00,2.00,0.00,OK
011,011 - Hail - Almoosa - MAATC,336115,1.00,1.00,0.00,OK
011,011 - Hail - Almoosa - MAATC,336116,1.00,1.00,0.00,OK
011,011 - Hail - Almoosa - MAATC,336117,1.00,1.00,0.00,OK
011,011 - Hail - Almoosa - MAATC,336119,3.00,3.00,0.00,OK
011,011 - Hail - Almoosa - MAATC,336120,2.00,2.00,0.00,OK
011,011 - Hail - Almoosa - MAATC,336121,1.00,1.00,0.00,OK
011,011 - Hail - Almoosa - MAATC,336122,1.00,1.00,0.00,OK
011,011 - Hail - Almoosa - MAATC,336123,1.00,1.00,0.00,OK
011,011 - Hail - Almoosa - MAATC,336124,2.00,2.00,0.00,OK
011,011 - Hail - Almoosa - MAATC,336125,3.00,3.00,0.00,OK
011,011 - Hail - Almoosa - MAATC,336126,2.00,2.00,0.00,OK
011,011 - Hail - Almoosa - MAATC,336127,1.00,1.00,0.00,OK
011,011 - Hail - Almoosa - MAATC,336129,1.00,1.00,0.00,OK
011,011 - Hail - Almoosa - MAATC,336130,2.00,2.00,0.00,OK
011,011 - Hail - Almoosa - MAATC,336133,1.00,1.00,0.00,OK
011,011 - Hail - Almoosa - MAATC,336134,1.00,1.00,0.00,OK
011,011 - Hail - Almoosa - MAATC,336135,1.00,1.00,0.00,OK
011,011 - Hail - Almoosa - MAATC,336136,2.00,2.00,0.00,OK
011,011 - Hail - Almoosa - MAATC,336137,3.00,3.00,0.00,OK
011,011 - Hail - Almoosa - MAATC,336138,2.00,2.00,0.00,OK
011,011 - Hail - Almoosa - MAATC,336139,1.00,1.00,0.00,OK
011,011 - Hail - Almoosa - MAATC,336140,1.00,1.00,0.00,OK
011,011 - Hail - Almoosa - MAATC,336141,1.00,1.00,0.00,OK
011,011 - Hail - Almoosa - MAATC,336142,2.00,2.00,0.00,OK
011,011 - Hail - Almoosa - MAATC,336144,2.00,2.00,0.00,OK
011,011 - Hail - Almoosa - MAATC,336147,1.00,1.00,0.00,OK
011,011 - Hail - Almoosa - MAATC,336148,2.00,2.00,0.00,OK
011,011 - Hail - Almoosa - MAATC,336149,3.00,3.00,0.00,OK
011,011 - Hail - Almoosa - MAATC,336150,2.00,2.00,0.00,OK
011,011 - Hail - Almoosa - MAATC,336151,1.00,1.00,0.00,OK
011,011 - Hail - Almoosa - MAATC,336152,1.00,1.00,0.00,OK
011,011 - Hail - Almoosa - MAATC,336153,1.00,1.00,0.00,OK
011,011 - Hail - Almoosa - MAATC,336154,2.00,2.00,0.00,OK
011,011 - Hail - Almoosa - MAATC,336155,3.00,3.00,0.00,OK
011,011 - Hail - Almoosa - MAATC,336156,2.00,2.00,0.00,OK
011,011 - Hail - Almoosa - MAATC,336157,1.00,1.00,0.00,OK
011,011 - Hail - Almoosa - MAATC,336158,1.00,1.00,0.00,OK
011,011 - Hail - Almoosa - MAATC,336159,1.00,1.00,0.00,OK
011,011 - Hail - Almoosa - MAATC,336160,2.00,2.00,0.00,OK
011,011 - Hail - Almoosa - MAATC,336161,3.00,3.00,0.00,OK
011,011 - Hail - Almoosa - MAATC,336162,2.00,2.00,0.00,OK
011,011 - Hail - Almoosa - MAATC,336163,1.00,1.00,0.00,OK
011,011 - Hail - Almoosa - MAATC,336164,1.00,1.00,0.00,OK
011,011 - Hail - Almoosa - MAATC,336166,2.00,2.00,0.00,OK
011,011 - Hail - Almoosa - MAATC,336169,1.00,1.00,0.00,OK
011,011 - Hail - Almoosa - MAATC,336170,1.00,1.00,0.00,OK
011,011 - Hail - Almoosa - MAATC,336171,1.00,1.00,0.00,OK
011,011 - Hail - Almoosa - MAATC,336174,2.00,2.00,0.00,OK
011,011 - Hail - Almoosa - MAATC,336175,1.00,1.00,0.00,OK
011,011 - Hail - Almoosa - MAATC,336176,1.00,1.00,0.00,OK
011,011 - Hail - Almoosa - MAATC,336177,1.00,1.00,0.00,OK
011,011 - Hail - Almoosa - MAATC,336178,2.00,2.00,0.00,OK
011,011 - Hail - Almoosa - MAATC,336179,3.00,3.00,0.00,OK
011,011 - Hail - Almoosa - MAATC,336180,2.00,2.00,0.00,OK
011,011 - Hail - Almoosa - MAATC,336181,1.00,1.00,0.00,OK
011,011 - Hail - Almoosa - MAATC,336182,1.00,1.00,0.00,OK
011,011 - Hail - Almoosa - MAATC,336183,1.00,1.00,0.00,OK
011,011 - Hail - Almoosa - MAATC,336184,2.00,2.00,0.00,OK
011,011 - Hail - Almoosa - MAATC,336186,2.00,2.00,0.00,OK
011,011 - Hail - Almoosa - MAATC,336187,1.00,1.00,0.00,OK
011,011 - Hail - Almoosa - MAATC,336188,1.00,1.00,0.00,OK
011,011 - Hail - Almoosa - MAATC,336189,1.00,1.00,0.00,OK
011,011 - Hail - Almoosa - MAATC,336190,2.00,2.00,0.00,OK
011,011 - Hail - Almoosa - MAATC,336192,2.00,2.00,0.00,OK
011,011 - Hail - Almoosa - MAATC,336193,1.00,1.00,0.00,OK
011,011 - Hail - Almoosa - MAATC,336194,1.00,1.00,0.00,OK
011,011 - Hail - Almoosa - MAATC,336195,1.00,1.00,0.00,OK
011,011 - Hail - Almoosa - MAATC,336196,2.00,2.00,0.00,OK
011,011 - Hail - Almoosa - MAATC,336197,3.00,3.00,0.00,OK
011,011 - Hail - Almoosa - MAATC,336198,2.00,2.00,0.00,OK
011,011 - Hail - Almoosa - MAATC,336200,1.00,1.00,0.00,OK
011,011 - Hail - Almoosa - MAATC,336202,2.00,2.00,0.00,OK
011,011 - Hail - Almoosa - MAATC,336205,1.00,1.00,0.00,OK
011,011 - Hail - Almoosa - MAATC,336206,1.00,1.00,0.00,OK
011,011 - Hail - Almoosa - MAATC,336207,1.00,1.00,0.00,OK
011,011 - Hail - Almoosa - MAATC,336208,2.00,2.00,0.00,OK
011,011 - Hail - Almoosa - MAATC,336209,3.00,3.00,0.00,OK
011,011 - Hail - Almoosa - MAATC,336211,1.00,1.00,0.00,OK
011,011 - Hail - Almoosa - MAATC,336212,1.00,1.00,0.00,OK
011,011 - Hail - Almoosa - MAATC,336213,1.00,1.00,0.00,OK
011,011 - Hail - Almoosa - MAATC,336214,2.00,2.00,0.00,OK
011,011 - Hail - Almoosa - MAATC,336215,3.00,3.00,0.00,OK
011,011 - Hail - Almoosa - MAATC,336217,1.00,1.00,0.00,OK
011,011 - Hail - Almoosa - MAATC,336218,1.00,1.00,0.00,OK
011,011 - Hail - Almoosa - MAATC,336219,1.00,1.00,0.00,OK
011,011 - Hail - Almoosa - MAATC,336220,2.00,2.00,0.00,OK
011,011 - Hail - Almoosa - MAATC,336221,3.00,3.00,0.00,OK
011,011 - Hail - Almoosa - MAATC,336222,2.00,2.00,0.00,OK
011,011 - Hail - Almoosa - MAATC,336223,1.00,1.00,0.00,OK
011,011 - Hail - Almoosa - MAATC,336224,1.00,1.00,0.00,OK
011,011 - Hail - Almoosa - MAATC,336225,1.00,1.00,0.00,OK
011,011 - Hail - Almoosa - MAATC,336226,2.00,2.00,0.00,OK
011,011 - Hail - Almoosa - MAATC,336227,3.00,3.00,0.00,OK
011,011 - Hail - Almoosa - MAATC,336228,2.00,2.00,0.00,OK
011,011 - Hail - Almoosa - MAATC,336229,1.00,1.00,0.00,OK
011,011 - Hail - Almoosa - MAATC,336230,1.00,1.00,0.00,OK
011,011 - Hail - Almoosa - MAATC,336231,1.00,1.00,0.00,OK
011,011 - Hail - Almoosa - MAATC,336232,2.00,2.00,0.00,OK
011,011 - Hail - Almoosa - MAATC,336233,3.00,3.00,0.00,OK
011,011 - Hail - Almoosa - MAATC,336234,2.00,2.00,0.00,OK
011,011 - Hail - Almoosa - MAATC,336235,1.00,1.00,0.00,OK
011,011 - Hail - Almoosa - MAATC,336236,1.00,1.00,0.00,OK
011,011 - Hail - Almoosa - MAATC,336239,3.00,3.00,0.00,OK
011,011 - Hail - Almoosa - MAATC,336240,2.00,2.00,0.00,OK
011,011 - Hail - Almoosa - MAATC,336241,1.00,1.00,0.00,OK
011,011 - Hail - Almoosa - MAATC,336242,1.00,1.00,0.00,OK
011,011 - Hail - Almoosa - MAATC,336243,1.00,1.00,0.00,OK
011,011 - Hail - Almoosa - MAATC,336244,2.00,2.00,0.00,OK
011,011 - Hail - Almoosa - MAATC,336245,3.00,3.00,0.00,OK
011,011 - Hail - Almoosa - MAATC,336246,2.00,2.00,0.00,OK
011,011 - Hail - Almoosa - MAATC,336247,1.00,1.00,0.00,OK
011,011 - Hail - Almoosa - MAATC,336250,2.00,2.00,0.00,OK
011,011 - Hail - Almoosa - MAATC,336251,3.00,3.00,0.00,OK
011,011 - Hail - Almoosa - MAATC,336252,2.00,2.00,0.00,OK
011,011 - Hail - Almoosa - MAATC,336253,1.00,1.00,0.00,OK
011,011 - Hail - Almoosa - MAATC,336254,1.00,1.00,0.00,OK
011,011 - Hail - Almoosa - MAATC,336255,1.00,1.00,0.00,OK
011,011 - Hail - Almoosa - MAATC,336256,2.00,2.00,0.00,OK
011,011 - Hail - Almoosa - MAATC,336258,2.00,2.00,0.00,OK
011,011 - Hail - Almoosa - MAATC,336259,1.00,1.00,0.00,OK
011,011 - Hail - Almoosa - MAATC,336260,1.00,1.00,0.00,OK
011,011 - Hail - Almoosa - MAATC,336261,1.00,1.00,0.00,OK
011,011 - Hail - Almoosa - MAATC,336262,2.00,2.00,0.00,OK
011,011 - Hail - Almoosa - MAATC,336263,3.00,3.00,0.00,OK
011,011 - Hail - Almoosa - MAATC,336264,2.00,2.00,0.00,OK
011,011 - Hail - Almoosa - MAATC,336265,1.00,1.00,0.00,OK
011,011 - Hail - Almoosa - MAATC,336266,1.00,1.00,0.00,OK
011,011 - Hail - Almoosa - MAATC,336267,1.00,1.00,0.00,OK
011,011 - Hail - Almoosa - MAATC,336269,3.00,3.00,0.00,OK
011,011 - Hail - Almoosa - MAATC,336270,2.00,2.00,0.00,OK
011,011 - Hail - Almoosa - MAATC,336271,1.00,1.00,0.00,OK
011,011 - Hail - Almoosa - MAATC,336272,1.00,1.00,0.00,OK
011,011 - Hail - Almoosa - MAATC,336273,1.00,1.00,0.00,OK
011,011 - Hail - Almoosa - MAATC,336274,2.00,2.00,0.00,OK
011,011 - Hail - Almoosa - MAATC,336275,3.00,3.00,0.00,OK
011,011 - Hail - Almoosa - MAATC,336276,2.00,2.00,0.00,OK
011,011 - Hail - Almoosa - MAATC,336277,1.00,1.00,0.00,OK
011,011 - Hail - Almoosa - MAATC,336278,1.00,1.00,0.00,OK
011,011 - Hail - Almoosa - MAATC,336279,1.00,1.00,0.00,OK
011,011 - Hail - Almoosa - MAATC,336280,2.00,2.00,0.00,OK
011,011 - Hail - Almoosa - MAATC,336281,3.00,3.00,0.00,OK
011,011 - Hail - Almoosa - MAATC,336282,2.00,2.00,0.00,OK
011,011 - Hail - Almoosa - MAATC,336283,1.00,1.00,0.00,OK
011,011 - Hail - Almoosa - MAATC,336284,1.00,1.00,0.00,OK
011,011 - Hail - Almoosa - MAATC,336285,1.00,1.00,0.00,OK
011,011 - Hail - Almoosa - MAATC,336286,2.00,2.00,0.00,OK
011,011 - Hail - Almoosa - MAATC,336287,3.00,3.00,0.00,OK
011,011 - Hail - Almoosa - MAATC,336288,2.00,2.00,0.00,OK
011,011 - Hail - Almoosa - MAATC,336289,1.00,1.00,0.00,OK
011,011 - Hail - Almoosa - MAATC,336290,1.00,1.00,0.00,OK
011,011 - Hail - Almoosa - MAATC,336291,1.00,1.00,0.00,OK
011,011 - Hail - Almoosa - MAATC,336292,2.00,2.00,0.00,OK
011,011 - Hail - Almoosa - MAATC,336293,3.00,3.00,0.00,OK
011,011 - Hail - Almoosa - MAATC,336294,2.00,2.00,0.00,OK
011,011 - Hail - Almoosa - MAATC,336295,1.00,1.00,0.00,OK
011,011 - Hail - Almoosa - MAATC,336296,1.00,1.00,0.00,OK
011,011 - Hail - Almoosa - MAATC,336297,1.00,1.00,0.00,OK
011,011 - Hail - Almoosa - MAATC,336298,2.00,2.00,0.00,OK
011,011 - Hail - Almoosa - MAATC,336299,3.00,3.00,0.00,OK
011,011 - Hail - Almoosa - MAATC,336300,2.00,2.00,0.00,OK
011,011 - Hail - Almoosa - MAATC,336301,1.00,1.00,0.00,OK
011,011 - Hail - Almoosa - MAATC,336302,1.00,1.00,0.00,OK
011,011 - Hail - Almoosa - MAATC,336303,1.00,1.00,0.00,OK
011,011 - Hail - Almoosa - MAATC,336304,2.00,2.00,0.00,OK
011,011 - Hail - Almoosa - MAATC,336305,3.00,3.00,0.00,OK
011,011 - Hail - Almoosa - MAATC,336306,2.00,2.00,0.00,OK
011,011 - Hail - Almoosa - MAATC,336307,1.00,1.00,0.00,OK
011,011 - Hail - Almoosa - MAATC,336308,1.00,1.00,0.00,OK
011,011 - Hail - Almoosa - MAATC,336309,1.00,1.00,0.00,OK
011,011 - Hail - Almoosa - MAATC,336310,2.00,2.00,0.00,OK
011,011 - Hail - Almoosa - MAATC,336311,3.00,3.00,0.00,OK
011,011 - Hail - Almoosa - MAATC,336312,2.00,2.00,0.00,OK
011,011 - Hail - Almoosa - MAATC,336313,1.00,1.00,0.00,OK
011,011 - Hail - Almoosa - MAATC,336314,1.00,1.00,0.00,OK
011,011 - Hail - Almoosa - MAATC,336315,1.00,1.00,0.00,OK
011,011 - Hail - Almoosa - MAATC,336316,2.00,2.00,0.00,OK
011,011 - Hail - Almoosa - MAATC,336317,3.00,3.00,0.00,OK
011,011 - Hail - Almoosa - MAATC,336318,2.00,2.00,0.00,OK
011,011 - Hail - Almoosa - MAATC,336319,1.00,1.00,0.00,OK
011,011 - Hail - Almoosa - MAATC,336320,1.00,1.00,0.00,OK
011,011 - Hail - Almoosa - MAATC,336321,1.00,1.00,0.00,OK
011,011 - Hail - Almoosa - MAATC,336322,2.00,2.00,0.00,OK
011,011 - Hail - Almoosa - MAATC,336323,3.00,3.00,0.00,OK
011,011 - Hail - Almoosa - MAATC,336324,2.00,2.00,0.00,OK
011,011 - Hail - Almoosa - MAATC,336325,1.00,1.00,0.00,OK
011,011 - Hail - Almoosa - MAATC,336326,1.00,1.00,0.00,OK
011,011 - Hail - Almoosa - MAATC,336327,1.00,1.00,0.00,OK
011,011 - Hail - Almoosa - MAATC,336328,2.00,2.00,0.00,OK
011,011 - Hail - Almoosa - MAATC,336329,3.00,3.00,0.00,OK
011,011 - Hail - Almoosa - MAATC,336330,2.00,2.00,0.00,OK
011,011 - Hail - Almoosa - MAATC,336331,1.00,1.00,0.00,OK
011,011 - Hail - Almoosa - MAATC,336332,1.00,1.00,0.00,OK
011,011 - Hail - Almoosa - MAATC,336333,1.00,1.00,0.00,OK
011,011 - Hail - Almoosa - MAATC,336334,2.00,2.00,0.00,OK
011,011 - Hail - Almoosa - MAATC,336335,3.00,3.00,0.00,OK
011,011 - Hail - Almoosa - MAATC,336336,2.00,2.00,0.00,OK
011,011 - Hail - Almoosa - MAATC,336337,1.00,1.00,0.00,OK
011,011 - Hail - Almoosa - MAATC,336338,1.00,1.00,0.00,OK
011,011 - Hail - Almoosa - MAATC,336339,1.00,1.00,0.00,OK
011,011 - Hail - Almoosa - MAATC,336340,2.00,2.00,0.00,OK
011,011 - Hail - Almoosa - MAATC,336341,3.00,3.00,0.00,OK
011,011 - Hail - Almoosa - MAATC,336342,2.00,2.00,0.00,OK
011,011 - Hail - Almoosa - MAATC,336343,1.00,1.00,0.00,OK
011,011 - Hail - Almoosa - MAATC,336344,1.00,1.00,0.00,OK
011,011 - Hail - Almoosa - MAATC,336346,2.00,2.00,0.00,OK
011,011 - Hail - Almoosa - MAATC,336349,1.00,1.00,0.00,OK
011,011 - Hail - Almoosa - MAATC,336351,1.00,1.00,0.00,OK
011,011 - Hail - Almoosa - MAATC,336352,2.00,2.00,0.00,OK
011,011 - Hail - Almoosa - MAATC,336353,3.00,3.00,0.00,OK
011,011 - Hail - Almoosa - MAATC,336355,1.00,1.00,0.00,OK
011,011 - Hail - Almoosa - MAATC,336357,1.00,1.00,0.00,OK
011,011 - Hail - Almoosa - MAATC,336358,2.00,2.00,0.00,OK
011,011 - Hail - Almoosa - MAATC,336359,3.00,3.00,0.00,OK
011,011 - Hail - Almoosa - MAATC,336360,2.00,2.00,0.00,OK
011,011 - Hail - Almoosa - MAATC,336361,1.00,1.00,0.00,OK
011,011 - Hail - Almoosa - MAATC,336362,1.00,1.00,0.00,OK
011,011 - Hail - Almoosa - MAATC,336363,1.00,1.00,0.00,OK
011,011 - Hail - Almoosa - MAATC,336364,2.00,2.00,0.00,OK
011,011 - Hail - Almoosa - MAATC,336365,3.00,3.00,0.00,OK
011,011 - Hail - Almoosa - MAATC,336366,2.00,2.00,0.00,OK
011,011 - Hail - Almoosa - MAATC,336367,1.00,1.00,0.00,OK
011,011 - Hail - Almoosa - MAATC,336368,1.00,1.00,0.00,OK
011,011 - Hail - Almoosa - MAATC,336387,1.00,1.00,0.00,OK
011,011 - Hail - Almoosa - MAATC,336388,2.00,2.00,0.00,OK
011,011 - Hail - Almoosa - MAATC,336390,2.00,2.00,0.00,OK
011,011 - Hail - Almoosa - MAATC,336391,1.00,1.00,0.00,OK
011,011 - Hail - Almoosa - MAATC,336392,1.00,1.00,0.00,OK
011,011 - Hail - Almoosa - MAATC,336393,1.00,1.00,0.00,OK
011,011 - Hail - Almoosa - MAATC,336394,2.00,2.00,0.00,OK
011,011 - Hail - Almoosa - MAATC,336395,3.00,3.00,0.00,OK
011,011 - Hail - Almoosa - MAATC,336397,1.00,1.00,0.00,OK
011,011 - Hail - Almoosa - MAATC,336398,1.00,1.00,0.00,OK
011,011 - Hail - Almoosa - MAATC,336399,1.00,1.00,0.00,OK
011,011 - Hail - Almoosa - MAATC,336400,2.00,2.00,0.00,OK
011,011 - Hail - Almoosa - MAATC,336401,3.00,3.00,0.00,OK
011,011 - Hail - Almoosa - MAATC,336402,2.00,2.00,0.00,OK
011,011 - Hail - Almoosa - MAATC,336403,1.00,1.00,0.00,OK
011,011 - Hail - Almoosa - MAATC,336404,1.00,1.00,0.00,OK
011,011 - Hail - Almoosa - MAATC,336405,1.00,1.00,0.00,OK
011,011 - Hail - Almoosa - MAATC,336406,2.00,2.00,0.00,OK
011,011 - Hail - Almoosa - MAATC,336407,3.00,3.00,0.00,OK
011,011 - Hail - Almoosa - MAATC,336408,2.00,2.00,0.00,OK
011,011 - Hail - Almoosa - MAATC,336409,1.00,1.00,0.00,OK
011,011 - Hail - Almoosa - MAATC,336410,1.00,1.00,0.00,OK
011,011 - Hail - Almoosa - MAATC,336411,1.00,1.00,0.00,OK
011,011 - Hail - Almoosa - MAATC,336412,2.00,2.00,0.00,OK
011,011 - Hail - Almoosa - MAATC,336413,3.00,3.00,0.00,OK
011,011 - Hail - Almoosa - MAATC,336414,2.00,2.00,0.00,OK
011,011 - Hail - Almoosa - MAATC,336415,1.00,1.00,0.00,OK
011,011 - Hail - Almoosa - MAATC,336416,1.00,1.00,0.00,OK
011,011 - Hail - Almoosa - MAATC,336417,1.00,1.00,0.00,OK
011,011 - Hail - Almoosa - MAATC,336418,2.00,2.00,0.00,OK
011,011 - Hail - Almoosa - MAATC,336419,3.00,3.00,0.00,OK
011,011 - Hail - Almoosa - MAATC,336420,2.00,2.00,0.00,OK
011,011 - Hail - Almoosa - MAATC,336421,1.00,1.00,0.00,OK
011,011 - Hail - Almoosa - MAATC,336422,1.00,1.00,0.00,OK
011,011 - Hail - Almoosa - MAATC,336423,1.00,1.00,0.00,OK
011,011 - Hail - Almoosa - MAATC,336425,3.00,3.00,0.00,OK
011,011 - Hail - Almoosa - MAATC,336426,2.00,2.00,0.00,OK
011,011 - Hail - Almoosa - MAATC,336427,1.00,1.00,0.00,OK
011,011 - Hail - Almoosa - MAATC,336429,1.00,1.00,0.00,OK
011,011 - Hail - Almoosa - MAATC,336431,3.00,3.00,0.00,OK
011,011 - Hail - Almoosa - MAATC,336432,2.00,2.00,0.00,OK
011,011 - Hail - Almoosa - MAATC,336433,1.00,1.00,0.00,OK
011,011 - Hail - Almoosa - MAATC,336434,1.00,1.00,0.00,OK
011,011 - Hail - Almoosa - MAATC,336435,1.00,1.00,0.00,OK
011,011 - Hail - Almoosa - MAATC,336437,3.00,3.00,0.00,OK
011,011 - Hail - Almoosa - MAATC,336438,2.00,2.00,0.00,OK
011,011 - Hail - Almoosa - MAATC,336439,1.00,1.00,0.00,OK
011,011 - Hail - Almoosa - MAATC,336440,1.00,1.00,0.00,OK
011,011 - Hail - Almoosa - MAATC,336441,1.00,1.00,0.00,OK
011,011 - Hail - Almoosa - MAATC,336443,3.00,3.00,0.00,OK
011,011 - Hail - Almoosa - MAATC,336444,2.00,2.00,0.00,OK
011,011 - Hail - Almoosa - MAATC,336445,1.00,1.00,0.00,OK
011,011 - Hail - Almoosa - MAATC,336446,1.00,1.00,0.00,OK
011,011 - Hail - Almoosa - MAATC,336447,1.00,1.00,0.00,OK
011,011 - Hail - Almoosa - MAATC,336449,3.00,3.00,0.00,OK
011,011 - Hail - Almoosa - MAATC,336450,2.00,2.00,0.00,OK
011,011 - Hail - Almoosa - MAATC,336451,1.00,1.00,0.00,OK
011,011 - Hail - Almoosa - MAATC,336452,1.00,1.00,0.00,OK
011,011 - Hail - Almoosa - MAATC,336453,1.00,1.00,0.00,OK
011,011 - Hail - Almoosa - MAATC,336454,2.00,2.00,0.00,OK
011,011 - Hail - Almoosa - MAATC,336455,3.00,3.00,0.00,OK
011,011 - Hail - Almoosa - MAATC,336457,1.00,1.00,0.00,OK
011,011 - Hail - Almoosa - MAATC,336458,1.00,1.00,0.00,OK
011,011 - Hail - Almoosa - MAATC,336459,1.00,1.00,0.00,OK
011,011 - Hail - Almoosa - MAATC,336461,3.00,3.00,0.00,OK
011,011 - Hail - Almoosa - MAATC,336462,2.00,2.00,0.00,OK
011,011 - Hail - Almoosa - MAATC,336463,1.00,1.00,0.00,OK
011,011 - Hail - Almoosa - MAATC,336464,1.00,1.00,0.00,OK
011,011 - Hail - Almoosa - MAATC,336465,1.00,1.00,0.00,OK
011,011 - Hail - Almoosa - MAATC,336466,2.00,2.00,0.00,OK
011,011 - Hail - Almoosa - MAATC,336467,3.00,3.00,0.00,OK
011,011 - Hail - Almoosa - MAATC,336468,2.00,2.00,0.00,OK
011,011 - Hail - Almoosa - MAATC,336469,1.00,1.00,0.00,OK
011,011 - Hail - Almoosa - MAATC,336470,1.00,1.00,0.00,OK
011,011 - Hail - Almoosa - MAATC,336471,1.00,1.00,0.00,OK
011,011 - Hail - Almoosa - MAATC,336472,2.00,2.00,0.00,OK
011,011 - Hail - Almoosa - MAATC,336473,2.00,2.00,0.00,OK
011,011 - Hail - Almoosa - MAATC,336474,2.00,2.00,0.00,OK
011,011 - Hail - Almoosa - MAATC,336475,1.00,1.00,0.00,OK
011,011 - Hail - Almoosa - MAATC,336476,1.00,1.00,0.00,OK
011,011 - Hail - Almoosa - MAATC,336477,1.00,1.00,0.00,OK
011,011 - Hail - Almoosa - MAATC,336478,2.00,2.00,0.00,OK
011,011 - Hail - Almoosa - MAATC,336479,3.00,3.00,0.00,OK
011,011 - Hail - Almoosa - MAATC,336480,2.00,2.00,0.00,OK
011,011 - Hail - Almoosa - MAATC,336481,1.00,1.00,0.00,OK
011,011 - Hail - Almoosa - MAATC,336482,1.00,1.00,0.00,OK
019,019 - Geel Alnaka - MAATC,336007,2.00,2.00,0.00,OK
019,019 - Geel Alnaka - MAATC,336008,3.00,3.00,0.00,OK
019,019 - Geel Alnaka - MAATC,336009,2.00,2.00,0.00,OK
019,019 - Geel Alnaka - MAATC,336010,1.00,1.00,0.00,OK
019,019 - Geel Alnaka - MAATC,336011,1.00,1.00,0.00,OK
019,019 - Geel Alnaka - MAATC,336013,2.00,2.00,0.00,OK
019,019 - Geel Alnaka - MAATC,336014,3.00,3.00,0.00,OK
019,019 - Geel Alnaka - MAATC,336015,2.00,2.00,0.00,OK
019,019 - Geel Alnaka - MAATC,336016,1.00,1.00,0.00,OK
019,019 - Geel Alnaka - MAATC,336017,1.00,1.00,0.00,OK
019,019 - Geel Alnaka - MAATC,336018,1.00,1.00,0.00,OK
019,019 - Geel Alnaka - MAATC,336019,2.00,2.00,0.00,OK
019,019 - Geel Alnaka - MAATC,336020,2.00,2.00,0.00,OK
019,019 - Geel Alnaka - MAATC,336021,3.00,3.00,0.00,OK
019,019 - Geel Alnaka - MAATC,336022,3.00,3.00,0.00,OK
019,019 - Geel Alnaka - MAATC,336023,1.00,1.00,0.00,OK
019,019 - Geel Alnaka - MAATC,336024,2.00,2.00,0.00,OK
019,019 - Geel Alnaka - MAATC,336025,2.00,2.00,0.00,OK
019,019 - Geel Alnaka - MAATC,336026,3.00,3.00,0.00,OK
019,019 - Geel Alnaka - MAATC,336027,3.00,3.00,0.00,OK
019,019 - Geel Alnaka - MAATC,336028,1.00,1.00,0.00,OK
019,019 - Geel Alnaka - MAATC,336029,2.00,2.00,0.00,OK
019,019 - Geel Alnaka - MAATC,336030,2.00,2.00,0.00,OK
019,019 - Geel Alnaka - MAATC,336031,3.00,3.00,0.00,OK
019,019 - Geel Alnaka - MAATC,336032,3.00,3.00,0.00,OK
019,019 - Geel Alnaka - MAATC,336038,5.00,5.00,0.00,OK
019,019 - Geel Alnaka - MAATC,336039,5.00,5.00,0.00,OK
019,019 - Geel Alnaka - MAATC,336040,5.00,5.00,0.00,OK
019,019 - Geel Alnaka - MAATC,336041,5.00,5.00,0.00,OK
019,019 - Geel Alnaka - MAATC,336043,5.00,5.00,0.00,OK
019,019 - Geel Alnaka - MAATC,336044,5.00,5.00,0.00,OK
019,019 - Geel Alnaka - MAATC,336045,5.00,5.00,0.00,OK
019,019 - Geel Alnaka - MAATC,336046,5.00,5.00,0.00,OK
019,019 - Geel Alnaka - MAATC,336047,5.00,5.00,0.00,OK
019,019 - Geel Alnaka - MAATC,336048,9.00,9.00,0.00,OK
019,019 - Geel Alnaka - MAATC,336049,9.00,9.00,0.00,OK
019,019 - Geel Alnaka - MAATC,336050,9.00,9.00,0.00,OK
019,019 - Geel Alnaka - MAATC,336051,9.00,9.00,0.00,OK
019,019 - Geel Alnaka - MAATC,336052,9.00,9.00,0.00,OK
019,019 - Geel Alnaka - MAATC,336055,9.00,9.00,0.00,OK
019,019 - Geel Alnaka - MAATC,336056,9.00,9.00,0.00,OK
019,019 - Geel Alnaka - MAATC,336057,4.00,4.00,0.00,OK
019,019 - Geel Alnaka - MAATC,336058,7.00,7.00,0.00,OK
019,019 - Geel Alnaka - MAATC,336059,4.00,4.00,0.00,OK
019,019 - Geel Alnaka - MAATC,336060,4.00,4.00,0.00,OK
019,019 - Geel Alnaka - MAATC,336061,7.00,7.00,0.00,OK
019,019 - Geel Alnaka - MAATC,336062,4.00,4.00,0.00,OK
019,019 - Geel Alnaka - MAATC,336063,4.00,4.00,0.00,OK
019,019 - Geel Alnaka - MAATC,336064,7.00,7.00,0.00,OK
019,019 - Geel Alnaka - MAATC,336065,4.00,4.00,0.00,OK
019,019 - Geel Alnaka - MAATC,336066,4.00,4.00,0.00,OK
019,019 - Geel Alnaka - MAATC,336067,7.00,7.00,0.00,OK
019,019 - Geel Alnaka - MAATC,336068,4.00,4.00,0.00,OK
019,019 - Geel Alnaka - MAATC,336069,4.00,4.00,0.00,OK
019,019 - Geel Alnaka - MAATC,336070,7.00,7.00,0.00,OK
019,019 - Geel Alnaka - MAATC,336071,4.00,4.00,0.00,OK
019,019 - Geel Alnaka - MAATC,336072,4.00,4.00,0.00,OK
019,019 - Geel Alnaka - MAATC,336073,7.00,7.00,0.00,OK
019,019 - Geel Alnaka - MAATC,336074,4.00,4.00,0.00,OK
019,019 - Geel Alnaka - MAATC,336075,1.00,1.00,0.00,OK
019,019 - Geel Alnaka - MAATC,336076,2.00,2.00,0.00,OK
019,019 - Geel Alnaka - MAATC,336077,3.00,3.00,0.00,OK
019,019 - Geel Alnaka - MAATC,336078,2.00,2.00,0.00,OK
019,019 - Geel Alnaka - MAATC,336079,2.00,2.00,0.00,OK
019,019 - Geel Alnaka - MAATC,336080,1.00,1.00,0.00,OK
019,019 - Geel Alnaka - MAATC,336081,1.00,1.00,0.00,OK
019,019 - Geel Alnaka - MAATC,336082,1.00,1.00,0.00,OK
019,019 - Geel Alnaka - MAATC,336083,3.00,3.00,0.00,OK
019,019 - Geel Alnaka - MAATC,336084,2.00,2.00,0.00,OK
019,019 - Geel Alnaka - MAATC,336085,1.00,1.00,0.00,OK
019,019 - Geel Alnaka - MAATC,336086,1.00,1.00,0.00,OK
019,019 - Geel Alnaka - MAATC,336087,1.00,1.00,0.00,OK
019,019 - Geel Alnaka - MAATC,336088,1.00,1.00,0.00,OK
019,019 - Geel Alnaka - MAATC,336089,3.00,3.00,0.00,OK
019,019 - Geel Alnaka - MAATC,336090,2.00,2.00,0.00,OK
019,019 - Geel Alnaka - MAATC,336091,1.00,1.00,0.00,OK
019,019 - Geel Alnaka - MAATC,336092,1.00,1.00,0.00,OK
019,019 - Geel Alnaka - MAATC,336093,1.00,1.00,0.00,OK
019,019 - Geel Alnaka - MAATC,336094,1.00,1.00,0.00,OK
019,019 - Geel Alnaka - MAATC,336095,3.00,3.00,0.00,OK
019,019 - Geel Alnaka - MAATC,336096,2.00,2.00,0.00,OK
019,019 - Geel Alnaka - MAATC,336097,1.00,1.00,0.00,OK
019,019 - Geel Alnaka - MAATC,336098,1.00,1.00,0.00,OK
019,019 - Geel Alnaka - MAATC,336099,1.00,1.00,0.00,OK
019,019 - Geel Alnaka - MAATC,336100,1.00,1.00,0.00,OK
019,019 - Geel Alnaka - MAATC,336102,2.00,2.00,0.00,OK
019,019 - Geel Alnaka - MAATC,336103,1.00,1.00,0.00,OK
019,019 - Geel Alnaka - MAATC,336104,1.00,1.00,0.00,OK
019,019 - Geel Alnaka - MAATC,336105,1.00,1.00,0.00,OK
019,019 - Geel Alnaka - MAATC,336106,1.00,1.00,0.00,OK
019,019 - Geel Alnaka - MAATC,336107,1.00,1.00,0.00,OK
019,019 - Geel Alnaka - MAATC,336108,1.00,1.00,0.00,OK
019,019 - Geel Alnaka - MAATC,336109,1.00,1.00,0.00,OK
019,019 - Geel Alnaka - MAATC,336110,1.00,1.00,0.00,OK
019,019 - Geel Alnaka - MAATC,336111,1.00,1.00,0.00,OK
019,019 - Geel Alnaka - MAATC,336112,2.00,2.00,0.00,OK
019,019 - Geel Alnaka - MAATC,336113,3.00,3.00,0.00,OK
019,019 - Geel Alnaka - MAATC,336114,2.00,2.00,0.00,OK
019,019 - Geel Alnaka - MAATC,336115,1.00,1.00,0.00,OK
019,019 - Geel Alnaka - MAATC,336116,1.00,1.00,0.00,OK
019,019 - Geel Alnaka - MAATC,336117,1.00,1.00,0.00,OK
019,019 - Geel Alnaka - MAATC,336119,3.00,3.00,0.00,OK
019,019 - Geel Alnaka - MAATC,336120,2.00,2.00,0.00,OK
019,019 - Geel Alnaka - MAATC,336121,1.00,1.00,0.00,OK
019,019 - Geel Alnaka - MAATC,336122,1.00,1.00,0.00,OK
019,019 - Geel Alnaka - MAATC,336123,1.00,1.00,0.00,OK
019,019 - Geel Alnaka - MAATC,336124,2.00,2.00,0.00,OK
019,019 - Geel Alnaka - MAATC,336125,3.00,3.00,0.00,OK
019,019 - Geel Alnaka - MAATC,336126,2.00,2.00,0.00,OK
019,019 - Geel Alnaka - MAATC,336127,1.00,1.00,0.00,OK
019,019 - Geel Alnaka - MAATC,336128,1.00,1.00,0.00,OK
019,019 - Geel Alnaka - MAATC,336129,1.00,1.00,0.00,OK
019,019 - Geel Alnaka - MAATC,336130,2.00,2.00,0.00,OK
019,019 - Geel Alnaka - MAATC,336133,1.00,1.00,0.00,OK
019,019 - Geel Alnaka - MAATC,336134,1.00,1.00,0.00,OK
019,019 - Geel Alnaka - MAATC,336135,1.00,1.00,0.00,OK
019,019 - Geel Alnaka - MAATC,336136,1.00,1.00,0.00,OK
019,019 - Geel Alnaka - MAATC,336137,3.00,3.00,0.00,OK
019,019 - Geel Alnaka - MAATC,336138,2.00,2.00,0.00,OK
019,019 - Geel Alnaka - MAATC,336139,1.00,1.00,0.00,OK
019,019 - Geel Alnaka - MAATC,336140,1.00,1.00,0.00,OK
019,019 - Geel Alnaka - MAATC,336141,1.00,1.00,0.00,OK
019,019 - Geel Alnaka - MAATC,336142,1.00,1.00,0.00,OK
019,019 - Geel Alnaka - MAATC,336144,2.00,2.00,0.00,OK
019,019 - Geel Alnaka - MAATC,336147,1.00,1.00,0.00,OK
019,019 - Geel Alnaka - MAATC,336148,2.00,2.00,0.00,OK
019,019 - Geel Alnaka - MAATC,336149,3.00,3.00,0.00,OK
019,019 - Geel Alnaka - MAATC,336150,2.00,2.00,0.00,OK
019,019 - Geel Alnaka - MAATC,336151,1.00,1.00,0.00,OK
019,019 - Geel Alnaka - MAATC,336152,1.00,1.00,0.00,OK
019,019 - Geel Alnaka - MAATC,336153,1.00,1.00,0.00,OK
019,019 - Geel Alnaka - MAATC,336154,2.00,2.00,0.00,OK
019,019 - Geel Alnaka - MAATC,336155,3.00,3.00,0.00,OK
019,019 - Geel Alnaka - MAATC,336156,2.00,2.00,0.00,OK
019,019 - Geel Alnaka - MAATC,336157,1.00,1.00,0.00,OK
019,019 - Geel Alnaka - MAATC,336158,1.00,1.00,0.00,OK
019,019 - Geel Alnaka - MAATC,336159,1.00,1.00,0.00,OK
019,019 - Geel Alnaka - MAATC,336160,2.00,2.00,0.00,OK
019,019 - Geel Alnaka - MAATC,336161,3.00,3.00,0.00,OK
019,019 - Geel Alnaka - MAATC,336162,2.00,2.00,0.00,OK
019,019 - Geel Alnaka - MAATC,336163,1.00,1.00,0.00,OK
019,019 - Geel Alnaka - MAATC,336164,1.00,1.00,0.00,OK
019,019 - Geel Alnaka - MAATC,336166,2.00,2.00,0.00,OK
019,019 - Geel Alnaka - MAATC,336169,1.00,1.00,0.00,OK
019,019 - Geel Alnaka - MAATC,336170,1.00,1.00,0.00,OK
019,019 - Geel Alnaka - MAATC,336171,1.00,1.00,0.00,OK
019,019 - Geel Alnaka - MAATC,336174,2.00,2.00,0.00,OK
019,019 - Geel Alnaka - MAATC,336175,1.00,1.00,0.00,OK
019,019 - Geel Alnaka - MAATC,336176,1.00,1.00,0.00,OK
019,019 - Geel Alnaka - MAATC,336177,1.00,1.00,0.00,OK
019,019 - Geel Alnaka - MAATC,336178,2.00,2.00,0.00,OK
019,019 - Geel Alnaka - MAATC,336179,3.00,3.00,0.00,OK
019,019 - Geel Alnaka - MAATC,336180,2.00,2.00,0.00,OK
019,019 - Geel Alnaka - MAATC,336181,1.00,1.00,0.00,OK
019,019 - Geel Alnaka - MAATC,336182,1.00,1.00,0.00,OK
019,019 - Geel Alnaka - MAATC,336183,1.00,1.00,0.00,OK
019,019 - Geel Alnaka - MAATC,336184,2.00,2.00,0.00,OK
019,019 - Geel Alnaka - MAATC,336186,2.00,2.00,0.00,OK
019,019 - Geel Alnaka - MAATC,336187,1.00,1.00,0.00,OK
019,019 - Geel Alnaka - MAATC,336188,1.00,1.00,0.00,OK
019,019 - Geel Alnaka - MAATC,336189,1.00,1.00,0.00,OK
019,019 - Geel Alnaka - MAATC,336190,2.00,2.00,0.00,OK
019,019 - Geel Alnaka - MAATC,336191,3.00,3.00,0.00,OK
019,019 - Geel Alnaka - MAATC,336192,2.00,2.00,0.00,OK
019,019 - Geel Alnaka - MAATC,336193,1.00,1.00,0.00,OK
019,019 - Geel Alnaka - MAATC,336194,1.00,1.00,0.00,OK
019,019 - Geel Alnaka - MAATC,336195,1.00,1.00,0.00,OK
019,019 - Geel Alnaka - MAATC,336196,2.00,2.00,0.00,OK
019,019 - Geel Alnaka - MAATC,336197,3.00,3.00,0.00,OK
019,019 - Geel Alnaka - MAATC,336198,2.00,2.00,0.00,OK
019,019 - Geel Alnaka - MAATC,336199,1.00,1.00,0.00,OK
019,019 - Geel Alnaka - MAATC,336200,1.00,1.00,0.00,OK
019,019 - Geel Alnaka - MAATC,336202,2.00,2.00,0.00,OK
019,019 - Geel Alnaka - MAATC,336205,1.00,1.00,0.00,OK
019,019 - Geel Alnaka - MAATC,336206,1.00,1.00,0.00,OK
019,019 - Geel Alnaka - MAATC,336207,1.00,1.00,0.00,OK
019,019 - Geel Alnaka - MAATC,336208,2.00,2.00,0.00,OK
019,019 - Geel Alnaka - MAATC,336209,3.00,3.00,0.00,OK
019,019 - Geel Alnaka - MAATC,336211,1.00,1.00,0.00,OK
019,019 - Geel Alnaka - MAATC,336212,1.00,1.00,0.00,OK
019,019 - Geel Alnaka - MAATC,336213,1.00,1.00,0.00,OK
019,019 - Geel Alnaka - MAATC,336214,2.00,2.00,0.00,OK
019,019 - Geel Alnaka - MAATC,336215,3.00,3.00,0.00,OK
019,019 - Geel Alnaka - MAATC,336217,1.00,1.00,0.00,OK
019,019 - Geel Alnaka - MAATC,336218,1.00,1.00,0.00,OK
019,019 - Geel Alnaka - MAATC,336219,1.00,1.00,0.00,OK
019,019 - Geel Alnaka - MAATC,336220,1.00,1.00,0.00,OK
019,019 - Geel Alnaka - MAATC,336221,3.00,3.00,0.00,OK
019,019 - Geel Alnaka - MAATC,336222,2.00,2.00,0.00,OK
019,019 - Geel Alnaka - MAATC,336223,1.00,1.00,0.00,OK
019,019 - Geel Alnaka - MAATC,336224,1.00,1.00,0.00,OK
019,019 - Geel Alnaka - MAATC,336225,1.00,1.00,0.00,OK
019,019 - Geel Alnaka - MAATC,336226,1.00,1.00,0.00,OK
019,019 - Geel Alnaka - MAATC,336227,3.00,3.00,0.00,OK
019,019 - Geel Alnaka - MAATC,336228,2.00,2.00,0.00,OK
019,019 - Geel Alnaka - MAATC,336229,1.00,1.00,0.00,OK
019,019 - Geel Alnaka - MAATC,336230,1.00,1.00,0.00,OK
019,019 - Geel Alnaka - MAATC,336231,1.00,1.00,0.00,OK
019,019 - Geel Alnaka - MAATC,336232,1.00,1.00,0.00,OK
019,019 - Geel Alnaka - MAATC,336233,3.00,3.00,0.00,OK
019,019 - Geel Alnaka - MAATC,336234,2.00,2.00,0.00,OK
019,019 - Geel Alnaka - MAATC,336235,1.00,1.00,0.00,OK
019,019 - Geel Alnaka - MAATC,336236,1.00,1.00,0.00,OK
019,019 - Geel Alnaka - MAATC,336238,1.00,1.00,0.00,OK
019,019 - Geel Alnaka - MAATC,336239,3.00,3.00,0.00,OK
019,019 - Geel Alnaka - MAATC,336240,2.00,2.00,0.00,OK
019,019 - Geel Alnaka - MAATC,336241,1.00,1.00,0.00,OK
019,019 - Geel Alnaka - MAATC,336242,1.00,1.00,0.00,OK
019,019 - Geel Alnaka - MAATC,336243,1.00,1.00,0.00,OK
019,019 - Geel Alnaka - MAATC,336244,1.00,1.00,0.00,OK
019,019 - Geel Alnaka - MAATC,336245,3.00,3.00,0.00,OK
019,019 - Geel Alnaka - MAATC,336246,2.00,2.00,0.00,OK
019,019 - Geel Alnaka - MAATC,336247,1.00,1.00,0.00,OK
019,019 - Geel Alnaka - MAATC,336250,1.00,1.00,0.00,OK
019,019 - Geel Alnaka - MAATC,336251,3.00,3.00,0.00,OK
019,019 - Geel Alnaka - MAATC,336252,2.00,2.00,0.00,OK
019,019 - Geel Alnaka - MAATC,336253,1.00,1.00,0.00,OK
019,019 - Geel Alnaka - MAATC,336254,1.00,1.00,0.00,OK
019,019 - Geel Alnaka - MAATC,336255,1.00,1.00,0.00,OK
019,019 - Geel Alnaka - MAATC,336256,1.00,1.00,0.00,OK
019,019 - Geel Alnaka - MAATC,336258,2.00,2.00,0.00,OK
019,019 - Geel Alnaka - MAATC,336259,1.00,1.00,0.00,OK
019,019 - Geel Alnaka - MAATC,336260,1.00,1.00,0.00,OK
019,019 - Geel Alnaka - MAATC,336261,1.00,1.00,0.00,OK
019,019 - Geel Alnaka - MAATC,336262,1.00,1.00,0.00,OK
019,019 - Geel Alnaka - MAATC,336263,3.00,3.00,0.00,OK
019,019 - Geel Alnaka - MAATC,336264,2.00,2.00,0.00,OK
019,019 - Geel Alnaka - MAATC,336265,1.00,1.00,0.00,OK
019,019 - Geel Alnaka - MAATC,336266,1.00,1.00,0.00,OK
019,019 - Geel Alnaka - MAATC,336267,1.00,1.00,0.00,OK
019,019 - Geel Alnaka - MAATC,336268,1.00,1.00,0.00,OK
019,019 - Geel Alnaka - MAATC,336269,3.00,3.00,0.00,OK
019,019 - Geel Alnaka - MAATC,336270,2.00,2.00,0.00,OK
019,019 - Geel Alnaka - MAATC,336271,1.00,1.00,0.00,OK
019,019 - Geel Alnaka - MAATC,336272,1.00,1.00,0.00,OK
019,019 - Geel Alnaka - MAATC,336273,1.00,1.00,0.00,OK
019,019 - Geel Alnaka - MAATC,336274,1.00,1.00,0.00,OK
019,019 - Geel Alnaka - MAATC,336275,3.00,3.00,0.00,OK
019,019 - Geel Alnaka - MAATC,336276,2.00,2.00,0.00,OK
019,019 - Geel Alnaka - MAATC,336277,1.00,1.00,0.00,OK
019,019 - Geel Alnaka - MAATC,336278,1.00,1.00,0.00,OK
019,019 - Geel Alnaka - MAATC,336279,1.00,1.00,0.00,OK
019,019 - Geel Alnaka - MAATC,336280,2.00,2.00,0.00,OK
019,019 - Geel Alnaka - MAATC,336281,3.00,3.00,0.00,OK
019,019 - Geel Alnaka - MAATC,336282,2.00,2.00,0.00,OK
019,019 - Geel Alnaka - MAATC,336283,1.00,1.00,0.00,OK
019,019 - Geel Alnaka - MAATC,336284,1.00,1.00,0.00,OK
019,019 - Geel Alnaka - MAATC,336285,1.00,1.00,0.00,OK
019,019 - Geel Alnaka - MAATC,336286,2.00,2.00,0.00,OK
019,019 - Geel Alnaka - MAATC,336287,3.00,3.00,0.00,OK
019,019 - Geel Alnaka - MAATC,336288,2.00,2.00,0.00,OK
019,019 - Geel Alnaka - MAATC,336289,1.00,1.00,0.00,OK
019,019 - Geel Alnaka - MAATC,336290,1.00,1.00,0.00,OK
019,019 - Geel Alnaka - MAATC,336291,1.00,1.00,0.00,OK
019,019 - Geel Alnaka - MAATC,336292,2.00,2.00,0.00,OK
019,019 - Geel Alnaka - MAATC,336293,3.00,3.00,0.00,OK
019,019 - Geel Alnaka - MAATC,336294,2.00,2.00,0.00,OK
019,019 - Geel Alnaka - MAATC,336295,1.00,1.00,0.00,OK
019,019 - Geel Alnaka - MAATC,336296,1.00,1.00,0.00,OK
019,019 - Geel Alnaka - MAATC,336297,1.00,1.00,0.00,OK
019,019 - Geel Alnaka - MAATC,336298,2.00,2.00,0.00,OK
019,019 - Geel Alnaka - MAATC,336299,3.00,3.00,0.00,OK
019,019 - Geel Alnaka - MAATC,336300,2.00,2.00,0.00,OK
019,019 - Geel Alnaka - MAATC,336301,1.00,1.00,0.00,OK
019,019 - Geel Alnaka - MAATC,336302,1.00,1.00,0.00,OK
019,019 - Geel Alnaka - MAATC,336303,1.00,1.00,0.00,OK
019,019 - Geel Alnaka - MAATC,336304,2.00,2.00,0.00,OK
019,019 - Geel Alnaka - MAATC,336305,3.00,3.00,0.00,OK
019,019 - Geel Alnaka - MAATC,336306,2.00,2.00,0.00,OK
019,019 - Geel Alnaka - MAATC,336307,1.00,1.00,0.00,OK
019,019 - Geel Alnaka - MAATC,336308,1.00,1.00,0.00,OK
019,019 - Geel Alnaka - MAATC,336309,1.00,1.00,0.00,OK
019,019 - Geel Alnaka - MAATC,336310,2.00,2.00,0.00,OK
019,019 - Geel Alnaka - MAATC,336311,3.00,3.00,0.00,OK
019,019 - Geel Alnaka - MAATC,336312,2.00,2.00,0.00,OK
019,019 - Geel Alnaka - MAATC,336313,1.00,1.00,0.00,OK
019,019 - Geel Alnaka - MAATC,336314,1.00,1.00,0.00,OK
019,019 - Geel Alnaka - MAATC,336315,1.00,1.00,0.00,OK
019,019 - Geel Alnaka - MAATC,336316,2.00,2.00,0.00,OK
019,019 - Geel Alnaka - MAATC,336317,3.00,3.00,0.00,OK
019,019 - Geel Alnaka - MAATC,336318,2.00,2.00,0.00,OK
019,019 - Geel Alnaka - MAATC,336319,1.00,1.00,0.00,OK
019,019 - Geel Alnaka - MAATC,336320,1.00,1.00,0.00,OK
019,019 - Geel Alnaka - MAATC,336321,1.00,1.00,0.00,OK
019,019 - Geel Alnaka - MAATC,336322,1.00,1.00,0.00,OK
019,019 - Geel Alnaka - MAATC,336323,3.00,3.00,0.00,OK
019,019 - Geel Alnaka - MAATC,336324,2.00,2.00,0.00,OK
019,019 - Geel Alnaka - MAATC,336325,1.00,1.00,0.00,OK
019,019 - Geel Alnaka - MAATC,336326,1.00,1.00,0.00,OK
019,019 - Geel Alnaka - MAATC,336327,1.00,1.00,0.00,OK
019,019 - Geel Alnaka - MAATC,336328,1.00,1.00,0.00,OK
019,019 - Geel Alnaka - MAATC,336329,3.00,3.00,0.00,OK
019,019 - Geel Alnaka - MAATC,336330,2.00,2.00,0.00,OK
019,019 - Geel Alnaka - MAATC,336331,1.00,1.00,0.00,OK
019,019 - Geel Alnaka - MAATC,336332,1.00,1.00,0.00,OK
019,019 - Geel Alnaka - MAATC,336333,1.00,1.00,0.00,OK
019,019 - Geel Alnaka - MAATC,336334,1.00,1.00,0.00,OK
019,019 - Geel Alnaka - MAATC,336335,3.00,3.00,0.00,OK
019,019 - Geel Alnaka - MAATC,336336,2.00,2.00,0.00,OK
019,019 - Geel Alnaka - MAATC,336337,1.00,1.00,0.00,OK
019,019 - Geel Alnaka - MAATC,336338,1.00,1.00,0.00,OK
019,019 - Geel Alnaka - MAATC,336339,1.00,1.00,0.00,OK
019,019 - Geel Alnaka - MAATC,336340,1.00,1.00,0.00,OK
019,019 - Geel Alnaka - MAATC,336341,3.00,3.00,0.00,OK
019,019 - Geel Alnaka - MAATC,336342,2.00,2.00,0.00,OK
019,019 - Geel Alnaka - MAATC,336343,1.00,1.00,0.00,OK
019,019 - Geel Alnaka - MAATC,336344,1.00,1.00,0.00,OK
019,019 - Geel Alnaka - MAATC,336346,1.00,1.00,0.00,OK
019,019 - Geel Alnaka - MAATC,336349,1.00,1.00,0.00,OK
019,019 - Geel Alnaka - MAATC,336351,1.00,1.00,0.00,OK
019,019 - Geel Alnaka - MAATC,336352,1.00,1.00,0.00,OK
019,019 - Geel Alnaka - MAATC,336353,3.00,3.00,0.00,OK
019,019 - Geel Alnaka - MAATC,336355,1.00,1.00,0.00,OK
019,019 - Geel Alnaka - MAATC,336356,1.00,1.00,0.00,OK
019,019 - Geel Alnaka - MAATC,336357,1.00,1.00,0.00,OK
019,019 - Geel Alnaka - MAATC,336358,2.00,2.00,0.00,OK
019,019 - Geel Alnaka - MAATC,336359,3.00,3.00,0.00,OK
019,019 - Geel Alnaka - MAATC,336360,2.00,2.00,0.00,OK
019,019 - Geel Alnaka - MAATC,336361,1.00,1.00,0.00,OK
019,019 - Geel Alnaka - MAATC,336362,1.00,1.00,0.00,OK
019,019 - Geel Alnaka - MAATC,336363,1.00,1.00,0.00,OK
019,019 - Geel Alnaka - MAATC,336364,2.00,2.00,0.00,OK
019,019 - Geel Alnaka - MAATC,336365,3.00,3.00,0.00,OK
019,019 - Geel Alnaka - MAATC,336366,2.00,2.00,0.00,OK
019,019 - Geel Alnaka - MAATC,336367,1.00,1.00,0.00,OK
019,019 - Geel Alnaka - MAATC,336368,1.00,1.00,0.00,OK
019,019 - Geel Alnaka - MAATC,336369,1.00,1.00,0.00,OK
019,019 - Geel Alnaka - MAATC,336370,1.00,1.00,0.00,OK
019,019 - Geel Alnaka - MAATC,336371,3.00,3.00,0.00,OK
019,019 - Geel Alnaka - MAATC,336372,2.00,2.00,0.00,OK
019,019 - Geel Alnaka - MAATC,336373,1.00,1.00,0.00,OK
019,019 - Geel Alnaka - MAATC,336374,1.00,1.00,0.00,OK
019,019 - Geel Alnaka - MAATC,336375,1.00,1.00,0.00,OK
019,019 - Geel Alnaka - MAATC,336376,1.00,1.00,0.00,OK
019,019 - Geel Alnaka - MAATC,336377,3.00,3.00,0.00,OK
019,019 - Geel Alnaka - MAATC,336378,2.00,2.00,0.00,OK
019,019 - Geel Alnaka - MAATC,336379,1.00,1.00,0.00,OK
019,019 - Geel Alnaka - MAATC,336380,1.00,1.00,0.00,OK
019,019 - Geel Alnaka - MAATC,336381,1.00,1.00,0.00,OK
019,019 - Geel Alnaka - MAATC,336382,1.00,1.00,0.00,OK
019,019 - Geel Alnaka - MAATC,336383,3.00,3.00,0.00,OK
019,019 - Geel Alnaka - MAATC,336384,2.00,2.00,0.00,OK
019,019 - Geel Alnaka - MAATC,336385,1.00,1.00,0.00,OK
019,019 - Geel Alnaka - MAATC,336386,1.00,1.00,0.00,OK
019,019 - Geel Alnaka - MAATC,336387,1.00,1.00,0.00,OK
019,019 - Geel Alnaka - MAATC,336388,2.00,2.00,0.00,OK
019,019 - Geel Alnaka - MAATC,336390,2.00,2.00,0.00,OK
019,019 - Geel Alnaka - MAATC,336391,1.00,1.00,0.00,OK
019,019 - Geel Alnaka - MAATC,336392,1.00,1.00,0.00,OK
019,019 - Geel Alnaka - MAATC,336393,1.00,1.00,0.00,OK
019,019 - Geel Alnaka - MAATC,336394,2.00,2.00,0.00,OK
019,019 - Geel Alnaka - MAATC,336395,3.00,3.00,0.00,OK
019,019 - Geel Alnaka - MAATC,336397,1.00,1.00,0.00,OK
019,019 - Geel Alnaka - MAATC,336398,1.00,1.00,0.00,OK
019,019 - Geel Alnaka - MAATC,336399,1.00,1.00,0.00,OK
019,019 - Geel Alnaka - MAATC,336400,2.00,2.00,0.00,OK
019,019 - Geel Alnaka - MAATC,336401,3.00,3.00,0.00,OK
019,019 - Geel Alnaka - MAATC,336402,2.00,2.00,0.00,OK
019,019 - Geel Alnaka - MAATC,336403,1.00,1.00,0.00,OK
019,019 - Geel Alnaka - MAATC,336404,1.00,1.00,0.00,OK
019,019 - Geel Alnaka - MAATC,336405,1.00,1.00,0.00,OK
019,019 - Geel Alnaka - MAATC,336406,2.00,2.00,0.00,OK
019,019 - Geel Alnaka - MAATC,336407,3.00,3.00,0.00,OK
019,019 - Geel Alnaka - MAATC,336408,2.00,2.00,0.00,OK
019,019 - Geel Alnaka - MAATC,336409,1.00,1.00,0.00,OK
019,019 - Geel Alnaka - MAATC,336410,1.00,1.00,0.00,OK
019,019 - Geel Alnaka - MAATC,336411,1.00,1.00,0.00,OK
019,019 - Geel Alnaka - MAATC,336412,1.00,1.00,0.00,OK
019,019 - Geel Alnaka - MAATC,336413,3.00,3.00,0.00,OK
019,019 - Geel Alnaka - MAATC,336414,2.00,2.00,0.00,OK
019,019 - Geel Alnaka - MAATC,336415,1.00,1.00,0.00,OK
019,019 - Geel Alnaka - MAATC,336416,1.00,1.00,0.00,OK
019,019 - Geel Alnaka - MAATC,336417,1.00,1.00,0.00,OK
019,019 - Geel Alnaka - MAATC,336418,1.00,1.00,0.00,OK
019,019 - Geel Alnaka - MAATC,336419,3.00,3.00,0.00,OK
019,019 - Geel Alnaka - MAATC,336420,2.00,2.00,0.00,OK
019,019 - Geel Alnaka - MAATC,336421,1.00,1.00,0.00,OK
019,019 - Geel Alnaka - MAATC,336422,1.00,1.00,0.00,OK
019,019 - Geel Alnaka - MAATC,336423,1.00,1.00,0.00,OK
019,019 - Geel Alnaka - MAATC,336424,1.00,1.00,0.00,OK
019,019 - Geel Alnaka - MAATC,336425,3.00,3.00,0.00,OK
019,019 - Geel Alnaka - MAATC,336426,2.00,2.00,0.00,OK
019,019 - Geel Alnaka - MAATC,336427,1.00,1.00,0.00,OK
019,019 - Geel Alnaka - MAATC,336429,1.00,1.00,0.00,OK
019,019 - Geel Alnaka - MAATC,336431,3.00,3.00,0.00,OK
019,019 - Geel Alnaka - MAATC,336432,2.00,2.00,0.00,OK
019,019 - Geel Alnaka - MAATC,336433,1.00,1.00,0.00,OK
019,019 - Geel Alnaka - MAATC,336434,1.00,1.00,0.00,OK
019,019 - Geel Alnaka - MAATC,336435,1.00,1.00,0.00,OK
019,019 - Geel Alnaka - MAATC,336437,3.00,3.00,0.00,OK
019,019 - Geel Alnaka - MAATC,336438,2.00,2.00,0.00,OK
019,019 - Geel Alnaka - MAATC,336439,1.00,1.00,0.00,OK
019,019 - Geel Alnaka - MAATC,336440,1.00,1.00,0.00,OK
019,019 - Geel Alnaka - MAATC,336441,1.00,1.00,0.00,OK
019,019 - Geel Alnaka - MAATC,336443,3.00,3.00,0.00,OK
019,019 - Geel Alnaka - MAATC,336444,2.00,2.00,0.00,OK
019,019 - Geel Alnaka - MAATC,336445,1.00,1.00,0.00,OK
019,019 - Geel Alnaka - MAATC,336446,1.00,1.00,0.00,OK
019,019 - Geel Alnaka - MAATC,336447,1.00,1.00,0.00,OK
019,019 - Geel Alnaka - MAATC,336448,1.00,1.00,0.00,OK
019,019 - Geel Alnaka - MAATC,336449,3.00,3.00,0.00,OK
019,019 - Geel Alnaka - MAATC,336450,2.00,2.00,0.00,OK
019,019 - Geel Alnaka - MAATC,336451,1.00,1.00,0.00,OK
019,019 - Geel Alnaka - MAATC,336452,1.00,1.00,0.00,OK
019,019 - Geel Alnaka - MAATC,336453,1.00,1.00,0.00,OK
019,019 - Geel Alnaka - MAATC,336454,1.00,1.00,0.00,OK
019,019 - Geel Alnaka - MAATC,336455,3.00,3.00,0.00,OK
019,019 - Geel Alnaka - MAATC,336456,2.00,2.00,0.00,OK
019,019 - Geel Alnaka - MAATC,336457,1.00,1.00,0.00,OK
019,019 - Geel Alnaka - MAATC,336458,1.00,1.00,0.00,OK
019,019 - Geel Alnaka - MAATC,336459,1.00,1.00,0.00,OK
019,019 - Geel Alnaka - MAATC,336462,2.00,2.00,0.00,OK
019,019 - Geel Alnaka - MAATC,336463,1.00,1.00,0.00,OK
019,019 - Geel Alnaka - MAATC,336464,1.00,1.00,0.00,OK
019,019 - Geel Alnaka - MAATC,336465,1.00,1.00,0.00,OK
019,019 - Geel Alnaka - MAATC,336466,2.00,2.00,0.00,OK
019,019 - Geel Alnaka - MAATC,336467,3.00,3.00,0.00,OK
019,019 - Geel Alnaka - MAATC,336468,2.00,2.00,0.00,OK
019,019 - Geel Alnaka - MAATC,336469,1.00,1.00,0.00,OK
019,019 - Geel Alnaka - MAATC,336470,1.00,1.00,0.00,OK
019,019 - Geel Alnaka - MAATC,336471,1.00,1.00,0.00,OK
019,019 - Geel Alnaka - MAATC,336472,1.00,1.00,0.00,OK
019,019 - Geel Alnaka - MAATC,336473,3.00,3.00,0.00,OK
019,019 - Geel Alnaka - MAATC,336474,2.00,2.00,0.00,OK
019,019 - Geel Alnaka - MAATC,336475,1.00,1.00,0.00,OK
019,019 - Geel Alnaka - MAATC,336476,1.00,1.00,0.00,OK
019,019 - Geel Alnaka - MAATC,336477,1.00,1.00,0.00,OK
019,019 - Geel Alnaka - MAATC,336478,1.00,1.00,0.00,OK
019,019 - Geel Alnaka - MAATC,336479,3.00,3.00,0.00,OK
019,019 - Geel Alnaka - MAATC,336480,2.00,2.00,0.00,OK
019,019 - Geel Alnaka - MAATC,336481,1.00,1.00,0.00,OK
019,019 - Geel Alnaka - MAATC,336482,1.00,1.00,0.00,OK
019,019 - Geel Alnaka - MAATC,336483,1.00,1.00,0.00,OK
019,019 - Geel Alnaka - MAATC,336484,2.00,2.00,0.00,OK
019,019 - Geel Alnaka - MAATC,336485,2.00,2.00,0.00,OK
019,019 - Geel Alnaka - MAATC,336486,2.00,2.00,0.00,OK
019,019 - Geel Alnaka - MAATC,336487,1.00,1.00,0.00,OK
019,019 - Geel Alnaka - MAATC,336488,1.00,1.00,0.00,OK
019,019 - Geel Alnaka - MAATC,336490,2.00,2.00,0.00,OK
019,019 - Geel Alnaka - MAATC,336491,2.00,2.00,0.00,OK
019,019 - Geel Alnaka - MAATC,336492,2.00,2.00,0.00,OK
019,019 - Geel Alnaka - MAATC,336493,1.00,1.00,0.00,OK
019,019 - Geel Alnaka - MAATC,336494,1.00,1.00,0.00,OK
019,019 - Geel Alnaka - MAATC,336496,1.00,1.00,0.00,OK
019,019 - Geel Alnaka - MAATC,336497,1.00,1.00,0.00,OK
019,019 - Geel Alnaka - MAATC,336498,2.00,2.00,0.00,OK
019,019 - Geel Alnaka - MAATC,336502,2.00,2.00,0.00,OK
019,019 - Geel Alnaka - MAATC,336503,2.00,2.00,0.00,OK
019,019 - Geel Alnaka - MAATC,336504,2.00,2.00,0.00,OK
019,019 - Geel Alnaka - MAATC,336505,1.00,1.00,0.00,OK
019,019 - Geel Alnaka - MAATC,336506,1.00,1.00,0.00,OK
019,019 - Geel Alnaka - MAATC,336507,1.00,1.00,0.00,OK
019,019 - Geel Alnaka - MAATC,336508,2.00,2.00,0.00,OK
019,019 - Geel Alnaka - MAATC,336509,2.00,2.00,0.00,OK
019,019 - Geel Alnaka - MAATC,336510,2.00,2.00,0.00,OK
019,019 - Geel Alnaka - MAATC,336511,1.00,1.00,0.00,OK
019,019 - Geel Alnaka - MAATC,336512,1.00,1.00,0.00,OK
019,019 - Geel Alnaka - MAATC,336513,1.00,1.00,0.00,OK
019,019 - Geel Alnaka - MAATC,336514,2.00,2.00,0.00,OK
019,019 - Geel Alnaka - MAATC,336515,2.00,2.00,0.00,OK
019,019 - Geel Alnaka - MAATC,336516,2.00,2.00,0.00,OK
019,019 - Geel Alnaka - MAATC,336517,1.00,1.00,0.00,OK
019,019 - Geel Alnaka - MAATC,336518,1.00,1.00,0.00,OK
019,019 - Geel Alnaka - MAATC,336519,1.00,1.00,0.00,OK
019,019 - Geel Alnaka - MAATC,336520,2.00,2.00,0.00,OK
019,019 - Geel Alnaka - MAATC,336521,2.00,2.00,0.00,OK
019,019 - Geel Alnaka - MAATC,336522,2.00,2.00,0.00,OK
019,019 - Geel Alnaka - MAATC,336523,1.00,1.00,0.00,OK
019,019 - Geel Alnaka - MAATC,336524,1.00,1.00,0.00,OK
019,019 - Geel Alnaka - MAATC,336525,1.00,1.00,0.00,OK
019,019 - Geel Alnaka - MAATC,336526,2.00,2.00,0.00,OK
019,019 - Geel Alnaka - MAATC,336527,2.00,2.00,0.00,OK
019,019 - Geel Alnaka - MAATC,336529,1.00,1.00,0.00,OK
019,019 - Geel Alnaka - MAATC,336530,1.00,1.00,0.00,OK
019,019 - Geel Alnaka - MAATC,336531,1.00,1.00,0.00,OK
019,019 - Geel Alnaka - MAATC,336532,2.00,2.00,0.00,OK
019,019 - Geel Alnaka - MAATC,336533,2.00,2.00,0.00,OK
019,019 - Geel Alnaka - MAATC,336534,2.00,2.00,0.00,OK
019,019 - Geel Alnaka - MAATC,336535,1.00,1.00,0.00,OK
019,019 - Geel Alnaka - MAATC,336536,1.00,1.00,0.00,OK
019,019 - Geel Alnaka - MAATC,336537,1.00,1.00,0.00,OK
019,019 - Geel Alnaka - MAATC,336538,2.00,2.00,0.00,OK
019,019 - Geel Alnaka - MAATC,336539,2.00,2.00,0.00,OK
019,019 - Geel Alnaka - MAATC,336542,1.00,1.00,0.00,OK
019,019 - Geel Alnaka - MAATC,336543,1.00,1.00,0.00,OK
019,019 - Geel Alnaka - MAATC,336544,2.00,2.00,0.00,OK
019,019 - Geel Alnaka - MAATC,336545,2.00,2.00,0.00,OK
019,019 - Geel Alnaka - MAATC,336546,2.00,2.00,0.00,OK
019,019 - Geel Alnaka - MAATC,336547,1.00,1.00,0.00,OK
019,019 - Geel Alnaka - MAATC,336548,1.00,1.00,0.00,OK
019,019 - Geel Alnaka - MAATC,336549,1.00,1.00,0.00,OK
019,019 - Geel Alnaka - MAATC,336550,2.00,2.00,0.00,OK
019,019 - Geel Alnaka - MAATC,336551,2.00,2.00,0.00,OK
019,019 - Geel Alnaka - MAATC,336552,2.00,2.00,0.00,OK
019,019 - Geel Alnaka - MAATC,336554,1.00,1.00,0.00,OK
019,019 - Geel Alnaka - MAATC,336555,1.00,1.00,0.00,OK
019,019 - Geel Alnaka - MAATC,336556,2.00,2.00,0.00,OK
019,019 - Geel Alnaka - MAATC,336557,2.00,2.00,0.00,OK
019,019 - Geel Alnaka - MAATC,336558,2.00,2.00,0.00,OK
019,019 - Geel Alnaka - MAATC,336559,1.00,1.00,0.00,OK
019,019 - Geel Alnaka - MAATC,336560,1.00,1.00,0.00,OK
019,019 - Geel Alnaka - MAATC,336561,1.00,1.00,0.00,OK
019,019 - Geel Alnaka - MAATC,336562,2.00,2.00,0.00,OK
019,019 - Geel Alnaka - MAATC,336563,2.00,2.00,0.00,OK
019,019 - Geel Alnaka - MAATC,336564,2.00,2.00,0.00,OK
019,019 - Geel Alnaka - MAATC,336565,1.00,1.00,0.00,OK
019,019 - Geel Alnaka - MAATC,336566,1.00,1.00,0.00,OK
019,019 - Geel Alnaka - MAATC,336567,1.00,1.00,0.00,OK
019,019 - Geel Alnaka - MAATC,336568,2.00,2.00,0.00,OK
019,019 - Geel Alnaka - MAATC,336569,2.00,2.00,0.00,OK
019,019 - Geel Alnaka - MAATC,336570,2.00,2.00,0.00,OK
019,019 - Geel Alnaka - MAATC,336571,1.00,1.00,0.00,OK
019,019 - Geel Alnaka - MAATC,336572,1.00,1.00,0.00,OK
019,019 - Geel Alnaka - MAATC,336573,1.00,1.00,0.00,OK
019,019 - Geel Alnaka - MAATC,336574,2.00,2.00,0.00,OK
019,019 - Geel Alnaka - MAATC,336575,2.00,2.00,0.00,OK
019,019 - Geel Alnaka - MAATC,336576,2.00,2.00,0.00,OK
019,019 - Geel Alnaka - MAATC,336578,1.00,1.00,0.00,OK
019,019 - Geel Alnaka - MAATC,336579,1.00,1.00,0.00,OK
019,019 - Geel Alnaka - MAATC,336580,2.00,2.00,0.00,OK
019,019 - Geel Alnaka - MAATC,336581,2.00,2.00,0.00,OK
019,019 - Geel Alnaka - MAATC,336582,2.00,2.00,0.00,OK
019,019 - Geel Alnaka - MAATC,336583,1.00,1.00,0.00,OK
019,019 - Geel Alnaka - MAATC,336584,1.00,1.00,0.00,OK
019,019 - Geel Alnaka - MAATC,336585,1.00,1.00,0.00,OK
019,019 - Geel Alnaka - MAATC,336586,2.00,2.00,0.00,OK
019,019 - Geel Alnaka - MAATC,336587,2.00,2.00,0.00,OK
019,019 - Geel Alnaka - MAATC,336588,2.00,2.00,0.00,OK
019,019 - Geel Alnaka - MAATC,336589,1.00,1.00,0.00,OK
019,019 - Geel Alnaka - MAATC,336590,1.00,1.00,0.00,OK
019,019 - Geel Alnaka - MAATC,336591,1.00,1.00,0.00,OK
019,019 - Geel Alnaka - MAATC,336592,2.00,2.00,0.00,OK
019,019 - Geel Alnaka - MAATC,336593,2.00,2.00,0.00,OK
019,019 - Geel Alnaka - MAATC,336594,3.00,3.00,0.00,OK
019,019 - Geel Alnaka - MAATC,336595,2.00,2.00,0.00,OK
019,019 - Geel Alnaka - MAATC,336596,1.00,1.00,0.00,OK
019,019 - Geel Alnaka - MAATC,336597,1.00,1.00,0.00,OK
019,019 - Geel Alnaka - MAATC,336598,1.00,1.00,0.00,OK
019,019 - Geel Alnaka - MAATC,336599,2.00,2.00,0.00,OK
019,019 - Geel Alnaka - MAATC,336600,3.00,3.00,0.00,OK
019,019 - Geel Alnaka - MAATC,336601,2.00,2.00,0.00,OK
019,019 - Geel Alnaka - MAATC,336602,1.00,1.00,0.00,OK
019,019 - Geel Alnaka - MAATC,336603,1.00,1.00,0.00,OK
019,019 - Geel Alnaka - MAATC,336604,1.00,1.00,0.00,OK
019,019 - Geel Alnaka - MAATC,336605,2.00,2.00,0.00,OK
019,019 - Geel Alnaka - MAATC,336606,2.00,2.00,0.00,OK
019,019 - Geel Alnaka - MAATC,336607,3.00,3.00,0.00,OK
019,019 - Geel Alnaka - MAATC,336608,2.00,2.00,0.00,OK
019,019 - Geel Alnaka - MAATC,336609,1.00,1.00,0.00,OK
019,019 - Geel Alnaka - MAATC,336610,1.00,1.00,0.00,OK
019,019 - Geel Alnaka - MAATC,336611,2.00,2.00,0.00,OK
019,019 - Geel Alnaka - MAATC,336612,2.00,2.00,0.00,OK
019,019 - Geel Alnaka - MAATC,336613,3.00,3.00,0.00,OK
019,019 - Geel Alnaka - MAATC,336614,2.00,2.00,0.00,OK
019,019 - Geel Alnaka - MAATC,336615,1.00,1.00,0.00,OK
019,019 - Geel Alnaka - MAATC,336616,1.00,1.00,0.00,OK
019,019 - Geel Alnaka - MAATC,336617,1.00,1.00,0.00,OK
019,019 - Geel Alnaka - MAATC,336618,2.00,2.00,0.00,OK
019,019 - Geel Alnaka - MAATC,336619,3.00,3.00,0.00,OK
019,019 - Geel Alnaka - MAATC,336620,2.00,2.00,0.00,OK
019,019 - Geel Alnaka - MAATC,336621,1.00,1.00,0.00,OK
019,019 - Geel Alnaka - MAATC,336622,1.00,1.00,0.00,OK
019,019 - Geel Alnaka - MAATC,336623,1.00,1.00,0.00,OK
019,019 - Geel Alnaka - MAATC,336624,1.00,1.00,0.00,OK
019,019 - Geel Alnaka - MAATC,336625,2.00,2.00,0.00,OK
019,019 - Geel Alnaka - MAATC,336626,3.00,3.00,0.00,OK
019,019 - Geel Alnaka - MAATC,336627,2.00,2.00,0.00,OK
019,019 - Geel Alnaka - MAATC,336628,1.00,1.00,0.00,OK
019,019 - Geel Alnaka - MAATC,336629,1.00,1.00,0.00,OK
019,019 - Geel Alnaka - MAATC,336630,1.00,1.00,0.00,OK
019,019 - Geel Alnaka - MAATC,336631,2.00,2.00,0.00,OK
019,019 - Geel Alnaka - MAATC,336632,2.00,2.00,0.00,OK
019,019 - Geel Alnaka - MAATC,336633,3.00,3.00,0.00,OK
019,019 - Geel Alnaka - MAATC,336634,3.00,3.00,0.00,OK
019,019 - Geel Alnaka - MAATC,336635,1.00,1.00,0.00,OK
019,019 - Geel Alnaka - MAATC,336636,2.00,2.00,0.00,OK
019,019 - Geel Alnaka - MAATC,336637,2.00,2.00,0.00,OK
019,019 - Geel Alnaka - MAATC,336638,3.00,3.00,0.00,OK
019,019 - Geel Alnaka - MAATC,336639,3.00,3.00,0.00,OK
019,019 - Geel Alnaka - MAATC,336640,1.00,1.00,0.00,OK
019,019 - Geel Alnaka - MAATC,336641,2.00,2.00,0.00,OK
019,019 - Geel Alnaka - MAATC,336642,2.00,2.00,0.00,OK
019,019 - Geel Alnaka - MAATC,336643,3.00,3.00,0.00,OK
019,019 - Geel Alnaka - MAATC,336644,3.00,3.00,0.00,OK
019,019 - Geel Alnaka - MAATC,336645,1.00,1.00,0.00,OK
019,019 - Geel Alnaka - MAATC,336646,2.00,2.00,0.00,OK
019,019 - Geel Alnaka - MAATC,336647,2.00,2.00,0.00,OK
019,019 - Geel Alnaka - MAATC,336648,3.00,3.00,0.00,OK
019,019 - Geel Alnaka - MAATC,336649,3.00,3.00,0.00,OK
019,019 - Geel Alnaka - MAATC,336650,1.00,1.00,0.00,OK
019,019 - Geel Alnaka - MAATC,336651,2.00,2.00,0.00,OK
019,019 - Geel Alnaka - MAATC,336652,2.00,2.00,0.00,OK
019,019 - Geel Alnaka - MAATC,336653,3.00,3.00,0.00,OK
019,019 - Geel Alnaka - MAATC,336654,2.00,2.00,0.00,OK
019,019 - Geel Alnaka - MAATC,336655,1.00,1.00,0.00,OK
019,019 - Geel Alnaka - MAATC,336656,1.00,1.00,0.00,OK
019,019 - Geel Alnaka - MAATC,336657,2.00,2.00,0.00,OK
019,019 - Geel Alnaka - MAATC,336658,2.00,2.00,0.00,OK
019,019 - Geel Alnaka - MAATC,336659,3.00,3.00,0.00,OK
019,019 - Geel Alnaka - MAATC,336660,3.00,3.00,0.00,OK
019,019 - Geel Alnaka - MAATC,336661,1.00,1.00,0.00,OK
019,019 - Geel Alnaka - MAATC,336662,2.00,2.00,0.00,OK
019,019 - Geel Alnaka - MAATC,336663,2.00,2.00,0.00,OK
019,019 - Geel Alnaka - MAATC,336664,3.00,3.00,0.00,OK
019,019 - Geel Alnaka - MAATC,336665,3.00,3.00,0.00,OK
019,019 - Geel Alnaka - MAATC,336666,1.00,1.00,0.00,OK
019,019 - Geel Alnaka - MAATC,336667,2.00,2.00,0.00,OK
019,019 - Geel Alnaka - MAATC,336668,2.00,2.00,0.00,OK
019,019 - Geel Alnaka - MAATC,336669,3.00,3.00,0.00,OK
019,019 - Geel Alnaka - MAATC,336670,3.00,3.00,0.00,OK
019,019 - Geel Alnaka - MAATC,336671,1.00,1.00,0.00,OK
019,019 - Geel Alnaka - MAATC,336672,2.00,2.00,0.00,OK
019,019 - Geel Alnaka - MAATC,336673,2.00,2.00,0.00,OK
019,019 - Geel Alnaka - MAATC,336674,3.00,3.00,0.00,OK
019,019 - Geel Alnaka - MAATC,336675,3.00,3.00,0.00,OK
019,019 - Geel Alnaka - MAATC,336805,2.00,2.00,0.00,OK
028,028 - North of Buridah Almoosa - MAATC,336007,3.00,3.00,0.00,OK
028,028 - North of Buridah Almoosa - MAATC,336008,3.00,3.00,0.00,OK
028,028 - North of Buridah Almoosa - MAATC,336009,2.00,2.00,0.00,OK
028,028 - North of Buridah Almoosa - MAATC,336010,1.00,1.00,0.00,OK
028,028 - North of Buridah Almoosa - MAATC,336011,1.00,1.00,0.00,OK
028,028 - North of Buridah Almoosa - MAATC,336013,3.00,3.00,0.00,OK
028,028 - North of Buridah Almoosa - MAATC,336014,3.00,3.00,0.00,OK
028,028 - North of Buridah Almoosa - MAATC,336015,2.00,2.00,0.00,OK
028,028 - North of Buridah Almoosa - MAATC,336016,1.00,1.00,0.00,OK
028,028 - North of Buridah Almoosa - MAATC,336017,1.00,1.00,0.00,OK
028,028 - North of Buridah Almoosa - MAATC,336018,1.00,1.00,0.00,OK
028,028 - North of Buridah Almoosa - MAATC,336019,2.00,2.00,0.00,OK
028,028 - North of Buridah Almoosa - MAATC,336020,3.00,3.00,0.00,OK
028,028 - North of Buridah Almoosa - MAATC,336021,3.00,3.00,0.00,OK
028,028 - North of Buridah Almoosa - MAATC,336022,3.00,3.00,0.00,OK
028,028 - North of Buridah Almoosa - MAATC,336023,1.00,1.00,0.00,OK
028,028 - North of Buridah Almoosa - MAATC,336024,2.00,2.00,0.00,OK
028,028 - North of Buridah Almoosa - MAATC,336025,3.00,3.00,0.00,OK
028,028 - North of Buridah Almoosa - MAATC,336026,3.00,3.00,0.00,OK
028,028 - North of Buridah Almoosa - MAATC,336027,3.00,3.00,0.00,OK
028,028 - North of Buridah Almoosa - MAATC,336028,1.00,1.00,0.00,OK
028,028 - North of Buridah Almoosa - MAATC,336029,2.00,2.00,0.00,OK
028,028 - North of Buridah Almoosa - MAATC,336030,3.00,3.00,0.00,OK
028,028 - North of Buridah Almoosa - MAATC,336031,3.00,3.00,0.00,OK
028,028 - North of Buridah Almoosa - MAATC,336032,3.00,3.00,0.00,OK
028,028 - North of Buridah Almoosa - MAATC,336038,6.00,6.00,0.00,OK
028,028 - North of Buridah Almoosa - MAATC,336039,6.00,6.00,0.00,OK
028,028 - North of Buridah Almoosa - MAATC,336040,6.00,6.00,0.00,OK
028,028 - North of Buridah Almoosa - MAATC,336041,6.00,6.00,0.00,OK
028,028 - North of Buridah Almoosa - MAATC,336043,6.00,6.00,0.00,OK
028,028 - North of Buridah Almoosa - MAATC,336044,6.00,6.00,0.00,OK
028,028 - North of Buridah Almoosa - MAATC,336045,6.00,6.00,0.00,OK
028,028 - North of Buridah Almoosa - MAATC,336046,6.00,6.00,0.00,OK
028,028 - North of Buridah Almoosa - MAATC,336047,6.00,6.00,0.00,OK
028,028 - North of Buridah Almoosa - MAATC,336048,9.00,9.00,0.00,OK
028,028 - North of Buridah Almoosa - MAATC,336049,9.00,9.00,0.00,OK
028,028 - North of Buridah Almoosa - MAATC,336050,9.00,9.00,0.00,OK
028,028 - North of Buridah Almoosa - MAATC,336051,9.00,9.00,0.00,OK
028,028 - North of Buridah Almoosa - MAATC,336052,9.00,9.00,0.00,OK
028,028 - North of Buridah Almoosa - MAATC,336053,9.00,9.00,0.00,OK
028,028 - North of Buridah Almoosa - MAATC,336055,9.00,9.00,0.00,OK
028,028 - North of Buridah Almoosa - MAATC,336056,9.00,9.00,0.00,OK
028,028 - North of Buridah Almoosa - MAATC,336057,2.00,2.00,0.00,OK
028,028 - North of Buridah Almoosa - MAATC,336058,4.00,4.00,0.00,OK
028,028 - North of Buridah Almoosa - MAATC,336059,2.00,2.00,0.00,OK
028,028 - North of Buridah Almoosa - MAATC,336060,2.00,2.00,0.00,OK
028,028 - North of Buridah Almoosa - MAATC,336061,4.00,4.00,0.00,OK
028,028 - North of Buridah Almoosa - MAATC,336062,2.00,2.00,0.00,OK
028,028 - North of Buridah Almoosa - MAATC,336063,2.00,2.00,0.00,OK
028,028 - North of Buridah Almoosa - MAATC,336064,4.00,4.00,0.00,OK
028,028 - North of Buridah Almoosa - MAATC,336065,2.00,2.00,0.00,OK
028,028 - North of Buridah Almoosa - MAATC,336066,2.00,2.00,0.00,OK
028,028 - North of Buridah Almoosa - MAATC,336067,4.00,4.00,0.00,OK
028,028 - North of Buridah Almoosa - MAATC,336068,2.00,2.00,0.00,OK
028,028 - North of Buridah Almoosa - MAATC,336069,2.00,2.00,0.00,OK
028,028 - North of Buridah Almoosa - MAATC,336070,4.00,4.00,0.00,OK
028,028 - North of Buridah Almoosa - MAATC,336071,2.00,2.00,0.00,OK
028,028 - North of Buridah Almoosa - MAATC,336072,2.00,2.00,0.00,OK
028,028 - North of Buridah Almoosa - MAATC,336073,4.00,4.00,0.00,OK
028,028 - North of Buridah Almoosa - MAATC,336074,2.00,2.00,0.00,OK
028,028 - North of Buridah Almoosa - MAATC,336075,1.00,1.00,0.00,OK
028,028 - North of Buridah Almoosa - MAATC,336076,2.00,2.00,0.00,OK
028,028 - North of Buridah Almoosa - MAATC,336077,3.00,3.00,0.00,OK
028,028 - North of Buridah Almoosa - MAATC,336078,3.00,3.00,0.00,OK
028,028 - North of Buridah Almoosa - MAATC,336079,2.00,2.00,0.00,OK
028,028 - North of Buridah Almoosa - MAATC,336080,1.00,1.00,0.00,OK
028,028 - North of Buridah Almoosa - MAATC,336081,1.00,1.00,0.00,OK
028,028 - North of Buridah Almoosa - MAATC,336082,2.00,2.00,0.00,OK
028,028 - North of Buridah Almoosa - MAATC,336083,3.00,3.00,0.00,OK
028,028 - North of Buridah Almoosa - MAATC,336084,2.00,2.00,0.00,OK
028,028 - North of Buridah Almoosa - MAATC,336086,1.00,1.00,0.00,OK
028,028 - North of Buridah Almoosa - MAATC,336087,1.00,1.00,0.00,OK
028,028 - North of Buridah Almoosa - MAATC,336088,2.00,2.00,0.00,OK
028,028 - North of Buridah Almoosa - MAATC,336089,3.00,3.00,0.00,OK
028,028 - North of Buridah Almoosa - MAATC,336090,2.00,2.00,0.00,OK
028,028 - North of Buridah Almoosa - MAATC,336091,1.00,1.00,0.00,OK
028,028 - North of Buridah Almoosa - MAATC,336093,1.00,1.00,0.00,OK
028,028 - North of Buridah Almoosa - MAATC,336094,2.00,2.00,0.00,OK
028,028 - North of Buridah Almoosa - MAATC,336095,3.00,3.00,0.00,OK
028,028 - North of Buridah Almoosa - MAATC,336096,2.00,2.00,0.00,OK
028,028 - North of Buridah Almoosa - MAATC,336097,1.00,1.00,0.00,OK
028,028 - North of Buridah Almoosa - MAATC,336098,1.00,1.00,0.00,OK
028,028 - North of Buridah Almoosa - MAATC,336111,1.00,1.00,0.00,OK
028,028 - North of Buridah Almoosa - MAATC,336112,2.00,2.00,0.00,OK
028,028 - North of Buridah Almoosa - MAATC,336113,3.00,3.00,0.00,OK
028,028 - North of Buridah Almoosa - MAATC,336114,2.00,2.00,0.00,OK
028,028 - North of Buridah Almoosa - MAATC,336115,1.00,1.00,0.00,OK
028,028 - North of Buridah Almoosa - MAATC,336116,1.00,1.00,0.00,OK
028,028 - North of Buridah Almoosa - MAATC,336117,1.00,1.00,0.00,OK
028,028 - North of Buridah Almoosa - MAATC,336119,3.00,3.00,0.00,OK
028,028 - North of Buridah Almoosa - MAATC,336120,2.00,2.00,0.00,OK
028,028 - North of Buridah Almoosa - MAATC,336121,1.00,1.00,0.00,OK
028,028 - North of Buridah Almoosa - MAATC,336122,1.00,1.00,0.00,OK
028,028 - North of Buridah Almoosa - MAATC,336123,1.00,1.00,0.00,OK
028,028 - North of Buridah Almoosa - MAATC,336124,2.00,2.00,0.00,OK
028,028 - North of Buridah Almoosa - MAATC,336125,3.00,3.00,0.00,OK
028,028 - North of Buridah Almoosa - MAATC,336126,2.00,2.00,0.00,OK
028,028 - North of Buridah Almoosa - MAATC,336127,1.00,1.00,0.00,OK
028,028 - North of Buridah Almoosa - MAATC,336128,1.00,1.00,0.00,OK
028,028 - North of Buridah Almoosa - MAATC,336129,1.00,1.00,0.00,OK
028,028 - North of Buridah Almoosa - MAATC,336130,2.00,2.00,0.00,OK
028,028 - North of Buridah Almoosa - MAATC,336133,1.00,1.00,0.00,OK
028,028 - North of Buridah Almoosa - MAATC,336134,1.00,1.00,0.00,OK
028,028 - North of Buridah Almoosa - MAATC,336135,1.00,1.00,0.00,OK
028,028 - North of Buridah Almoosa - MAATC,336136,2.00,2.00,0.00,OK
028,028 - North of Buridah Almoosa - MAATC,336137,3.00,3.00,0.00,OK
028,028 - North of Buridah Almoosa - MAATC,336138,2.00,2.00,0.00,OK
028,028 - North of Buridah Almoosa - MAATC,336139,1.00,1.00,0.00,OK
028,028 - North of Buridah Almoosa - MAATC,336140,1.00,1.00,0.00,OK
028,028 - North of Buridah Almoosa - MAATC,336141,1.00,1.00,0.00,OK
028,028 - North of Buridah Almoosa - MAATC,336142,2.00,2.00,0.00,OK
028,028 - North of Buridah Almoosa - MAATC,336144,2.00,2.00,0.00,OK
028,028 - North of Buridah Almoosa - MAATC,336147,1.00,1.00,0.00,OK
028,028 - North of Buridah Almoosa - MAATC,336148,2.00,2.00,0.00,OK
028,028 - North of Buridah Almoosa - MAATC,336149,3.00,3.00,0.00,OK
028,028 - North of Buridah Almoosa - MAATC,336150,2.00,2.00,0.00,OK
028,028 - North of Buridah Almoosa - MAATC,336151,1.00,1.00,0.00,OK
028,028 - North of Buridah Almoosa - MAATC,336152,1.00,1.00,0.00,OK
028,028 - North of Buridah Almoosa - MAATC,336153,1.00,1.00,0.00,OK
028,028 - North of Buridah Almoosa - MAATC,336154,2.00,2.00,0.00,OK
028,028 - North of Buridah Almoosa - MAATC,336155,3.00,3.00,0.00,OK
028,028 - North of Buridah Almoosa - MAATC,336156,2.00,2.00,0.00,OK
028,028 - North of Buridah Almoosa - MAATC,336157,1.00,1.00,0.00,OK
028,028 - North of Buridah Almoosa - MAATC,336158,1.00,1.00,0.00,OK
028,028 - North of Buridah Almoosa - MAATC,336159,1.00,1.00,0.00,OK
028,028 - North of Buridah Almoosa - MAATC,336160,2.00,2.00,0.00,OK
028,028 - North of Buridah Almoosa - MAATC,336161,3.00,3.00,0.00,OK
028,028 - North of Buridah Almoosa - MAATC,336162,2.00,2.00,0.00,OK
028,028 - North of Buridah Almoosa - MAATC,336163,1.00,1.00,0.00,OK
028,028 - North of Buridah Almoosa - MAATC,336164,1.00,1.00,0.00,OK
028,028 - North of Buridah Almoosa - MAATC,336166,2.00,2.00,0.00,OK
028,028 - North of Buridah Almoosa - MAATC,336169,1.00,1.00,0.00,OK
028,028 - North of Buridah Almoosa - MAATC,336170,1.00,1.00,0.00,OK
028,028 - North of Buridah Almoosa - MAATC,336171,1.00,1.00,0.00,OK
028,028 - North of Buridah Almoosa - MAATC,336174,2.00,2.00,0.00,OK
028,028 - North of Buridah Almoosa - MAATC,336175,1.00,1.00,0.00,OK
028,028 - North of Buridah Almoosa - MAATC,336176,1.00,1.00,0.00,OK
028,028 - North of Buridah Almoosa - MAATC,336177,1.00,1.00,0.00,OK
028,028 - North of Buridah Almoosa - MAATC,336178,2.00,2.00,0.00,OK
028,028 - North of Buridah Almoosa - MAATC,336179,3.00,3.00,0.00,OK
028,028 - North of Buridah Almoosa - MAATC,336180,2.00,2.00,0.00,OK
028,028 - North of Buridah Almoosa - MAATC,336181,1.00,1.00,0.00,OK
028,028 - North of Buridah Almoosa - MAATC,336182,1.00,1.00,0.00,OK
028,028 - North of Buridah Almoosa - MAATC,336183,1.00,1.00,0.00,OK
028,028 - North of Buridah Almoosa - MAATC,336184,2.00,2.00,0.00,OK
028,028 - North of Buridah Almoosa - MAATC,336186,2.00,2.00,0.00,OK
028,028 - North of Buridah Almoosa - MAATC,336187,1.00,1.00,0.00,OK
028,028 - North of Buridah Almoosa - MAATC,336188,1.00,1.00,0.00,OK
028,028 - North of Buridah Almoosa - MAATC,336189,1.00,1.00,0.00,OK
028,028 - North of Buridah Almoosa - MAATC,336190,2.00,2.00,0.00,OK
028,028 - North of Buridah Almoosa - MAATC,336191,3.00,3.00,0.00,OK
028,028 - North of Buridah Almoosa - MAATC,336192,2.00,2.00,0.00,OK
028,028 - North of Buridah Almoosa - MAATC,336193,1.00,1.00,0.00,OK
028,028 - North of Buridah Almoosa - MAATC,336194,1.00,1.00,0.00,OK
028,028 - North of Buridah Almoosa - MAATC,336195,1.00,1.00,0.00,OK
028,028 - North of Buridah Almoosa - MAATC,336196,2.00,2.00,0.00,OK
028,028 - North of Buridah Almoosa - MAATC,336197,3.00,3.00,0.00,OK
028,028 - North of Buridah Almoosa - MAATC,336198,2.00,2.00,0.00,OK
028,028 - North of Buridah Almoosa - MAATC,336199,1.00,1.00,0.00,OK
028,028 - North of Buridah Almoosa - MAATC,336200,1.00,1.00,0.00,OK
028,028 - North of Buridah Almoosa - MAATC,336201,1.00,1.00,0.00,OK
028,028 - North of Buridah Almoosa - MAATC,336202,2.00,2.00,0.00,OK
028,028 - North of Buridah Almoosa - MAATC,336205,1.00,1.00,0.00,OK
028,028 - North of Buridah Almoosa - MAATC,336206,1.00,1.00,0.00,OK
028,028 - North of Buridah Almoosa - MAATC,336207,1.00,1.00,0.00,OK
028,028 - North of Buridah Almoosa - MAATC,336209,3.00,3.00,0.00,OK
028,028 - North of Buridah Almoosa - MAATC,336211,1.00,1.00,0.00,OK
028,028 - North of Buridah Almoosa - MAATC,336212,1.00,1.00,0.00,OK
028,028 - North of Buridah Almoosa - MAATC,336213,1.00,1.00,0.00,OK
028,028 - North of Buridah Almoosa - MAATC,336214,2.00,2.00,0.00,OK
028,028 - North of Buridah Almoosa - MAATC,336215,3.00,3.00,0.00,OK
028,028 - North of Buridah Almoosa - MAATC,336217,1.00,1.00,0.00,OK
028,028 - North of Buridah Almoosa - MAATC,336218,1.00,1.00,0.00,OK
028,028 - North of Buridah Almoosa - MAATC,336219,1.00,1.00,0.00,OK
028,028 - North of Buridah Almoosa - MAATC,336220,2.00,2.00,0.00,OK
028,028 - North of Buridah Almoosa - MAATC,336221,3.00,3.00,0.00,OK
028,028 - North of Buridah Almoosa - MAATC,336222,2.00,2.00,0.00,OK
028,028 - North of Buridah Almoosa - MAATC,336223,1.00,1.00,0.00,OK
028,028 - North of Buridah Almoosa - MAATC,336224,1.00,1.00,0.00,OK
028,028 - North of Buridah Almoosa - MAATC,336225,1.00,1.00,0.00,OK
028,028 - North of Buridah Almoosa - MAATC,336226,2.00,2.00,0.00,OK
028,028 - North of Buridah Almoosa - MAATC,336227,3.00,3.00,0.00,OK
028,028 - North of Buridah Almoosa - MAATC,336228,2.00,2.00,0.00,OK
028,028 - North of Buridah Almoosa - MAATC,336229,1.00,1.00,0.00,OK
028,028 - North of Buridah Almoosa - MAATC,336230,1.00,1.00,0.00,OK
028,028 - North of Buridah Almoosa - MAATC,336231,1.00,1.00,0.00,OK
028,028 - North of Buridah Almoosa - MAATC,336232,2.00,2.00,0.00,OK
028,028 - North of Buridah Almoosa - MAATC,336233,3.00,3.00,0.00,OK
028,028 - North of Buridah Almoosa - MAATC,336234,2.00,2.00,0.00,OK
028,028 - North of Buridah Almoosa - MAATC,336235,1.00,1.00,0.00,OK
028,028 - North of Buridah Almoosa - MAATC,336236,1.00,1.00,0.00,OK
028,028 - North of Buridah Almoosa - MAATC,336237,1.00,1.00,0.00,OK
028,028 - North of Buridah Almoosa - MAATC,336239,3.00,3.00,0.00,OK
028,028 - North of Buridah Almoosa - MAATC,336240,2.00,2.00,0.00,OK
028,028 - North of Buridah Almoosa - MAATC,336241,1.00,1.00,0.00,OK
028,028 - North of Buridah Almoosa - MAATC,336242,1.00,1.00,0.00,OK
028,028 - North of Buridah Almoosa - MAATC,336243,1.00,1.00,0.00,OK
028,028 - North of Buridah Almoosa - MAATC,336244,2.00,2.00,0.00,OK
028,028 - North of Buridah Almoosa - MAATC,336245,3.00,3.00,0.00,OK
028,028 - North of Buridah Almoosa - MAATC,336246,2.00,2.00,0.00,OK
028,028 - North of Buridah Almoosa - MAATC,336247,1.00,1.00,0.00,OK
028,028 - North of Buridah Almoosa - MAATC,336248,1.00,1.00,0.00,OK
028,028 - North of Buridah Almoosa - MAATC,336249,1.00,1.00,0.00,OK
028,028 - North of Buridah Almoosa - MAATC,336250,2.00,2.00,0.00,OK
028,028 - North of Buridah Almoosa - MAATC,336251,3.00,3.00,0.00,OK
028,028 - North of Buridah Almoosa - MAATC,336252,2.00,2.00,0.00,OK
028,028 - North of Buridah Almoosa - MAATC,336253,1.00,1.00,0.00,OK
028,028 - North of Buridah Almoosa - MAATC,336254,1.00,1.00,0.00,OK
028,028 - North of Buridah Almoosa - MAATC,336255,1.00,1.00,0.00,OK
028,028 - North of Buridah Almoosa - MAATC,336256,2.00,2.00,0.00,OK
028,028 - North of Buridah Almoosa - MAATC,336258,2.00,2.00,0.00,OK
028,028 - North of Buridah Almoosa - MAATC,336259,1.00,1.00,0.00,OK
028,028 - North of Buridah Almoosa - MAATC,336260,1.00,1.00,0.00,OK
028,028 - North of Buridah Almoosa - MAATC,336261,1.00,1.00,0.00,OK
028,028 - North of Buridah Almoosa - MAATC,336262,2.00,2.00,0.00,OK
028,028 - North of Buridah Almoosa - MAATC,336263,3.00,3.00,0.00,OK
028,028 - North of Buridah Almoosa - MAATC,336264,2.00,2.00,0.00,OK
028,028 - North of Buridah Almoosa - MAATC,336265,1.00,1.00,0.00,OK
028,028 - North of Buridah Almoosa - MAATC,336266,1.00,1.00,0.00,OK
028,028 - North of Buridah Almoosa - MAATC,336267,1.00,1.00,0.00,OK
028,028 - North of Buridah Almoosa - MAATC,336269,3.00,3.00,0.00,OK
028,028 - North of Buridah Almoosa - MAATC,336270,2.00,2.00,0.00,OK
028,028 - North of Buridah Almoosa - MAATC,336271,1.00,1.00,0.00,OK
028,028 - North of Buridah Almoosa - MAATC,336272,1.00,1.00,0.00,OK
028,028 - North of Buridah Almoosa - MAATC,336273,1.00,1.00,0.00,OK
028,028 - North of Buridah Almoosa - MAATC,336274,2.00,2.00,0.00,OK
028,028 - North of Buridah Almoosa - MAATC,336275,3.00,3.00,0.00,OK
028,028 - North of Buridah Almoosa - MAATC,336276,2.00,2.00,0.00,OK
028,028 - North of Buridah Almoosa - MAATC,336277,1.00,1.00,0.00,OK
028,028 - North of Buridah Almoosa - MAATC,336278,1.00,1.00,0.00,OK
028,028 - North of Buridah Almoosa - MAATC,336279,1.00,1.00,0.00,OK
028,028 - North of Buridah Almoosa - MAATC,336280,2.00,2.00,0.00,OK
028,028 - North of Buridah Almoosa - MAATC,336281,3.00,3.00,0.00,OK
028,028 - North of Buridah Almoosa - MAATC,336282,2.00,2.00,0.00,OK
028,028 - North of Buridah Almoosa - MAATC,336283,1.00,1.00,0.00,OK
028,028 - North of Buridah Almoosa - MAATC,336284,1.00,1.00,0.00,OK
028,028 - North of Buridah Almoosa - MAATC,336285,1.00,1.00,0.00,OK
028,028 - North of Buridah Almoosa - MAATC,336286,2.00,2.00,0.00,OK
028,028 - North of Buridah Almoosa - MAATC,336287,3.00,3.00,0.00,OK
028,028 - North of Buridah Almoosa - MAATC,336288,2.00,2.00,0.00,OK
028,028 - North of Buridah Almoosa - MAATC,336289,1.00,1.00,0.00,OK
028,028 - North of Buridah Almoosa - MAATC,336290,1.00,1.00,0.00,OK
028,028 - North of Buridah Almoosa - MAATC,336291,1.00,1.00,0.00,OK
028,028 - North of Buridah Almoosa - MAATC,336292,2.00,2.00,0.00,OK
028,028 - North of Buridah Almoosa - MAATC,336293,3.00,3.00,0.00,OK
028,028 - North of Buridah Almoosa - MAATC,336294,2.00,2.00,0.00,OK
028,028 - North of Buridah Almoosa - MAATC,336295,1.00,1.00,0.00,OK
028,028 - North of Buridah Almoosa - MAATC,336296,1.00,1.00,0.00,OK
028,028 - North of Buridah Almoosa - MAATC,336297,1.00,1.00,0.00,OK
028,028 - North of Buridah Almoosa - MAATC,336298,2.00,2.00,0.00,OK
028,028 - North of Buridah Almoosa - MAATC,336299,3.00,3.00,0.00,OK
028,028 - North of Buridah Almoosa - MAATC,336300,2.00,2.00,0.00,OK
028,028 - North of Buridah Almoosa - MAATC,336301,1.00,1.00,0.00,OK
028,028 - North of Buridah Almoosa - MAATC,336302,1.00,1.00,0.00,OK
028,028 - North of Buridah Almoosa - MAATC,336303,1.00,1.00,0.00,OK
028,028 - North of Buridah Almoosa - MAATC,336304,2.00,2.00,0.00,OK
028,028 - North of Buridah Almoosa - MAATC,336305,3.00,3.00,0.00,OK
028,028 - North of Buridah Almoosa - MAATC,336306,2.00,2.00,0.00,OK
028,028 - North of Buridah Almoosa - MAATC,336307,1.00,1.00,0.00,OK
028,028 - North of Buridah Almoosa - MAATC,336308,1.00,1.00,0.00,OK
028,028 - North of Buridah Almoosa - MAATC,336309,1.00,1.00,0.00,OK
028,028 - North of Buridah Almoosa - MAATC,336310,2.00,2.00,0.00,OK
028,028 - North of Buridah Almoosa - MAATC,336311,3.00,3.00,0.00,OK
028,028 - North of Buridah Almoosa - MAATC,336312,2.00,2.00,0.00,OK
028,028 - North of Buridah Almoosa - MAATC,336313,1.00,1.00,0.00,OK
028,028 - North of Buridah Almoosa - MAATC,336314,1.00,1.00,0.00,OK
028,028 - North of Buridah Almoosa - MAATC,336315,1.00,1.00,0.00,OK
028,028 - North of Buridah Almoosa - MAATC,336316,2.00,2.00,0.00,OK
028,028 - North of Buridah Almoosa - MAATC,336317,3.00,3.00,0.00,OK
028,028 - North of Buridah Almoosa - MAATC,336318,2.00,2.00,0.00,OK
028,028 - North of Buridah Almoosa - MAATC,336319,1.00,1.00,0.00,OK
028,028 - North of Buridah Almoosa - MAATC,336320,1.00,1.00,0.00,OK
028,028 - North of Buridah Almoosa - MAATC,336321,1.00,1.00,0.00,OK
028,028 - North of Buridah Almoosa - MAATC,336322,2.00,2.00,0.00,OK
028,028 - North of Buridah Almoosa - MAATC,336323,3.00,3.00,0.00,OK
028,028 - North of Buridah Almoosa - MAATC,336324,2.00,2.00,0.00,OK
028,028 - North of Buridah Almoosa - MAATC,336325,1.00,1.00,0.00,OK
028,028 - North of Buridah Almoosa - MAATC,336326,1.00,1.00,0.00,OK
028,028 - North of Buridah Almoosa - MAATC,336327,1.00,1.00,0.00,OK
028,028 - North of Buridah Almoosa - MAATC,336328,2.00,2.00,0.00,OK
028,028 - North of Buridah Almoosa - MAATC,336329,3.00,3.00,0.00,OK
028,028 - North of Buridah Almoosa - MAATC,336330,2.00,2.00,0.00,OK
028,028 - North of Buridah Almoosa - MAATC,336331,1.00,1.00,0.00,OK
028,028 - North of Buridah Almoosa - MAATC,336332,1.00,1.00,0.00,OK
028,028 - North of Buridah Almoosa - MAATC,336333,1.00,1.00,0.00,OK
028,028 - North of Buridah Almoosa - MAATC,336334,2.00,2.00,0.00,OK
028,028 - North of Buridah Almoosa - MAATC,336335,3.00,3.00,0.00,OK
028,028 - North of Buridah Almoosa - MAATC,336336,2.00,2.00,0.00,OK
028,028 - North of Buridah Almoosa - MAATC,336337,1.00,1.00,0.00,OK
028,028 - North of Buridah Almoosa - MAATC,336338,1.00,1.00,0.00,OK
028,028 - North of Buridah Almoosa - MAATC,336339,1.00,1.00,0.00,OK
028,028 - North of Buridah Almoosa - MAATC,336340,2.00,2.00,0.00,OK
028,028 - North of Buridah Almoosa - MAATC,336341,3.00,3.00,0.00,OK
028,028 - North of Buridah Almoosa - MAATC,336342,2.00,2.00,0.00,OK
028,028 - North of Buridah Almoosa - MAATC,336343,1.00,1.00,0.00,OK
028,028 - North of Buridah Almoosa - MAATC,336344,1.00,1.00,0.00,OK
028,028 - North of Buridah Almoosa - MAATC,336345,1.00,1.00,0.00,OK
028,028 - North of Buridah Almoosa - MAATC,336346,2.00,2.00,0.00,OK
028,028 - North of Buridah Almoosa - MAATC,336347,3.00,3.00,0.00,OK
028,028 - North of Buridah Almoosa - MAATC,336349,1.00,1.00,0.00,OK
028,028 - North of Buridah Almoosa - MAATC,336350,1.00,1.00,0.00,OK
028,028 - North of Buridah Almoosa - MAATC,336351,1.00,1.00,0.00,OK
028,028 - North of Buridah Almoosa - MAATC,336352,2.00,2.00,0.00,OK
028,028 - North of Buridah Almoosa - MAATC,336353,3.00,3.00,0.00,OK
028,028 - North of Buridah Almoosa - MAATC,336354,2.00,2.00,0.00,OK
028,028 - North of Buridah Almoosa - MAATC,336355,1.00,1.00,0.00,OK
028,028 - North of Buridah Almoosa - MAATC,336356,1.00,1.00,0.00,OK
028,028 - North of Buridah Almoosa - MAATC,336357,1.00,1.00,0.00,OK
028,028 - North of Buridah Almoosa - MAATC,336358,2.00,2.00,0.00,OK
028,028 - North of Buridah Almoosa - MAATC,336359,3.00,3.00,0.00,OK
028,028 - North of Buridah Almoosa - MAATC,336360,2.00,2.00,0.00,OK
028,028 - North of Buridah Almoosa - MAATC,336361,1.00,1.00,0.00,OK
028,028 - North of Buridah Almoosa - MAATC,336362,1.00,1.00,0.00,OK
028,028 - North of Buridah Almoosa - MAATC,336363,1.00,1.00,0.00,OK
028,028 - North of Buridah Almoosa - MAATC,336364,2.00,2.00,0.00,OK
028,028 - North of Buridah Almoosa - MAATC,336365,3.00,3.00,0.00,OK
028,028 - North of Buridah Almoosa - MAATC,336366,2.00,2.00,0.00,OK
028,028 - North of Buridah Almoosa - MAATC,336367,1.00,1.00,0.00,OK
028,028 - North of Buridah Almoosa - MAATC,336368,1.00,1.00,0.00,OK
028,028 - North of Buridah Almoosa - MAATC,336387,1.00,1.00,0.00,OK
028,028 - North of Buridah Almoosa - MAATC,336388,2.00,2.00,0.00,OK
028,028 - North of Buridah Almoosa - MAATC,336389,3.00,3.00,0.00,OK
028,028 - North of Buridah Almoosa - MAATC,336390,2.00,2.00,0.00,OK
028,028 - North of Buridah Almoosa - MAATC,336391,1.00,1.00,0.00,OK
028,028 - North of Buridah Almoosa - MAATC,336392,1.00,1.00,0.00,OK
028,028 - North of Buridah Almoosa - MAATC,336393,1.00,1.00,0.00,OK
028,028 - North of Buridah Almoosa - MAATC,336394,2.00,2.00,0.00,OK
028,028 - North of Buridah Almoosa - MAATC,336395,3.00,3.00,0.00,OK
028,028 - North of Buridah Almoosa - MAATC,336397,1.00,1.00,0.00,OK
028,028 - North of Buridah Almoosa - MAATC,336398,1.00,1.00,0.00,OK
028,028 - North of Buridah Almoosa - MAATC,336399,1.00,1.00,0.00,OK
028,028 - North of Buridah Almoosa - MAATC,336400,2.00,2.00,0.00,OK
028,028 - North of Buridah Almoosa - MAATC,336401,3.00,3.00,0.00,OK
028,028 - North of Buridah Almoosa - MAATC,336402,2.00,2.00,0.00,OK
028,028 - North of Buridah Almoosa - MAATC,336403,1.00,1.00,0.00,OK
028,028 - North of Buridah Almoosa - MAATC,336404,1.00,1.00,0.00,OK
028,028 - North of Buridah Almoosa - MAATC,336405,1.00,1.00,0.00,OK
028,028 - North of Buridah Almoosa - MAATC,336406,2.00,2.00,0.00,OK
028,028 - North of Buridah Almoosa - MAATC,336407,3.00,3.00,0.00,OK
028,028 - North of Buridah Almoosa - MAATC,336408,2.00,2.00,0.00,OK
028,028 - North of Buridah Almoosa - MAATC,336409,1.00,1.00,0.00,OK
028,028 - North of Buridah Almoosa - MAATC,336410,1.00,1.00,0.00,OK
028,028 - North of Buridah Almoosa - MAATC,336411,1.00,1.00,0.00,OK
028,028 - North of Buridah Almoosa - MAATC,336412,2.00,2.00,0.00,OK
028,028 - North of Buridah Almoosa - MAATC,336413,3.00,3.00,0.00,OK
028,028 - North of Buridah Almoosa - MAATC,336414,2.00,2.00,0.00,OK
028,028 - North of Buridah Almoosa - MAATC,336415,1.00,1.00,0.00,OK
028,028 - North of Buridah Almoosa - MAATC,336416,1.00,1.00,0.00,OK
028,028 - North of Buridah Almoosa - MAATC,336417,1.00,1.00,0.00,OK
028,028 - North of Buridah Almoosa - MAATC,336419,3.00,3.00,0.00,OK
028,028 - North of Buridah Almoosa - MAATC,336420,2.00,2.00,0.00,OK
028,028 - North of Buridah Almoosa - MAATC,336421,1.00,1.00,0.00,OK
028,028 - North of Buridah Almoosa - MAATC,336422,1.00,1.00,0.00,OK
028,028 - North of Buridah Almoosa - MAATC,336423,1.00,1.00,0.00,OK
028,028 - North of Buridah Almoosa - MAATC,336424,2.00,2.00,0.00,OK
028,028 - North of Buridah Almoosa - MAATC,336425,3.00,3.00,0.00,OK
028,028 - North of Buridah Almoosa - MAATC,336426,2.00,2.00,0.00,OK
028,028 - North of Buridah Almoosa - MAATC,336427,1.00,1.00,0.00,OK
028,028 - North of Buridah Almoosa - MAATC,336428,1.00,1.00,0.00,OK
028,028 - North of Buridah Almoosa - MAATC,336429,1.00,1.00,0.00,OK
028,028 - North of Buridah Almoosa - MAATC,336430,2.00,2.00,0.00,OK
028,028 - North of Buridah Almoosa - MAATC,336431,3.00,3.00,0.00,OK
028,028 - North of Buridah Almoosa - MAATC,336432,2.00,2.00,0.00,OK
028,028 - North of Buridah Almoosa - MAATC,336433,1.00,1.00,0.00,OK
028,028 - North of Buridah Almoosa - MAATC,336434,1.00,1.00,0.00,OK
028,028 - North of Buridah Almoosa - MAATC,336435,1.00,1.00,0.00,OK
028,028 - North of Buridah Almoosa - MAATC,336437,3.00,3.00,0.00,OK
028,028 - North of Buridah Almoosa - MAATC,336438,2.00,2.00,0.00,OK
028,028 - North of Buridah Almoosa - MAATC,336439,1.00,1.00,0.00,OK
028,028 - North of Buridah Almoosa - MAATC,336440,1.00,1.00,0.00,OK
028,028 - North of Buridah Almoosa - MAATC,336441,1.00,1.00,0.00,OK
028,028 - North of Buridah Almoosa - MAATC,336443,3.00,3.00,0.00,OK
028,028 - North of Buridah Almoosa - MAATC,336444,2.00,2.00,0.00,OK
028,028 - North of Buridah Almoosa - MAATC,336445,1.00,1.00,0.00,OK
028,028 - North of Buridah Almoosa - MAATC,336446,1.00,1.00,0.00,OK
028,028 - North of Buridah Almoosa - MAATC,336447,1.00,1.00,0.00,OK
028,028 - North of Buridah Almoosa - MAATC,336448,2.00,2.00,0.00,OK
028,028 - North of Buridah Almoosa - MAATC,336449,3.00,3.00,0.00,OK
028,028 - North of Buridah Almoosa - MAATC,336450,2.00,2.00,0.00,OK
028,028 - North of Buridah Almoosa - MAATC,336451,1.00,1.00,0.00,OK
028,028 - North of Buridah Almoosa - MAATC,336452,1.00,1.00,0.00,OK
028,028 - North of Buridah Almoosa - MAATC,336453,1.00,1.00,0.00,OK
028,028 - North of Buridah Almoosa - MAATC,336454,2.00,2.00,0.00,OK
028,028 - North of Buridah Almoosa - MAATC,336455,3.00,3.00,0.00,OK
028,028 - North of Buridah Almoosa - MAATC,336456,2.00,2.00,0.00,OK
028,028 - North of Buridah Almoosa - MAATC,336457,1.00,1.00,0.00,OK
028,028 - North of Buridah Almoosa - MAATC,336458,1.00,1.00,0.00,OK
028,028 - North of Buridah Almoosa - MAATC,336459,1.00,1.00,0.00,OK
028,028 - North of Buridah Almoosa - MAATC,336462,2.00,2.00,0.00,OK
028,028 - North of Buridah Almoosa - MAATC,336463,1.00,1.00,0.00,OK
028,028 - North of Buridah Almoosa - MAATC,336464,1.00,1.00,0.00,OK
028,028 - North of Buridah Almoosa - MAATC,336465,1.00,1.00,0.00,OK
028,028 - North of Buridah Almoosa - MAATC,336466,2.00,2.00,0.00,OK
028,028 - North of Buridah Almoosa - MAATC,336467,3.00,3.00,0.00,OK
028,028 - North of Buridah Almoosa - MAATC,336468,2.00,2.00,0.00,OK
028,028 - North of Buridah Almoosa - MAATC,336469,1.00,1.00,0.00,OK
028,028 - North of Buridah Almoosa - MAATC,336470,1.00,1.00,0.00,OK
028,028 - North of Buridah Almoosa - MAATC,336471,1.00,1.00,0.00,OK
028,028 - North of Buridah Almoosa - MAATC,336472,2.00,2.00,0.00,OK
028,028 - North of Buridah Almoosa - MAATC,336473,3.00,3.00,0.00,OK
028,028 - North of Buridah Almoosa - MAATC,336474,2.00,2.00,0.00,OK
028,028 - North of Buridah Almoosa - MAATC,336475,1.00,1.00,0.00,OK
028,028 - North of Buridah Almoosa - MAATC,336476,1.00,1.00,0.00,OK
028,028 - North of Buridah Almoosa - MAATC,336477,1.00,1.00,0.00,OK
028,028 - North of Buridah Almoosa - MAATC,336478,2.00,2.00,0.00,OK
028,028 - North of Buridah Almoosa - MAATC,336479,3.00,3.00,0.00,OK
028,028 - North of Buridah Almoosa - MAATC,336480,2.00,2.00,0.00,OK
028,028 - North of Buridah Almoosa - MAATC,336481,1.00,1.00,0.00,OK
028,028 - North of Buridah Almoosa - MAATC,336482,1.00,1.00,0.00,OK
031,031 - Al Mousa Tabuk - MAATC,336007,3.00,3.00,0.00,OK
031,031 - Al Mousa Tabuk - MAATC,336008,3.00,3.00,0.00,OK
031,031 - Al Mousa Tabuk - MAATC,336009,2.00,2.00,0.00,OK
031,031 - Al Mousa Tabuk - MAATC,336010,1.00,1.00,0.00,OK
031,031 - Al Mousa Tabuk - MAATC,336011,1.00,1.00,0.00,OK
031,031 - Al Mousa Tabuk - MAATC,336013,3.00,3.00,0.00,OK
031,031 - Al Mousa Tabuk - MAATC,336014,3.00,3.00,0.00,OK
031,031 - Al Mousa Tabuk - MAATC,336015,2.00,2.00,0.00,OK
031,031 - Al Mousa Tabuk - MAATC,336016,1.00,1.00,0.00,OK
031,031 - Al Mousa Tabuk - MAATC,336017,1.00,1.00,0.00,OK
031,031 - Al Mousa Tabuk - MAATC,336018,1.00,1.00,0.00,OK
031,031 - Al Mousa Tabuk - MAATC,336019,2.00,2.00,0.00,OK
031,031 - Al Mousa Tabuk - MAATC,336020,3.00,3.00,0.00,OK
031,031 - Al Mousa Tabuk - MAATC,336021,3.00,3.00,0.00,OK
031,031 - Al Mousa Tabuk - MAATC,336022,3.00,3.00,0.00,OK
031,031 - Al Mousa Tabuk - MAATC,336023,1.00,1.00,0.00,OK
031,031 - Al Mousa Tabuk - MAATC,336024,2.00,2.00,0.00,OK
031,031 - Al Mousa Tabuk - MAATC,336025,3.00,3.00,0.00,OK
031,031 - Al Mousa Tabuk - MAATC,336026,3.00,3.00,0.00,OK
031,031 - Al Mousa Tabuk - MAATC,336027,3.00,3.00,0.00,OK
031,031 - Al Mousa Tabuk - MAATC,336028,1.00,1.00,0.00,OK
031,031 - Al Mousa Tabuk - MAATC,336029,2.00,2.00,0.00,OK
031,031 - Al Mousa Tabuk - MAATC,336030,3.00,3.00,0.00,OK
031,031 - Al Mousa Tabuk - MAATC,336031,3.00,3.00,0.00,OK
031,031 - Al Mousa Tabuk - MAATC,336032,3.00,3.00,0.00,OK
031,031 - Al Mousa Tabuk - MAATC,336038,6.00,6.00,0.00,OK
031,031 - Al Mousa Tabuk - MAATC,336039,6.00,6.00,0.00,OK
031,031 - Al Mousa Tabuk - MAATC,336040,6.00,6.00,0.00,OK
031,031 - Al Mousa Tabuk - MAATC,336041,6.00,6.00,0.00,OK
031,031 - Al Mousa Tabuk - MAATC,336043,6.00,6.00,0.00,OK
031,031 - Al Mousa Tabuk - MAATC,336044,6.00,6.00,0.00,OK
031,031 - Al Mousa Tabuk - MAATC,336045,6.00,6.00,0.00,OK
031,031 - Al Mousa Tabuk - MAATC,336046,6.00,6.00,0.00,OK
031,031 - Al Mousa Tabuk - MAATC,336047,6.00,6.00,0.00,OK
031,031 - Al Mousa Tabuk - MAATC,336048,6.00,6.00,0.00,OK
031,031 - Al Mousa Tabuk - MAATC,336049,6.00,6.00,0.00,OK
031,031 - Al Mousa Tabuk - MAATC,336050,6.00,6.00,0.00,OK
031,031 - Al Mousa Tabuk - MAATC,336051,6.00,6.00,0.00,OK
031,031 - Al Mousa Tabuk - MAATC,336052,6.00,6.00,0.00,OK
031,031 - Al Mousa Tabuk - MAATC,336053,6.00,6.00,0.00,OK
031,031 - Al Mousa Tabuk - MAATC,336055,6.00,6.00,0.00,OK
031,031 - Al Mousa Tabuk - MAATC,336057,2.00,2.00,0.00,OK
031,031 - Al Mousa Tabuk - MAATC,336058,4.00,4.00,0.00,OK
031,031 - Al Mousa Tabuk - MAATC,336059,2.00,2.00,0.00,OK
031,031 - Al Mousa Tabuk - MAATC,336060,2.00,2.00,0.00,OK
031,031 - Al Mousa Tabuk - MAATC,336061,4.00,4.00,0.00,OK
031,031 - Al Mousa Tabuk - MAATC,336062,2.00,2.00,0.00,OK
031,031 - Al Mousa Tabuk - MAATC,336063,2.00,2.00,0.00,OK
031,031 - Al Mousa Tabuk - MAATC,336064,4.00,4.00,0.00,OK
031,031 - Al Mousa Tabuk - MAATC,336065,2.00,2.00,0.00,OK
031,031 - Al Mousa Tabuk - MAATC,336066,2.00,2.00,0.00,OK
031,031 - Al Mousa Tabuk - MAATC,336067,4.00,4.00,0.00,OK
031,031 - Al Mousa Tabuk - MAATC,336068,2.00,2.00,0.00,OK
031,031 - Al Mousa Tabuk - MAATC,336069,2.00,2.00,0.00,OK
031,031 - Al Mousa Tabuk - MAATC,336070,4.00,4.00,0.00,OK
031,031 - Al Mousa Tabuk - MAATC,336071,2.00,2.00,0.00,OK
031,031 - Al Mousa Tabuk - MAATC,336072,2.00,2.00,0.00,OK
031,031 - Al Mousa Tabuk - MAATC,336073,4.00,4.00,0.00,OK
031,031 - Al Mousa Tabuk - MAATC,336074,2.00,2.00,0.00,OK
031,031 - Al Mousa Tabuk - MAATC,336075,1.00,1.00,0.00,OK
031,031 - Al Mousa Tabuk - MAATC,336076,2.00,2.00,0.00,OK
031,031 - Al Mousa Tabuk - MAATC,336077,3.00,3.00,0.00,OK
031,031 - Al Mousa Tabuk - MAATC,336078,3.00,3.00,0.00,OK
031,031 - Al Mousa Tabuk - MAATC,336079,2.00,2.00,0.00,OK
031,031 - Al Mousa Tabuk - MAATC,336080,1.00,1.00,0.00,OK
031,031 - Al Mousa Tabuk - MAATC,336111,1.00,1.00,0.00,OK
031,031 - Al Mousa Tabuk - MAATC,336112,2.00,2.00,0.00,OK
031,031 - Al Mousa Tabuk - MAATC,336113,3.00,3.00,0.00,OK
031,031 - Al Mousa Tabuk - MAATC,336114,2.00,2.00,0.00,OK
031,031 - Al Mousa Tabuk - MAATC,336115,1.00,1.00,0.00,OK
031,031 - Al Mousa Tabuk - MAATC,336116,1.00,1.00,0.00,OK
031,031 - Al Mousa Tabuk - MAATC,336117,1.00,1.00,0.00,OK
031,031 - Al Mousa Tabuk - MAATC,336118,2.00,2.00,0.00,OK
031,031 - Al Mousa Tabuk - MAATC,336119,3.00,3.00,0.00,OK
031,031 - Al Mousa Tabuk - MAATC,336120,2.00,2.00,0.00,OK
031,031 - Al Mousa Tabuk - MAATC,336121,1.00,1.00,0.00,OK
031,031 - Al Mousa Tabuk - MAATC,336122,1.00,1.00,0.00,OK
031,031 - Al Mousa Tabuk - MAATC,336123,1.00,1.00,0.00,OK
031,031 - Al Mousa Tabuk - MAATC,336124,2.00,2.00,0.00,OK
031,031 - Al Mousa Tabuk - MAATC,336125,3.00,3.00,0.00,OK
031,031 - Al Mousa Tabuk - MAATC,336126,2.00,2.00,0.00,OK
031,031 - Al Mousa Tabuk - MAATC,336127,1.00,1.00,0.00,OK
031,031 - Al Mousa Tabuk - MAATC,336128,1.00,1.00,0.00,OK
031,031 - Al Mousa Tabuk - MAATC,336129,1.00,1.00,0.00,OK
031,031 - Al Mousa Tabuk - MAATC,336130,2.00,2.00,0.00,OK
031,031 - Al Mousa Tabuk - MAATC,336132,2.00,2.00,0.00,OK
031,031 - Al Mousa Tabuk - MAATC,336133,1.00,1.00,0.00,OK
031,031 - Al Mousa Tabuk - MAATC,336134,1.00,1.00,0.00,OK
031,031 - Al Mousa Tabuk - MAATC,336135,1.00,1.00,0.00,OK
031,031 - Al Mousa Tabuk - MAATC,336136,2.00,2.00,0.00,OK
031,031 - Al Mousa Tabuk - MAATC,336137,3.00,3.00,0.00,OK
031,031 - Al Mousa Tabuk - MAATC,336138,2.00,2.00,0.00,OK
031,031 - Al Mousa Tabuk - MAATC,336139,1.00,1.00,0.00,OK
031,031 - Al Mousa Tabuk - MAATC,336140,1.00,1.00,0.00,OK
031,031 - Al Mousa Tabuk - MAATC,336141,1.00,1.00,0.00,OK
031,031 - Al Mousa Tabuk - MAATC,336142,2.00,2.00,0.00,OK
031,031 - Al Mousa Tabuk - MAATC,336144,2.00,2.00,0.00,OK
031,031 - Al Mousa Tabuk - MAATC,336147,1.00,1.00,0.00,OK
031,031 - Al Mousa Tabuk - MAATC,336148,2.00,2.00,0.00,OK
031,031 - Al Mousa Tabuk - MAATC,336149,3.00,3.00,0.00,OK
031,031 - Al Mousa Tabuk - MAATC,336150,2.00,2.00,0.00,OK
031,031 - Al Mousa Tabuk - MAATC,336151,1.00,1.00,0.00,OK
031,031 - Al Mousa Tabuk - MAATC,336152,1.00,1.00,0.00,OK
031,031 - Al Mousa Tabuk - MAATC,336153,1.00,1.00,0.00,OK
031,031 - Al Mousa Tabuk - MAATC,336154,2.00,2.00,0.00,OK
031,031 - Al Mousa Tabuk - MAATC,336155,3.00,3.00,0.00,OK
031,031 - Al Mousa Tabuk - MAATC,336156,2.00,2.00,0.00,OK
031,031 - Al Mousa Tabuk - MAATC,336157,1.00,1.00,0.00,OK
031,031 - Al Mousa Tabuk - MAATC,336158,1.00,1.00,0.00,OK
031,031 - Al Mousa Tabuk - MAATC,336159,1.00,1.00,0.00,OK
031,031 - Al Mousa Tabuk - MAATC,336160,2.00,2.00,0.00,OK
031,031 - Al Mousa Tabuk - MAATC,336161,3.00,3.00,0.00,OK
031,031 - Al Mousa Tabuk - MAATC,336162,2.00,2.00,0.00,OK
031,031 - Al Mousa Tabuk - MAATC,336163,1.00,1.00,0.00,OK
031,031 - Al Mousa Tabuk - MAATC,336164,1.00,1.00,0.00,OK
031,031 - Al Mousa Tabuk - MAATC,336166,2.00,2.00,0.00,OK
031,031 - Al Mousa Tabuk - MAATC,336169,1.00,1.00,0.00,OK
031,031 - Al Mousa Tabuk - MAATC,336170,1.00,1.00,0.00,OK
031,031 - Al Mousa Tabuk - MAATC,336171,1.00,1.00,0.00,OK
031,031 - Al Mousa Tabuk - MAATC,336174,2.00,2.00,0.00,OK
031,031 - Al Mousa Tabuk - MAATC,336175,1.00,1.00,0.00,OK
031,031 - Al Mousa Tabuk - MAATC,336176,1.00,1.00,0.00,OK
031,031 - Al Mousa Tabuk - MAATC,336177,1.00,1.00,0.00,OK
031,031 - Al Mousa Tabuk - MAATC,336178,2.00,2.00,0.00,OK
031,031 - Al Mousa Tabuk - MAATC,336179,3.00,3.00,0.00,OK
031,031 - Al Mousa Tabuk - MAATC,336180,2.00,2.00,0.00,OK
031,031 - Al Mousa Tabuk - MAATC,336181,1.00,1.00,0.00,OK
031,031 - Al Mousa Tabuk - MAATC,336182,1.00,1.00,0.00,OK
031,031 - Al Mousa Tabuk - MAATC,336183,1.00,1.00,0.00,OK
031,031 - Al Mousa Tabuk - MAATC,336184,2.00,2.00,0.00,OK
031,031 - Al Mousa Tabuk - MAATC,336186,2.00,2.00,0.00,OK
031,031 - Al Mousa Tabuk - MAATC,336187,1.00,1.00,0.00,OK
031,031 - Al Mousa Tabuk - MAATC,336188,1.00,1.00,0.00,OK
031,031 - Al Mousa Tabuk - MAATC,336189,1.00,1.00,0.00,OK
031,031 - Al Mousa Tabuk - MAATC,336190,2.00,2.00,0.00,OK
031,031 - Al Mousa Tabuk - MAATC,336191,3.00,3.00,0.00,OK
031,031 - Al Mousa Tabuk - MAATC,336192,2.00,2.00,0.00,OK
031,031 - Al Mousa Tabuk - MAATC,336193,1.00,1.00,0.00,OK
031,031 - Al Mousa Tabuk - MAATC,336194,1.00,1.00,0.00,OK
031,031 - Al Mousa Tabuk - MAATC,336195,1.00,1.00,0.00,OK
031,031 - Al Mousa Tabuk - MAATC,336196,2.00,2.00,0.00,OK
031,031 - Al Mousa Tabuk - MAATC,336197,3.00,3.00,0.00,OK
031,031 - Al Mousa Tabuk - MAATC,336198,2.00,2.00,0.00,OK
031,031 - Al Mousa Tabuk - MAATC,336199,1.00,1.00,0.00,OK
031,031 - Al Mousa Tabuk - MAATC,336200,1.00,1.00,0.00,OK
031,031 - Al Mousa Tabuk - MAATC,336201,1.00,1.00,0.00,OK
031,031 - Al Mousa Tabuk - MAATC,336202,2.00,2.00,0.00,OK
031,031 - Al Mousa Tabuk - MAATC,336203,3.00,3.00,0.00,OK
031,031 - Al Mousa Tabuk - MAATC,336205,1.00,1.00,0.00,OK
031,031 - Al Mousa Tabuk - MAATC,336206,1.00,1.00,0.00,OK
031,031 - Al Mousa Tabuk - MAATC,336207,1.00,1.00,0.00,OK
031,031 - Al Mousa Tabuk - MAATC,336209,3.00,3.00,0.00,OK
031,031 - Al Mousa Tabuk - MAATC,336211,1.00,1.00,0.00,OK
031,031 - Al Mousa Tabuk - MAATC,336212,1.00,1.00,0.00,OK
031,031 - Al Mousa Tabuk - MAATC,336213,1.00,1.00,0.00,OK
031,031 - Al Mousa Tabuk - MAATC,336214,2.00,2.00,0.00,OK
031,031 - Al Mousa Tabuk - MAATC,336215,3.00,3.00,0.00,OK
031,031 - Al Mousa Tabuk - MAATC,336216,2.00,2.00,0.00,OK
031,031 - Al Mousa Tabuk - MAATC,336217,1.00,1.00,0.00,OK
031,031 - Al Mousa Tabuk - MAATC,336218,1.00,1.00,0.00,OK
031,031 - Al Mousa Tabuk - MAATC,336219,1.00,1.00,0.00,OK
031,031 - Al Mousa Tabuk - MAATC,336220,2.00,2.00,0.00,OK
031,031 - Al Mousa Tabuk - MAATC,336221,3.00,3.00,0.00,OK
031,031 - Al Mousa Tabuk - MAATC,336222,2.00,2.00,0.00,OK
031,031 - Al Mousa Tabuk - MAATC,336223,1.00,1.00,0.00,OK
031,031 - Al Mousa Tabuk - MAATC,336224,1.00,1.00,0.00,OK
031,031 - Al Mousa Tabuk - MAATC,336225,1.00,1.00,0.00,OK
031,031 - Al Mousa Tabuk - MAATC,336226,2.00,2.00,0.00,OK
031,031 - Al Mousa Tabuk - MAATC,336227,3.00,3.00,0.00,OK
031,031 - Al Mousa Tabuk - MAATC,336228,2.00,2.00,0.00,OK
031,031 - Al Mousa Tabuk - MAATC,336229,1.00,1.00,0.00,OK
031,031 - Al Mousa Tabuk - MAATC,336230,1.00,1.00,0.00,OK
031,031 - Al Mousa Tabuk - MAATC,336231,1.00,1.00,0.00,OK
031,031 - Al Mousa Tabuk - MAATC,336232,2.00,2.00,0.00,OK
031,031 - Al Mousa Tabuk - MAATC,336233,3.00,3.00,0.00,OK
031,031 - Al Mousa Tabuk - MAATC,336234,2.00,2.00,0.00,OK
031,031 - Al Mousa Tabuk - MAATC,336235,1.00,1.00,0.00,OK
031,031 - Al Mousa Tabuk - MAATC,336236,1.00,1.00,0.00,OK
031,031 - Al Mousa Tabuk - MAATC,336238,2.00,2.00,0.00,OK
031,031 - Al Mousa Tabuk - MAATC,336239,3.00,3.00,0.00,OK
031,031 - Al Mousa Tabuk - MAATC,336240,2.00,2.00,0.00,OK
031,031 - Al Mousa Tabuk - MAATC,336241,1.00,1.00,0.00,OK
031,031 - Al Mousa Tabuk - MAATC,336242,1.00,1.00,0.00,OK
031,031 - Al Mousa Tabuk - MAATC,336243,1.00,1.00,0.00,OK
031,031 - Al Mousa Tabuk - MAATC,336244,2.00,2.00,0.00,OK
031,031 - Al Mousa Tabuk - MAATC,336245,3.00,3.00,0.00,OK
031,031 - Al Mousa Tabuk - MAATC,336246,2.00,2.00,0.00,OK
031,031 - Al Mousa Tabuk - MAATC,336247,1.00,1.00,0.00,OK
031,031 - Al Mousa Tabuk - MAATC,336248,1.00,1.00,0.00,OK
031,031 - Al Mousa Tabuk - MAATC,336249,1.00,1.00,0.00,OK
031,031 - Al Mousa Tabuk - MAATC,336250,2.00,2.00,0.00,OK
031,031 - Al Mousa Tabuk - MAATC,336251,3.00,3.00,0.00,OK
031,031 - Al Mousa Tabuk - MAATC,336252,2.00,2.00,0.00,OK
031,031 - Al Mousa Tabuk - MAATC,336253,1.00,1.00,0.00,OK
031,031 - Al Mousa Tabuk - MAATC,336254,1.00,1.00,0.00,OK
031,031 - Al Mousa Tabuk - MAATC,336255,1.00,1.00,0.00,OK
031,031 - Al Mousa Tabuk - MAATC,336256,2.00,2.00,0.00,OK
031,031 - Al Mousa Tabuk - MAATC,336257,3.00,3.00,0.00,OK
031,031 - Al Mousa Tabuk - MAATC,336258,2.00,2.00,0.00,OK
031,031 - Al Mousa Tabuk - MAATC,336259,1.00,1.00,0.00,OK
031,031 - Al Mousa Tabuk - MAATC,336260,1.00,1.00,0.00,OK
031,031 - Al Mousa Tabuk - MAATC,336261,1.00,1.00,0.00,OK
031,031 - Al Mousa Tabuk - MAATC,336262,2.00,2.00,0.00,OK
031,031 - Al Mousa Tabuk - MAATC,336263,3.00,3.00,0.00,OK
031,031 - Al Mousa Tabuk - MAATC,336264,2.00,2.00,0.00,OK
031,031 - Al Mousa Tabuk - MAATC,336265,1.00,1.00,0.00,OK
031,031 - Al Mousa Tabuk - MAATC,336266,1.00,1.00,0.00,OK
031,031 - Al Mousa Tabuk - MAATC,336267,1.00,1.00,0.00,OK
031,031 - Al Mousa Tabuk - MAATC,336268,2.00,2.00,0.00,OK
031,031 - Al Mousa Tabuk - MAATC,336269,3.00,3.00,0.00,OK
031,031 - Al Mousa Tabuk - MAATC,336270,2.00,2.00,0.00,OK
031,031 - Al Mousa Tabuk - MAATC,336271,1.00,1.00,0.00,OK
031,031 - Al Mousa Tabuk - MAATC,336272,1.00,1.00,0.00,OK
031,031 - Al Mousa Tabuk - MAATC,336273,1.00,1.00,0.00,OK
031,031 - Al Mousa Tabuk - MAATC,336274,2.00,2.00,0.00,OK
031,031 - Al Mousa Tabuk - MAATC,336275,3.00,3.00,0.00,OK
031,031 - Al Mousa Tabuk - MAATC,336276,2.00,2.00,0.00,OK
031,031 - Al Mousa Tabuk - MAATC,336277,1.00,1.00,0.00,OK
031,031 - Al Mousa Tabuk - MAATC,336278,1.00,1.00,0.00,OK
031,031 - Al Mousa Tabuk - MAATC,336279,1.00,1.00,0.00,OK
031,031 - Al Mousa Tabuk - MAATC,336280,2.00,2.00,0.00,OK
031,031 - Al Mousa Tabuk - MAATC,336281,3.00,3.00,0.00,OK
031,031 - Al Mousa Tabuk - MAATC,336282,2.00,2.00,0.00,OK
031,031 - Al Mousa Tabuk - MAATC,336283,1.00,1.00,0.00,OK
031,031 - Al Mousa Tabuk - MAATC,336284,1.00,1.00,0.00,OK
031,031 - Al Mousa Tabuk - MAATC,336285,1.00,1.00,0.00,OK
031,031 - Al Mousa Tabuk - MAATC,336286,2.00,2.00,0.00,OK
031,031 - Al Mousa Tabuk - MAATC,336287,3.00,3.00,0.00,OK
031,031 - Al Mousa Tabuk - MAATC,336288,2.00,2.00,0.00,OK
031,031 - Al Mousa Tabuk - MAATC,336289,1.00,1.00,0.00,OK
031,031 - Al Mousa Tabuk - MAATC,336290,1.00,1.00,0.00,OK
031,031 - Al Mousa Tabuk - MAATC,336291,1.00,1.00,0.00,OK
031,031 - Al Mousa Tabuk - MAATC,336292,2.00,2.00,0.00,OK
031,031 - Al Mousa Tabuk - MAATC,336293,3.00,3.00,0.00,OK
031,031 - Al Mousa Tabuk - MAATC,336294,2.00,2.00,0.00,OK
031,031 - Al Mousa Tabuk - MAATC,336295,1.00,1.00,0.00,OK
031,031 - Al Mousa Tabuk - MAATC,336296,1.00,1.00,0.00,OK
031,031 - Al Mousa Tabuk - MAATC,336297,1.00,1.00,0.00,OK
031,031 - Al Mousa Tabuk - MAATC,336298,2.00,2.00,0.00,OK
031,031 - Al Mousa Tabuk - MAATC,336299,3.00,3.00,0.00,OK
031,031 - Al Mousa Tabuk - MAATC,336300,2.00,2.00,0.00,OK
031,031 - Al Mousa Tabuk - MAATC,336301,1.00,1.00,0.00,OK
031,031 - Al Mousa Tabuk - MAATC,336302,1.00,1.00,0.00,OK
031,031 - Al Mousa Tabuk - MAATC,336303,1.00,1.00,0.00,OK
031,031 - Al Mousa Tabuk - MAATC,336304,2.00,2.00,0.00,OK
031,031 - Al Mousa Tabuk - MAATC,336305,3.00,3.00,0.00,OK
031,031 - Al Mousa Tabuk - MAATC,336306,2.00,2.00,0.00,OK
031,031 - Al Mousa Tabuk - MAATC,336307,1.00,1.00,0.00,OK
031,031 - Al Mousa Tabuk - MAATC,336308,1.00,1.00,0.00,OK
031,031 - Al Mousa Tabuk - MAATC,336309,1.00,1.00,0.00,OK
031,031 - Al Mousa Tabuk - MAATC,336310,2.00,2.00,0.00,OK
031,031 - Al Mousa Tabuk - MAATC,336311,3.00,3.00,0.00,OK
031,031 - Al Mousa Tabuk - MAATC,336312,2.00,2.00,0.00,OK
031,031 - Al Mousa Tabuk - MAATC,336313,1.00,1.00,0.00,OK
031,031 - Al Mousa Tabuk - MAATC,336314,1.00,1.00,0.00,OK
031,031 - Al Mousa Tabuk - MAATC,336315,1.00,1.00,0.00,OK
031,031 - Al Mousa Tabuk - MAATC,336316,2.00,2.00,0.00,OK
031,031 - Al Mousa Tabuk - MAATC,336317,3.00,3.00,0.00,OK
031,031 - Al Mousa Tabuk - MAATC,336318,2.00,2.00,0.00,OK
031,031 - Al Mousa Tabuk - MAATC,336319,1.00,1.00,0.00,OK
031,031 - Al Mousa Tabuk - MAATC,336320,1.00,1.00,0.00,OK
031,031 - Al Mousa Tabuk - MAATC,336321,1.00,1.00,0.00,OK
031,031 - Al Mousa Tabuk - MAATC,336322,2.00,2.00,0.00,OK
031,031 - Al Mousa Tabuk - MAATC,336323,3.00,3.00,0.00,OK
031,031 - Al Mousa Tabuk - MAATC,336324,2.00,2.00,0.00,OK
031,031 - Al Mousa Tabuk - MAATC,336325,1.00,1.00,0.00,OK
031,031 - Al Mousa Tabuk - MAATC,336326,1.00,1.00,0.00,OK
031,031 - Al Mousa Tabuk - MAATC,336327,1.00,1.00,0.00,OK
031,031 - Al Mousa Tabuk - MAATC,336328,2.00,2.00,0.00,OK
031,031 - Al Mousa Tabuk - MAATC,336329,3.00,3.00,0.00,OK
031,031 - Al Mousa Tabuk - MAATC,336330,2.00,2.00,0.00,OK
031,031 - Al Mousa Tabuk - MAATC,336331,1.00,1.00,0.00,OK
031,031 - Al Mousa Tabuk - MAATC,336332,1.00,1.00,0.00,OK
031,031 - Al Mousa Tabuk - MAATC,336333,1.00,1.00,0.00,OK
031,031 - Al Mousa Tabuk - MAATC,336334,2.00,2.00,0.00,OK
031,031 - Al Mousa Tabuk - MAATC,336335,3.00,3.00,0.00,OK
031,031 - Al Mousa Tabuk - MAATC,336336,2.00,2.00,0.00,OK
031,031 - Al Mousa Tabuk - MAATC,336337,1.00,1.00,0.00,OK
031,031 - Al Mousa Tabuk - MAATC,336338,1.00,1.00,0.00,OK
031,031 - Al Mousa Tabuk - MAATC,336339,1.00,1.00,0.00,OK
031,031 - Al Mousa Tabuk - MAATC,336340,2.00,2.00,0.00,OK
031,031 - Al Mousa Tabuk - MAATC,336341,3.00,3.00,0.00,OK
031,031 - Al Mousa Tabuk - MAATC,336342,2.00,2.00,0.00,OK
031,031 - Al Mousa Tabuk - MAATC,336343,1.00,1.00,0.00,OK
031,031 - Al Mousa Tabuk - MAATC,336344,1.00,1.00,0.00,OK
031,031 - Al Mousa Tabuk - MAATC,336345,1.00,1.00,0.00,OK
031,031 - Al Mousa Tabuk - MAATC,336346,2.00,2.00,0.00,OK
031,031 - Al Mousa Tabuk - MAATC,336347,3.00,3.00,0.00,OK
031,031 - Al Mousa Tabuk - MAATC,336349,1.00,1.00,0.00,OK
031,031 - Al Mousa Tabuk - MAATC,336350,1.00,1.00,0.00,OK
031,031 - Al Mousa Tabuk - MAATC,336351,1.00,1.00,0.00,OK
031,031 - Al Mousa Tabuk - MAATC,336352,2.00,2.00,0.00,OK
031,031 - Al Mousa Tabuk - MAATC,336353,3.00,3.00,0.00,OK
031,031 - Al Mousa Tabuk - MAATC,336354,2.00,2.00,0.00,OK
031,031 - Al Mousa Tabuk - MAATC,336355,1.00,1.00,0.00,OK
031,031 - Al Mousa Tabuk - MAATC,336356,1.00,1.00,0.00,OK
031,031 - Al Mousa Tabuk - MAATC,336357,1.00,1.00,0.00,OK
031,031 - Al Mousa Tabuk - MAATC,336358,2.00,2.00,0.00,OK
031,031 - Al Mousa Tabuk - MAATC,336359,3.00,3.00,0.00,OK
031,031 - Al Mousa Tabuk - MAATC,336360,2.00,2.00,0.00,OK
031,031 - Al Mousa Tabuk - MAATC,336361,1.00,1.00,0.00,OK
031,031 - Al Mousa Tabuk - MAATC,336362,1.00,1.00,0.00,OK
031,031 - Al Mousa Tabuk - MAATC,336363,1.00,1.00,0.00,OK
031,031 - Al Mousa Tabuk - MAATC,336364,2.00,2.00,0.00,OK
031,031 - Al Mousa Tabuk - MAATC,336365,3.00,3.00,0.00,OK
031,031 - Al Mousa Tabuk - MAATC,336366,2.00,2.00,0.00,OK
031,031 - Al Mousa Tabuk - MAATC,336367,1.00,1.00,0.00,OK
031,031 - Al Mousa Tabuk - MAATC,336368,1.00,1.00,0.00,OK
031,031 - Al Mousa Tabuk - MAATC,336387,1.00,1.00,0.00,OK
031,031 - Al Mousa Tabuk - MAATC,336388,2.00,2.00,0.00,OK
031,031 - Al Mousa Tabuk - MAATC,336389,3.00,3.00,0.00,OK
031,031 - Al Mousa Tabuk - MAATC,336390,2.00,2.00,0.00,OK
031,031 - Al Mousa Tabuk - MAATC,336391,1.00,1.00,0.00,OK
031,031 - Al Mousa Tabuk - MAATC,336392,1.00,1.00,0.00,OK
031,031 - Al Mousa Tabuk - MAATC,336393,1.00,1.00,0.00,OK
031,031 - Al Mousa Tabuk - MAATC,336394,2.00,2.00,0.00,OK
031,031 - Al Mousa Tabuk - MAATC,336395,3.00,3.00,0.00,OK
031,031 - Al Mousa Tabuk - MAATC,336397,1.00,1.00,0.00,OK
031,031 - Al Mousa Tabuk - MAATC,336398,1.00,1.00,0.00,OK
031,031 - Al Mousa Tabuk - MAATC,336399,1.00,1.00,0.00,OK
031,031 - Al Mousa Tabuk - MAATC,336400,2.00,2.00,0.00,OK
031,031 - Al Mousa Tabuk - MAATC,336401,3.00,3.00,0.00,OK
031,031 - Al Mousa Tabuk - MAATC,336402,2.00,2.00,0.00,OK
031,031 - Al Mousa Tabuk - MAATC,336403,1.00,1.00,0.00,OK
031,031 - Al Mousa Tabuk - MAATC,336404,1.00,1.00,0.00,OK
031,031 - Al Mousa Tabuk - MAATC,336405,1.00,1.00,0.00,OK
031,031 - Al Mousa Tabuk - MAATC,336406,2.00,2.00,0.00,OK
031,031 - Al Mousa Tabuk - MAATC,336407,3.00,3.00,0.00,OK
031,031 - Al Mousa Tabuk - MAATC,336408,2.00,2.00,0.00,OK
031,031 - Al Mousa Tabuk - MAATC,336409,1.00,1.00,0.00,OK
031,031 - Al Mousa Tabuk - MAATC,336410,1.00,1.00,0.00,OK
031,031 - Al Mousa Tabuk - MAATC,336411,1.00,1.00,0.00,OK
031,031 - Al Mousa Tabuk - MAATC,336412,2.00,2.00,0.00,OK
031,031 - Al Mousa Tabuk - MAATC,336413,3.00,3.00,0.00,OK
031,031 - Al Mousa Tabuk - MAATC,336414,2.00,2.00,0.00,OK
031,031 - Al Mousa Tabuk - MAATC,336415,1.00,1.00,0.00,OK
031,031 - Al Mousa Tabuk - MAATC,336416,1.00,1.00,0.00,OK
031,031 - Al Mousa Tabuk - MAATC,336417,1.00,1.00,0.00,OK
031,031 - Al Mousa Tabuk - MAATC,336419,3.00,3.00,0.00,OK
031,031 - Al Mousa Tabuk - MAATC,336420,2.00,2.00,0.00,OK
031,031 - Al Mousa Tabuk - MAATC,336421,1.00,1.00,0.00,OK
031,031 - Al Mousa Tabuk - MAATC,336422,1.00,1.00,0.00,OK
031,031 - Al Mousa Tabuk - MAATC,336423,1.00,1.00,0.00,OK
031,031 - Al Mousa Tabuk - MAATC,336424,2.00,2.00,0.00,OK
031,031 - Al Mousa Tabuk - MAATC,336425,3.00,3.00,0.00,OK
031,031 - Al Mousa Tabuk - MAATC,336426,2.00,2.00,0.00,OK
031,031 - Al Mousa Tabuk - MAATC,336428,1.00,1.00,0.00,OK
031,031 - Al Mousa Tabuk - MAATC,336429,1.00,1.00,0.00,OK
031,031 - Al Mousa Tabuk - MAATC,336430,2.00,2.00,0.00,OK
031,031 - Al Mousa Tabuk - MAATC,336431,3.00,3.00,0.00,OK
031,031 - Al Mousa Tabuk - MAATC,336432,2.00,2.00,0.00,OK
031,031 - Al Mousa Tabuk - MAATC,336433,1.00,1.00,0.00,OK
031,031 - Al Mousa Tabuk - MAATC,336434,1.00,1.00,0.00,OK
031,031 - Al Mousa Tabuk - MAATC,336435,1.00,1.00,0.00,OK
031,031 - Al Mousa Tabuk - MAATC,336437,3.00,3.00,0.00,OK
031,031 - Al Mousa Tabuk - MAATC,336438,2.00,2.00,0.00,OK
031,031 - Al Mousa Tabuk - MAATC,336439,1.00,1.00,0.00,OK
031,031 - Al Mousa Tabuk - MAATC,336440,1.00,1.00,0.00,OK
031,031 - Al Mousa Tabuk - MAATC,336441,1.00,1.00,0.00,OK
031,031 - Al Mousa Tabuk - MAATC,336443,3.00,3.00,0.00,OK
031,031 - Al Mousa Tabuk - MAATC,336444,2.00,2.00,0.00,OK
031,031 - Al Mousa Tabuk - MAATC,336445,1.00,1.00,0.00,OK
031,031 - Al Mousa Tabuk - MAATC,336446,1.00,1.00,0.00,OK
031,031 - Al Mousa Tabuk - MAATC,336447,1.00,1.00,0.00,OK
031,031 - Al Mousa Tabuk - MAATC,336448,2.00,2.00,0.00,OK
031,031 - Al Mousa Tabuk - MAATC,336449,3.00,3.00,0.00,OK
031,031 - Al Mousa Tabuk - MAATC,336450,2.00,2.00,0.00,OK
031,031 - Al Mousa Tabuk - MAATC,336451,1.00,1.00,0.00,OK
031,031 - Al Mousa Tabuk - MAATC,336452,1.00,1.00,0.00,OK
031,031 - Al Mousa Tabuk - MAATC,336453,1.00,1.00,0.00,OK
031,031 - Al Mousa Tabuk - MAATC,336454,2.00,2.00,0.00,OK
031,031 - Al Mousa Tabuk - MAATC,336455,3.00,3.00,0.00,OK
031,031 - Al Mousa Tabuk - MAATC,336456,2.00,2.00,0.00,OK
031,031 - Al Mousa Tabuk - MAATC,336457,1.00,1.00,0.00,OK
031,031 - Al Mousa Tabuk - MAATC,336458,1.00,1.00,0.00,OK
031,031 - Al Mousa Tabuk - MAATC,336459,1.00,1.00,0.00,OK
031,031 - Al Mousa Tabuk - MAATC,336460,2.00,2.00,0.00,OK
031,031 - Al Mousa Tabuk - MAATC,336461,3.00,3.00,0.00,OK
031,031 - Al Mousa Tabuk - MAATC,336462,2.00,2.00,0.00,OK
031,031 - Al Mousa Tabuk - MAATC,336463,1.00,1.00,0.00,OK
031,031 - Al Mousa Tabuk - MAATC,336464,1.00,1.00,0.00,OK
031,031 - Al Mousa Tabuk - MAATC,336465,1.00,1.00,0.00,OK
031,031 - Al Mousa Tabuk - MAATC,336466,2.00,2.00,0.00,OK
031,031 - Al Mousa Tabuk - MAATC,336467,3.00,3.00,0.00,OK
031,031 - Al Mousa Tabuk - MAATC,336468,2.00,2.00,0.00,OK
031,031 - Al Mousa Tabuk - MAATC,336469,1.00,1.00,0.00,OK
031,031 - Al Mousa Tabuk - MAATC,336470,1.00,1.00,0.00,OK
031,031 - Al Mousa Tabuk - MAATC,336471,1.00,1.00,0.00,OK
031,031 - Al Mousa Tabuk - MAATC,336472,2.00,2.00,0.00,OK
031,031 - Al Mousa Tabuk - MAATC,336473,3.00,3.00,0.00,OK
031,031 - Al Mousa Tabuk - MAATC,336474,2.00,2.00,0.00,OK
031,031 - Al Mousa Tabuk - MAATC,336475,1.00,1.00,0.00,OK
031,031 - Al Mousa Tabuk - MAATC,336476,1.00,1.00,0.00,OK
031,031 - Al Mousa Tabuk - MAATC,336477,1.00,1.00,0.00,OK
031,031 - Al Mousa Tabuk - MAATC,336478,2.00,2.00,0.00,OK
031,031 - Al Mousa Tabuk - MAATC,336479,3.00,3.00,0.00,OK
031,031 - Al Mousa Tabuk - MAATC,336480,2.00,2.00,0.00,OK
031,031 - Al Mousa Tabuk - MAATC,336481,1.00,1.00,0.00,OK
031,031 - Al Mousa Tabuk - MAATC,336482,1.00,1.00,0.00,OK
033,033 - Sample Location - MAATC,336007,1.00,1.00,0.00,OK
033,033 - Sample Location - MAATC,336013,1.00,1.00,0.00,OK
033,033 - Sample Location - MAATC,336020,1.00,1.00,0.00,OK
033,033 - Sample Location - MAATC,336025,1.00,1.00,0.00,OK
033,033 - Sample Location - MAATC,336030,1.00,1.00,0.00,OK
033,033 - Sample Location - MAATC,336033,1.00,1.00,0.00,OK
033,033 - Sample Location - MAATC,336034,1.00,1.00,0.00,OK
033,033 - Sample Location - MAATC,336035,1.00,1.00,0.00,OK
033,033 - Sample Location - MAATC,336036,1.00,1.00,0.00,OK
033,033 - Sample Location - MAATC,336037,1.00,1.00,0.00,OK
033,033 - Sample Location - MAATC,336038,1.00,1.00,0.00,OK
033,033 - Sample Location - MAATC,336039,1.00,1.00,0.00,OK
033,033 - Sample Location - MAATC,336040,1.00,1.00,0.00,OK
033,033 - Sample Location - MAATC,336041,1.00,1.00,0.00,OK
033,033 - Sample Location - MAATC,336042,1.00,1.00,0.00,OK
033,033 - Sample Location - MAATC,336043,1.00,1.00,0.00,OK
033,033 - Sample Location - MAATC,336044,1.00,1.00,0.00,OK
033,033 - Sample Location - MAATC,336045,1.00,1.00,0.00,OK
033,033 - Sample Location - MAATC,336046,1.00,1.00,0.00,OK
033,033 - Sample Location - MAATC,336047,1.00,1.00,0.00,OK
033,033 - Sample Location - MAATC,336048,1.00,1.00,0.00,OK
033,033 - Sample Location - MAATC,336049,1.00,1.00,0.00,OK
033,033 - Sample Location - MAATC,336050,1.00,1.00,0.00,OK
033,033 - Sample Location - MAATC,336051,1.00,1.00,0.00,OK
033,033 - Sample Location - MAATC,336052,1.00,1.00,0.00,OK
033,033 - Sample Location - MAATC,336054,1.00,1.00,0.00,OK
033,033 - Sample Location - MAATC,336055,1.00,1.00,0.00,OK
033,033 - Sample Location - MAATC,336056,1.00,1.00,0.00,OK
033,033 - Sample Location - MAATC,336061,1.00,1.00,0.00,OK
033,033 - Sample Location - MAATC,336064,1.00,1.00,0.00,OK
033,033 - Sample Location - MAATC,336067,1.00,1.00,0.00,OK
033,033 - Sample Location - MAATC,336070,1.00,1.00,0.00,OK
033,033 - Sample Location - MAATC,336073,1.00,1.00,0.00,OK
033,033 - Sample Location - MAATC,336078,1.00,1.00,0.00,OK
033,033 - Sample Location - MAATC,336082,1.00,1.00,0.00,OK
033,033 - Sample Location - MAATC,336088,1.00,1.00,0.00,OK
033,033 - Sample Location - MAATC,336094,1.00,1.00,0.00,OK
033,033 - Sample Location - MAATC,336100,1.00,1.00,0.00,OK
033,033 - Sample Location - MAATC,336106,1.00,1.00,0.00,OK
033,033 - Sample Location - MAATC,336112,1.00,1.00,0.00,OK
033,033 - Sample Location - MAATC,336118,1.00,1.00,0.00,OK
033,033 - Sample Location - MAATC,336124,1.00,1.00,0.00,OK
033,033 - Sample Location - MAATC,336130,1.00,1.00,0.00,OK
033,033 - Sample Location - MAATC,336136,1.00,1.00,0.00,OK
033,033 - Sample Location - MAATC,336142,1.00,1.00,0.00,OK
033,033 - Sample Location - MAATC,336148,1.00,1.00,0.00,OK
033,033 - Sample Location - MAATC,336154,1.00,1.00,0.00,OK
033,033 - Sample Location - MAATC,336160,1.00,1.00,0.00,OK
033,033 - Sample Location - MAATC,336166,1.00,1.00,0.00,OK
033,033 - Sample Location - MAATC,336172,1.00,1.00,0.00,OK
033,033 - Sample Location - MAATC,336178,1.00,1.00,0.00,OK
033,033 - Sample Location - MAATC,336184,1.00,1.00,0.00,OK
033,033 - Sample Location - MAATC,336190,1.00,1.00,0.00,OK
033,033 - Sample Location - MAATC,336196,1.00,1.00,0.00,OK
033,033 - Sample Location - MAATC,336202,1.00,1.00,0.00,OK
033,033 - Sample Location - MAATC,336208,1.00,1.00,0.00,OK
033,033 - Sample Location - MAATC,336214,1.00,1.00,0.00,OK
033,033 - Sample Location - MAATC,336220,1.00,1.00,0.00,OK
033,033 - Sample Location - MAATC,336226,1.00,1.00,0.00,OK
033,033 - Sample Location - MAATC,336232,1.00,1.00,0.00,OK
033,033 - Sample Location - MAATC,336238,1.00,1.00,0.00,OK
033,033 - Sample Location - MAATC,336244,1.00,1.00,0.00,OK
033,033 - Sample Location - MAATC,336250,1.00,1.00,0.00,OK
033,033 - Sample Location - MAATC,336256,1.00,1.00,0.00,OK
033,033 - Sample Location - MAATC,336262,1.00,1.00,0.00,OK
033,033 - Sample Location - MAATC,336268,1.00,1.00,0.00,OK
033,033 - Sample Location - MAATC,336274,1.00,1.00,0.00,OK
033,033 - Sample Location - MAATC,336280,1.00,1.00,0.00,OK
033,033 - Sample Location - MAATC,336286,1.00,1.00,0.00,OK
033,033 - Sample Location - MAATC,336292,1.00,1.00,0.00,OK
033,033 - Sample Location - MAATC,336298,1.00,1.00,0.00,OK
033,033 - Sample Location - MAATC,336304,1.00,1.00,0.00,OK
033,033 - Sample Location - MAATC,336310,1.00,1.00,0.00,OK
033,033 - Sample Location - MAATC,336316,1.00,1.00,0.00,OK
033,033 - Sample Location - MAATC,336322,1.00,1.00,0.00,OK
033,033 - Sample Location - MAATC,336328,1.00,1.00,0.00,OK
033,033 - Sample Location - MAATC,336334,1.00,1.00,0.00,OK
033,033 - Sample Location - MAATC,336340,1.00,1.00,0.00,OK
033,033 - Sample Location - MAATC,336346,1.00,1.00,0.00,OK
033,033 - Sample Location - MAATC,336352,1.00,1.00,0.00,OK
033,033 - Sample Location - MAATC,336358,1.00,1.00,0.00,OK
033,033 - Sample Location - MAATC,336364,1.00,1.00,0.00,OK
033,033 - Sample Location - MAATC,336370,1.00,1.00,0.00,OK
033,033 - Sample Location - MAATC,336376,1.00,1.00,0.00,OK
033,033 - Sample Location - MAATC,336382,1.00,1.00,0.00,OK
033,033 - Sample Location - MAATC,336388,1.00,1.00,0.00,OK
033,033 - Sample Location - MAATC,336394,1.00,1.00,0.00,OK
033,033 - Sample Location - MAATC,336400,1.00,1.00,0.00,OK
033,033 - Sample Location - MAATC,336406,1.00,1.00,0.00,OK
033,033 - Sample Location - MAATC,336412,1.00,1.00,0.00,OK
033,033 - Sample Location - MAATC,336424,1.00,1.00,0.00,OK
033,033 - Sample Location - MAATC,336430,1.00,1.00,0.00,OK
033,033 - Sample Location - MAATC,336436,1.00,1.00,0.00,OK
033,033 - Sample Location - MAATC,336442,1.00,1.00,0.00,OK
033,033 - Sample Location - MAATC,336448,1.00,1.00,0.00,OK
033,033 - Sample Location - MAATC,336454,1.00,1.00,0.00,OK
033,033 - Sample Location - MAATC,336460,1.00,1.00,0.00,OK
033,033 - Sample Location - MAATC,336466,1.00,1.00,0.00,OK
033,033 - Sample Location - MAATC,336472,1.00,1.00,0.00,OK
033,033 - Sample Location - MAATC,336478,1.00,1.00,0.00,OK
033,033 - Sample Location - MAATC,336485,1.00,1.00,0.00,OK
033,033 - Sample Location - MAATC,336491,1.00,1.00,0.00,OK
033,033 - Sample Location - MAATC,336497,1.00,1.00,0.00,OK
033,033 - Sample Location - MAATC,336503,1.00,1.00,0.00,OK
033,033 - Sample Location - MAATC,336509,1.00,1.00,0.00,OK
033,033 - Sample Location - MAATC,336515,1.00,1.00,0.00,OK
033,033 - Sample Location - MAATC,336521,1.00,1.00,0.00,OK
033,033 - Sample Location - MAATC,336527,1.00,1.00,0.00,OK
033,033 - Sample Location - MAATC,336533,1.00,1.00,0.00,OK
033,033 - Sample Location - MAATC,336539,1.00,1.00,0.00,OK
033,033 - Sample Location - MAATC,336545,1.00,1.00,0.00,OK
033,033 - Sample Location - MAATC,336551,1.00,1.00,0.00,OK
033,033 - Sample Location - MAATC,336557,1.00,1.00,0.00,OK
033,033 - Sample Location - MAATC,336569,1.00,1.00,0.00,OK
033,033 - Sample Location - MAATC,336575,1.00,1.00,0.00,OK
033,033 - Sample Location - MAATC,336581,1.00,1.00,0.00,OK
033,033 - Sample Location - MAATC,336587,1.00,1.00,0.00,OK
033,033 - Sample Location - MAATC,336593,1.00,1.00,0.00,OK
033,033 - Sample Location - MAATC,336599,1.00,1.00,0.00,OK
033,033 - Sample Location - MAATC,336606,1.00,1.00,0.00,OK
033,033 - Sample Location - MAATC,336612,1.00,1.00,0.00,OK
033,033 - Sample Location - MAATC,336618,1.00,1.00,0.00,OK
033,033 - Sample Location - MAATC,336625,1.00,1.00,0.00,OK
033,033 - Sample Location - MAATC,336632,1.00,1.00,0.00,OK
033,033 - Sample Location - MAATC,336637,1.00,1.00,0.00,OK
033,033 - Sample Location - MAATC,336642,1.00,1.00,0.00,OK
033,033 - Sample Location - MAATC,336647,1.00,1.00,0.00,OK
033,033 - Sample Location - MAATC,336652,1.00,1.00,0.00,OK
033,033 - Sample Location - MAATC,336658,1.00,1.00,0.00,OK
033,033 - Sample Location - MAATC,336663,1.00,1.00,0.00,OK
033,033 - Sample Location - MAATC,336668,1.00,1.00,0.00,OK
033,033 - Sample Location - MAATC,336673,1.00,1.00,0.00,OK
033,033 - Sample Location - MAATC,336680,1.00,1.00,0.00,OK
033,033 - Sample Location - MAATC,336685,1.00,1.00,0.00,OK
033,033 - Sample Location - MAATC,336690,1.00,1.00,0.00,OK
033,033 - Sample Location - MAATC,336696,1.00,1.00,0.00,OK
033,033 - Sample Location - MAATC,336701,1.00,1.00,0.00,OK
033,033 - Sample Location - MAATC,336706,1.00,1.00,0.00,OK
033,033 - Sample Location - MAATC,336712,1.00,1.00,0.00,OK
033,033 - Sample Location - MAATC,336717,1.00,1.00,0.00,OK
034,034 - Lacaly Jeddah - MAATC,336007,3.00,3.00,0.00,OK
034,034 - Lacaly Jeddah - MAATC,336008,3.00,3.00,0.00,OK
034,034 - Lacaly Jeddah - MAATC,336009,2.00,2.00,0.00,OK
034,034 - Lacaly Jeddah - MAATC,336010,1.00,1.00,0.00,OK
034,034 - Lacaly Jeddah - MAATC,336011,1.00,1.00,0.00,OK
034,034 - Lacaly Jeddah - MAATC,336013,3.00,3.00,0.00,OK
034,034 - Lacaly Jeddah - MAATC,336014,3.00,3.00,0.00,OK
034,034 - Lacaly Jeddah - MAATC,336015,2.00,2.00,0.00,OK
034,034 - Lacaly Jeddah - MAATC,336016,1.00,1.00,0.00,OK
034,034 - Lacaly Jeddah - MAATC,336017,1.00,1.00,0.00,OK
034,034 - Lacaly Jeddah - MAATC,336018,1.00,1.00,0.00,OK
034,034 - Lacaly Jeddah - MAATC,336019,2.00,2.00,0.00,OK
034,034 - Lacaly Jeddah - MAATC,336020,3.00,3.00,0.00,OK
034,034 - Lacaly Jeddah - MAATC,336021,3.00,3.00,0.00,OK
034,034 - Lacaly Jeddah - MAATC,336022,3.00,3.00,0.00,OK
034,034 - Lacaly Jeddah - MAATC,336023,1.00,1.00,0.00,OK
034,034 - Lacaly Jeddah - MAATC,336024,2.00,2.00,0.00,OK
034,034 - Lacaly Jeddah - MAATC,336025,3.00,3.00,0.00,OK
034,034 - Lacaly Jeddah - MAATC,336026,3.00,3.00,0.00,OK
034,034 - Lacaly Jeddah - MAATC,336027,3.00,3.00,0.00,OK
034,034 - Lacaly Jeddah - MAATC,336028,1.00,1.00,0.00,OK
034,034 - Lacaly Jeddah - MAATC,336029,2.00,2.00,0.00,OK
034,034 - Lacaly Jeddah - MAATC,336030,3.00,3.00,0.00,OK
034,034 - Lacaly Jeddah - MAATC,336031,3.00,3.00,0.00,OK
034,034 - Lacaly Jeddah - MAATC,336032,3.00,3.00,0.00,OK
034,034 - Lacaly Jeddah - MAATC,336033,3.00,3.00,0.00,OK
034,034 - Lacaly Jeddah - MAATC,336034,3.00,3.00,0.00,OK
034,034 - Lacaly Jeddah - MAATC,336035,3.00,3.00,0.00,OK
034,034 - Lacaly Jeddah - MAATC,336036,3.00,3.00,0.00,OK
034,034 - Lacaly Jeddah - MAATC,336037,3.00,3.00,0.00,OK
034,034 - Lacaly Jeddah - MAATC,336038,6.00,6.00,0.00,OK
034,034 - Lacaly Jeddah - MAATC,336039,6.00,6.00,0.00,OK
034,034 - Lacaly Jeddah - MAATC,336040,6.00,6.00,0.00,OK
034,034 - Lacaly Jeddah - MAATC,336044,6.00,6.00,0.00,OK
034,034 - Lacaly Jeddah - MAATC,336045,6.00,6.00,0.00,OK
034,034 - Lacaly Jeddah - MAATC,336046,6.00,6.00,0.00,OK
034,034 - Lacaly Jeddah - MAATC,336047,6.00,6.00,0.00,OK
034,034 - Lacaly Jeddah - MAATC,336048,6.00,6.00,0.00,OK
034,034 - Lacaly Jeddah - MAATC,336049,6.00,6.00,0.00,OK
034,034 - Lacaly Jeddah - MAATC,336050,6.00,6.00,0.00,OK
034,034 - Lacaly Jeddah - MAATC,336051,6.00,6.00,0.00,OK
034,034 - Lacaly Jeddah - MAATC,336052,6.00,6.00,0.00,OK
034,034 - Lacaly Jeddah - MAATC,336055,6.00,6.00,0.00,OK
034,034 - Lacaly Jeddah - MAATC,336057,2.00,2.00,0.00,OK
034,034 - Lacaly Jeddah - MAATC,336058,4.00,4.00,0.00,OK
034,034 - Lacaly Jeddah - MAATC,336059,2.00,2.00,0.00,OK
034,034 - Lacaly Jeddah - MAATC,336060,2.00,2.00,0.00,OK
034,034 - Lacaly Jeddah - MAATC,336061,4.00,4.00,0.00,OK
034,034 - Lacaly Jeddah - MAATC,336062,2.00,2.00,0.00,OK
034,034 - Lacaly Jeddah - MAATC,336063,2.00,2.00,0.00,OK
034,034 - Lacaly Jeddah - MAATC,336064,4.00,4.00,0.00,OK
034,034 - Lacaly Jeddah - MAATC,336065,2.00,2.00,0.00,OK
034,034 - Lacaly Jeddah - MAATC,336066,2.00,2.00,0.00,OK
034,034 - Lacaly Jeddah - MAATC,336067,4.00,4.00,0.00,OK
034,034 - Lacaly Jeddah - MAATC,336068,2.00,2.00,0.00,OK
034,034 - Lacaly Jeddah - MAATC,336069,2.00,2.00,0.00,OK
034,034 - Lacaly Jeddah - MAATC,336070,4.00,4.00,0.00,OK
034,034 - Lacaly Jeddah - MAATC,336071,2.00,2.00,0.00,OK
034,034 - Lacaly Jeddah - MAATC,336072,2.00,2.00,0.00,OK
034,034 - Lacaly Jeddah - MAATC,336073,4.00,4.00,0.00,OK
034,034 - Lacaly Jeddah - MAATC,336074,2.00,2.00,0.00,OK
034,034 - Lacaly Jeddah - MAATC,336075,1.00,1.00,0.00,OK
034,034 - Lacaly Jeddah - MAATC,336076,2.00,2.00,0.00,OK
034,034 - Lacaly Jeddah - MAATC,336077,3.00,3.00,0.00,OK
034,034 - Lacaly Jeddah - MAATC,336078,3.00,3.00,0.00,OK
034,034 - Lacaly Jeddah - MAATC,336079,2.00,2.00,0.00,OK
034,034 - Lacaly Jeddah - MAATC,336080,1.00,1.00,0.00,OK
034,034 - Lacaly Jeddah - MAATC,336081,1.00,1.00,0.00,OK
034,034 - Lacaly Jeddah - MAATC,336082,2.00,2.00,0.00,OK
034,034 - Lacaly Jeddah - MAATC,336083,3.00,3.00,0.00,OK
034,034 - Lacaly Jeddah - MAATC,336084,2.00,2.00,0.00,OK
034,034 - Lacaly Jeddah - MAATC,336085,1.00,1.00,0.00,OK
034,034 - Lacaly Jeddah - MAATC,336086,1.00,1.00,0.00,OK
034,034 - Lacaly Jeddah - MAATC,336087,1.00,1.00,0.00,OK
034,034 - Lacaly Jeddah - MAATC,336088,2.00,2.00,0.00,OK
034,034 - Lacaly Jeddah - MAATC,336089,3.00,3.00,0.00,OK
034,034 - Lacaly Jeddah - MAATC,336090,2.00,2.00,0.00,OK
034,034 - Lacaly Jeddah - MAATC,336091,1.00,1.00,0.00,OK
034,034 - Lacaly Jeddah - MAATC,336092,1.00,1.00,0.00,OK
034,034 - Lacaly Jeddah - MAATC,336093,1.00,1.00,0.00,OK
034,034 - Lacaly Jeddah - MAATC,336094,2.00,2.00,0.00,OK
034,034 - Lacaly Jeddah - MAATC,336095,3.00,3.00,0.00,OK
034,034 - Lacaly Jeddah - MAATC,336096,2.00,2.00,0.00,OK
034,034 - Lacaly Jeddah - MAATC,336097,1.00,1.00,0.00,OK
034,034 - Lacaly Jeddah - MAATC,336098,1.00,1.00,0.00,OK
034,034 - Lacaly Jeddah - MAATC,336099,1.00,1.00,0.00,OK
034,034 - Lacaly Jeddah - MAATC,336100,2.00,2.00,0.00,OK
034,034 - Lacaly Jeddah - MAATC,336102,2.00,2.00,0.00,OK
034,034 - Lacaly Jeddah - MAATC,336103,1.00,1.00,0.00,OK
034,034 - Lacaly Jeddah - MAATC,336104,1.00,1.00,0.00,OK
034,034 - Lacaly Jeddah - MAATC,336105,1.00,1.00,0.00,OK
034,034 - Lacaly Jeddah - MAATC,336106,2.00,2.00,0.00,OK
034,034 - Lacaly Jeddah - MAATC,336107,2.00,2.00,0.00,OK
034,034 - Lacaly Jeddah - MAATC,336108,2.00,2.00,0.00,OK
034,034 - Lacaly Jeddah - MAATC,336110,1.00,1.00,0.00,OK
034,034 - Lacaly Jeddah - MAATC,336111,1.00,1.00,0.00,OK
034,034 - Lacaly Jeddah - MAATC,336112,2.00,2.00,0.00,OK
034,034 - Lacaly Jeddah - MAATC,336113,3.00,3.00,0.00,OK
034,034 - Lacaly Jeddah - MAATC,336114,2.00,2.00,0.00,OK
034,034 - Lacaly Jeddah - MAATC,336115,1.00,1.00,0.00,OK
034,034 - Lacaly Jeddah - MAATC,336116,1.00,1.00,0.00,OK
034,034 - Lacaly Jeddah - MAATC,336117,1.00,1.00,0.00,OK
034,034 - Lacaly Jeddah - MAATC,336118,2.00,2.00,0.00,OK
034,034 - Lacaly Jeddah - MAATC,336119,3.00,3.00,0.00,OK
034,034 - Lacaly Jeddah - MAATC,336120,2.00,2.00,0.00,OK
034,034 - Lacaly Jeddah - MAATC,336121,1.00,1.00,0.00,OK
034,034 - Lacaly Jeddah - MAATC,336122,1.00,1.00,0.00,OK
034,034 - Lacaly Jeddah - MAATC,336123,1.00,1.00,0.00,OK
034,034 - Lacaly Jeddah - MAATC,336124,2.00,2.00,0.00,OK
034,034 - Lacaly Jeddah - MAATC,336125,3.00,3.00,0.00,OK
034,034 - Lacaly Jeddah - MAATC,336126,2.00,2.00,0.00,OK
034,034 - Lacaly Jeddah - MAATC,336127,1.00,1.00,0.00,OK
034,034 - Lacaly Jeddah - MAATC,336128,1.00,1.00,0.00,OK
034,034 - Lacaly Jeddah - MAATC,336129,1.00,1.00,0.00,OK
034,034 - Lacaly Jeddah - MAATC,336130,2.00,2.00,0.00,OK
034,034 - Lacaly Jeddah - MAATC,336132,2.00,2.00,0.00,OK
034,034 - Lacaly Jeddah - MAATC,336133,1.00,1.00,0.00,OK
034,034 - Lacaly Jeddah - MAATC,336134,1.00,1.00,0.00,OK
034,034 - Lacaly Jeddah - MAATC,336135,1.00,1.00,0.00,OK
034,034 - Lacaly Jeddah - MAATC,336136,2.00,2.00,0.00,OK
034,034 - Lacaly Jeddah - MAATC,336137,3.00,3.00,0.00,OK
034,034 - Lacaly Jeddah - MAATC,336138,2.00,2.00,0.00,OK
034,034 - Lacaly Jeddah - MAATC,336139,1.00,1.00,0.00,OK
034,034 - Lacaly Jeddah - MAATC,336140,1.00,1.00,0.00,OK
034,034 - Lacaly Jeddah - MAATC,336141,1.00,1.00,0.00,OK
034,034 - Lacaly Jeddah - MAATC,336142,2.00,2.00,0.00,OK
034,034 - Lacaly Jeddah - MAATC,336144,2.00,2.00,0.00,OK
034,034 - Lacaly Jeddah - MAATC,336147,1.00,1.00,0.00,OK
034,034 - Lacaly Jeddah - MAATC,336148,2.00,2.00,0.00,OK
034,034 - Lacaly Jeddah - MAATC,336149,3.00,3.00,0.00,OK
034,034 - Lacaly Jeddah - MAATC,336150,2.00,2.00,0.00,OK
034,034 - Lacaly Jeddah - MAATC,336151,1.00,1.00,0.00,OK
034,034 - Lacaly Jeddah - MAATC,336152,1.00,1.00,0.00,OK
034,034 - Lacaly Jeddah - MAATC,336153,1.00,1.00,0.00,OK
034,034 - Lacaly Jeddah - MAATC,336154,2.00,2.00,0.00,OK
034,034 - Lacaly Jeddah - MAATC,336155,3.00,3.00,0.00,OK
034,034 - Lacaly Jeddah - MAATC,336156,2.00,2.00,0.00,OK
034,034 - Lacaly Jeddah - MAATC,336157,1.00,1.00,0.00,OK
034,034 - Lacaly Jeddah - MAATC,336158,1.00,1.00,0.00,OK
034,034 - Lacaly Jeddah - MAATC,336159,1.00,1.00,0.00,OK
034,034 - Lacaly Jeddah - MAATC,336160,2.00,2.00,0.00,OK
034,034 - Lacaly Jeddah - MAATC,336161,3.00,3.00,0.00,OK
034,034 - Lacaly Jeddah - MAATC,336162,2.00,2.00,0.00,OK
034,034 - Lacaly Jeddah - MAATC,336163,1.00,1.00,0.00,OK
034,034 - Lacaly Jeddah - MAATC,336164,1.00,1.00,0.00,OK
034,034 - Lacaly Jeddah - MAATC,336166,2.00,2.00,0.00,OK
034,034 - Lacaly Jeddah - MAATC,336169,1.00,1.00,0.00,OK
034,034 - Lacaly Jeddah - MAATC,336170,1.00,1.00,0.00,OK
034,034 - Lacaly Jeddah - MAATC,336171,1.00,1.00,0.00,OK
034,034 - Lacaly Jeddah - MAATC,336172,2.00,2.00,0.00,OK
034,034 - Lacaly Jeddah - MAATC,336173,3.00,3.00,0.00,OK
034,034 - Lacaly Jeddah - MAATC,336174,2.00,2.00,0.00,OK
034,034 - Lacaly Jeddah - MAATC,336175,1.00,1.00,0.00,OK
034,034 - Lacaly Jeddah - MAATC,336176,1.00,1.00,0.00,OK
034,034 - Lacaly Jeddah - MAATC,336177,1.00,1.00,0.00,OK
034,034 - Lacaly Jeddah - MAATC,336178,2.00,2.00,0.00,OK
034,034 - Lacaly Jeddah - MAATC,336179,3.00,3.00,0.00,OK
034,034 - Lacaly Jeddah - MAATC,336180,2.00,2.00,0.00,OK
034,034 - Lacaly Jeddah - MAATC,336181,1.00,1.00,0.00,OK
034,034 - Lacaly Jeddah - MAATC,336182,1.00,1.00,0.00,OK
034,034 - Lacaly Jeddah - MAATC,336183,1.00,1.00,0.00,OK
034,034 - Lacaly Jeddah - MAATC,336184,2.00,2.00,0.00,OK
034,034 - Lacaly Jeddah - MAATC,336185,3.00,3.00,0.00,OK
034,034 - Lacaly Jeddah - MAATC,336186,2.00,2.00,0.00,OK
034,034 - Lacaly Jeddah - MAATC,336187,1.00,1.00,0.00,OK
034,034 - Lacaly Jeddah - MAATC,336188,1.00,1.00,0.00,OK
034,034 - Lacaly Jeddah - MAATC,336189,1.00,1.00,0.00,OK
034,034 - Lacaly Jeddah - MAATC,336190,2.00,2.00,0.00,OK
034,034 - Lacaly Jeddah - MAATC,336191,3.00,3.00,0.00,OK
034,034 - Lacaly Jeddah - MAATC,336192,2.00,2.00,0.00,OK
034,034 - Lacaly Jeddah - MAATC,336193,1.00,1.00,0.00,OK
034,034 - Lacaly Jeddah - MAATC,336194,1.00,1.00,0.00,OK
034,034 - Lacaly Jeddah - MAATC,336195,1.00,1.00,0.00,OK
034,034 - Lacaly Jeddah - MAATC,336196,2.00,2.00,0.00,OK
034,034 - Lacaly Jeddah - MAATC,336197,3.00,3.00,0.00,OK
034,034 - Lacaly Jeddah - MAATC,336198,2.00,2.00,0.00,OK
034,034 - Lacaly Jeddah - MAATC,336199,1.00,1.00,0.00,OK
034,034 - Lacaly Jeddah - MAATC,336200,1.00,1.00,0.00,OK
034,034 - Lacaly Jeddah - MAATC,336201,1.00,1.00,0.00,OK
034,034 - Lacaly Jeddah - MAATC,336202,2.00,2.00,0.00,OK
034,034 - Lacaly Jeddah - MAATC,336205,1.00,1.00,0.00,OK
034,034 - Lacaly Jeddah - MAATC,336206,1.00,1.00,0.00,OK
034,034 - Lacaly Jeddah - MAATC,336207,1.00,1.00,0.00,OK
034,034 - Lacaly Jeddah - MAATC,336209,3.00,3.00,0.00,OK
034,034 - Lacaly Jeddah - MAATC,336210,2.00,2.00,0.00,OK
034,034 - Lacaly Jeddah - MAATC,336211,1.00,1.00,0.00,OK
034,034 - Lacaly Jeddah - MAATC,336212,1.00,1.00,0.00,OK
034,034 - Lacaly Jeddah - MAATC,336213,1.00,1.00,0.00,OK
034,034 - Lacaly Jeddah - MAATC,336214,2.00,2.00,0.00,OK
034,034 - Lacaly Jeddah - MAATC,336215,3.00,3.00,0.00,OK
034,034 - Lacaly Jeddah - MAATC,336216,2.00,2.00,0.00,OK
034,034 - Lacaly Jeddah - MAATC,336217,1.00,1.00,0.00,OK
034,034 - Lacaly Jeddah - MAATC,336218,1.00,1.00,0.00,OK
034,034 - Lacaly Jeddah - MAATC,336219,1.00,1.00,0.00,OK
034,034 - Lacaly Jeddah - MAATC,336220,2.00,2.00,0.00,OK
034,034 - Lacaly Jeddah - MAATC,336221,3.00,3.00,0.00,OK
034,034 - Lacaly Jeddah - MAATC,336222,2.00,2.00,0.00,OK
034,034 - Lacaly Jeddah - MAATC,336223,1.00,1.00,0.00,OK
034,034 - Lacaly Jeddah - MAATC,336224,1.00,1.00,0.00,OK
034,034 - Lacaly Jeddah - MAATC,336225,1.00,1.00,0.00,OK
034,034 - Lacaly Jeddah - MAATC,336226,2.00,2.00,0.00,OK
034,034 - Lacaly Jeddah - MAATC,336227,3.00,3.00,0.00,OK
034,034 - Lacaly Jeddah - MAATC,336228,2.00,2.00,0.00,OK
034,034 - Lacaly Jeddah - MAATC,336229,1.00,1.00,0.00,OK
034,034 - Lacaly Jeddah - MAATC,336230,1.00,1.00,0.00,OK
034,034 - Lacaly Jeddah - MAATC,336231,1.00,1.00,0.00,OK
034,034 - Lacaly Jeddah - MAATC,336232,2.00,2.00,0.00,OK
034,034 - Lacaly Jeddah - MAATC,336233,3.00,3.00,0.00,OK
034,034 - Lacaly Jeddah - MAATC,336234,2.00,2.00,0.00,OK
034,034 - Lacaly Jeddah - MAATC,336235,1.00,1.00,0.00,OK
034,034 - Lacaly Jeddah - MAATC,336236,1.00,1.00,0.00,OK
034,034 - Lacaly Jeddah - MAATC,336239,3.00,3.00,0.00,OK
034,034 - Lacaly Jeddah - MAATC,336240,2.00,2.00,0.00,OK
034,034 - Lacaly Jeddah - MAATC,336241,1.00,1.00,0.00,OK
034,034 - Lacaly Jeddah - MAATC,336242,1.00,1.00,0.00,OK
034,034 - Lacaly Jeddah - MAATC,336243,1.00,1.00,0.00,OK
034,034 - Lacaly Jeddah - MAATC,336244,2.00,2.00,0.00,OK
034,034 - Lacaly Jeddah - MAATC,336245,3.00,3.00,0.00,OK
034,034 - Lacaly Jeddah - MAATC,336246,2.00,2.00,0.00,OK
034,034 - Lacaly Jeddah - MAATC,336247,1.00,1.00,0.00,OK
034,034 - Lacaly Jeddah - MAATC,336250,2.00,2.00,0.00,OK
034,034 - Lacaly Jeddah - MAATC,336251,3.00,3.00,0.00,OK
034,034 - Lacaly Jeddah - MAATC,336252,2.00,2.00,0.00,OK
034,034 - Lacaly Jeddah - MAATC,336253,1.00,1.00,0.00,OK
034,034 - Lacaly Jeddah - MAATC,336254,1.00,1.00,0.00,OK
034,034 - Lacaly Jeddah - MAATC,336255,1.00,1.00,0.00,OK
034,034 - Lacaly Jeddah - MAATC,336256,2.00,2.00,0.00,OK
034,034 - Lacaly Jeddah - MAATC,336258,2.00,2.00,0.00,OK
034,034 - Lacaly Jeddah - MAATC,336259,1.00,1.00,0.00,OK
034,034 - Lacaly Jeddah - MAATC,336260,1.00,1.00,0.00,OK
034,034 - Lacaly Jeddah - MAATC,336261,1.00,1.00,0.00,OK
034,034 - Lacaly Jeddah - MAATC,336262,2.00,2.00,0.00,OK
034,034 - Lacaly Jeddah - MAATC,336263,3.00,3.00,0.00,OK
034,034 - Lacaly Jeddah - MAATC,336264,2.00,2.00,0.00,OK
034,034 - Lacaly Jeddah - MAATC,336265,1.00,1.00,0.00,OK
034,034 - Lacaly Jeddah - MAATC,336266,1.00,1.00,0.00,OK
034,034 - Lacaly Jeddah - MAATC,336267,1.00,1.00,0.00,OK
034,034 - Lacaly Jeddah - MAATC,336269,3.00,3.00,0.00,OK
034,034 - Lacaly Jeddah - MAATC,336270,2.00,2.00,0.00,OK
034,034 - Lacaly Jeddah - MAATC,336271,1.00,1.00,0.00,OK
034,034 - Lacaly Jeddah - MAATC,336272,1.00,1.00,0.00,OK
034,034 - Lacaly Jeddah - MAATC,336273,1.00,1.00,0.00,OK
034,034 - Lacaly Jeddah - MAATC,336274,2.00,2.00,0.00,OK
034,034 - Lacaly Jeddah - MAATC,336275,3.00,3.00,0.00,OK
034,034 - Lacaly Jeddah - MAATC,336276,2.00,2.00,0.00,OK
034,034 - Lacaly Jeddah - MAATC,336277,1.00,1.00,0.00,OK
034,034 - Lacaly Jeddah - MAATC,336278,1.00,1.00,0.00,OK
034,034 - Lacaly Jeddah - MAATC,336279,1.00,1.00,0.00,OK
034,034 - Lacaly Jeddah - MAATC,336280,2.00,2.00,0.00,OK
034,034 - Lacaly Jeddah - MAATC,336281,3.00,3.00,0.00,OK
034,034 - Lacaly Jeddah - MAATC,336282,2.00,2.00,0.00,OK
034,034 - Lacaly Jeddah - MAATC,336283,1.00,1.00,0.00,OK
034,034 - Lacaly Jeddah - MAATC,336284,1.00,1.00,0.00,OK
034,034 - Lacaly Jeddah - MAATC,336285,1.00,1.00,0.00,OK
034,034 - Lacaly Jeddah - MAATC,336286,2.00,2.00,0.00,OK
034,034 - Lacaly Jeddah - MAATC,336287,3.00,3.00,0.00,OK
034,034 - Lacaly Jeddah - MAATC,336288,2.00,2.00,0.00,OK
034,034 - Lacaly Jeddah - MAATC,336289,1.00,1.00,0.00,OK
034,034 - Lacaly Jeddah - MAATC,336290,1.00,1.00,0.00,OK
034,034 - Lacaly Jeddah - MAATC,336291,1.00,1.00,0.00,OK
034,034 - Lacaly Jeddah - MAATC,336292,2.00,2.00,0.00,OK
034,034 - Lacaly Jeddah - MAATC,336293,3.00,3.00,0.00,OK
034,034 - Lacaly Jeddah - MAATC,336294,2.00,2.00,0.00,OK
034,034 - Lacaly Jeddah - MAATC,336295,1.00,1.00,0.00,OK
034,034 - Lacaly Jeddah - MAATC,336296,1.00,1.00,0.00,OK
034,034 - Lacaly Jeddah - MAATC,336297,1.00,1.00,0.00,OK
034,034 - Lacaly Jeddah - MAATC,336298,2.00,2.00,0.00,OK
034,034 - Lacaly Jeddah - MAATC,336299,3.00,3.00,0.00,OK
034,034 - Lacaly Jeddah - MAATC,336300,2.00,2.00,0.00,OK
034,034 - Lacaly Jeddah - MAATC,336301,1.00,1.00,0.00,OK
034,034 - Lacaly Jeddah - MAATC,336302,1.00,1.00,0.00,OK
034,034 - Lacaly Jeddah - MAATC,336303,1.00,1.00,0.00,OK
034,034 - Lacaly Jeddah - MAATC,336304,2.00,2.00,0.00,OK
034,034 - Lacaly Jeddah - MAATC,336305,3.00,3.00,0.00,OK
034,034 - Lacaly Jeddah - MAATC,336306,2.00,2.00,0.00,OK
034,034 - Lacaly Jeddah - MAATC,336307,1.00,1.00,0.00,OK
034,034 - Lacaly Jeddah - MAATC,336308,1.00,1.00,0.00,OK
034,034 - Lacaly Jeddah - MAATC,336309,1.00,1.00,0.00,OK
034,034 - Lacaly Jeddah - MAATC,336310,2.00,2.00,0.00,OK
034,034 - Lacaly Jeddah - MAATC,336311,3.00,3.00,0.00,OK
034,034 - Lacaly Jeddah - MAATC,336312,2.00,2.00,0.00,OK
034,034 - Lacaly Jeddah - MAATC,336313,1.00,1.00,0.00,OK
034,034 - Lacaly Jeddah - MAATC,336314,1.00,1.00,0.00,OK
034,034 - Lacaly Jeddah - MAATC,336315,1.00,1.00,0.00,OK
034,034 - Lacaly Jeddah - MAATC,336316,2.00,2.00,0.00,OK
034,034 - Lacaly Jeddah - MAATC,336317,3.00,3.00,0.00,OK
034,034 - Lacaly Jeddah - MAATC,336318,2.00,2.00,0.00,OK
034,034 - Lacaly Jeddah - MAATC,336319,1.00,1.00,0.00,OK
034,034 - Lacaly Jeddah - MAATC,336320,1.00,1.00,0.00,OK
034,034 - Lacaly Jeddah - MAATC,336321,1.00,1.00,0.00,OK
034,034 - Lacaly Jeddah - MAATC,336322,2.00,2.00,0.00,OK
034,034 - Lacaly Jeddah - MAATC,336323,3.00,3.00,0.00,OK
034,034 - Lacaly Jeddah - MAATC,336324,2.00,2.00,0.00,OK
034,034 - Lacaly Jeddah - MAATC,336325,1.00,1.00,0.00,OK
034,034 - Lacaly Jeddah - MAATC,336326,1.00,1.00,0.00,OK
034,034 - Lacaly Jeddah - MAATC,336327,1.00,1.00,0.00,OK
034,034 - Lacaly Jeddah - MAATC,336328,2.00,2.00,0.00,OK
034,034 - Lacaly Jeddah - MAATC,336329,3.00,3.00,0.00,OK
034,034 - Lacaly Jeddah - MAATC,336330,2.00,2.00,0.00,OK
034,034 - Lacaly Jeddah - MAATC,336331,1.00,1.00,0.00,OK
034,034 - Lacaly Jeddah - MAATC,336332,1.00,1.00,0.00,OK
034,034 - Lacaly Jeddah - MAATC,336333,1.00,1.00,0.00,OK
034,034 - Lacaly Jeddah - MAATC,336334,2.00,2.00,0.00,OK
034,034 - Lacaly Jeddah - MAATC,336335,3.00,3.00,0.00,OK
034,034 - Lacaly Jeddah - MAATC,336336,2.00,2.00,0.00,OK
034,034 - Lacaly Jeddah - MAATC,336337,1.00,1.00,0.00,OK
034,034 - Lacaly Jeddah - MAATC,336338,1.00,1.00,0.00,OK
034,034 - Lacaly Jeddah - MAATC,336339,1.00,1.00,0.00,OK
034,034 - Lacaly Jeddah - MAATC,336340,2.00,2.00,0.00,OK
034,034 - Lacaly Jeddah - MAATC,336341,3.00,3.00,0.00,OK
034,034 - Lacaly Jeddah - MAATC,336342,2.00,2.00,0.00,OK
034,034 - Lacaly Jeddah - MAATC,336343,1.00,1.00,0.00,OK
034,034 - Lacaly Jeddah - MAATC,336344,1.00,1.00,0.00,OK
034,034 - Lacaly Jeddah - MAATC,336346,2.00,2.00,0.00,OK
034,034 - Lacaly Jeddah - MAATC,336349,1.00,1.00,0.00,OK
034,034 - Lacaly Jeddah - MAATC,336351,1.00,1.00,0.00,OK
034,034 - Lacaly Jeddah - MAATC,336352,2.00,2.00,0.00,OK
034,034 - Lacaly Jeddah - MAATC,336353,3.00,3.00,0.00,OK
034,034 - Lacaly Jeddah - MAATC,336355,1.00,1.00,0.00,OK
034,034 - Lacaly Jeddah - MAATC,336356,1.00,1.00,0.00,OK
034,034 - Lacaly Jeddah - MAATC,336357,1.00,1.00,0.00,OK
034,034 - Lacaly Jeddah - MAATC,336358,2.00,2.00,0.00,OK
034,034 - Lacaly Jeddah - MAATC,336359,3.00,3.00,0.00,OK
034,034 - Lacaly Jeddah - MAATC,336360,2.00,2.00,0.00,OK
034,034 - Lacaly Jeddah - MAATC,336361,1.00,1.00,0.00,OK
034,034 - Lacaly Jeddah - MAATC,336362,1.00,1.00,0.00,OK
034,034 - Lacaly Jeddah - MAATC,336363,1.00,1.00,0.00,OK
034,034 - Lacaly Jeddah - MAATC,336364,2.00,2.00,0.00,OK
034,034 - Lacaly Jeddah - MAATC,336365,3.00,3.00,0.00,OK
034,034 - Lacaly Jeddah - MAATC,336366,2.00,2.00,0.00,OK
034,034 - Lacaly Jeddah - MAATC,336367,1.00,1.00,0.00,OK
034,034 - Lacaly Jeddah - MAATC,336368,1.00,1.00,0.00,OK
034,034 - Lacaly Jeddah - MAATC,336369,1.00,1.00,0.00,OK
034,034 - Lacaly Jeddah - MAATC,336370,2.00,2.00,0.00,OK
034,034 - Lacaly Jeddah - MAATC,336371,3.00,3.00,0.00,OK
034,034 - Lacaly Jeddah - MAATC,336372,2.00,2.00,0.00,OK
034,034 - Lacaly Jeddah - MAATC,336373,1.00,1.00,0.00,OK
034,034 - Lacaly Jeddah - MAATC,336374,1.00,1.00,0.00,OK
034,034 - Lacaly Jeddah - MAATC,336375,1.00,1.00,0.00,OK
034,034 - Lacaly Jeddah - MAATC,336376,2.00,2.00,0.00,OK
034,034 - Lacaly Jeddah - MAATC,336377,3.00,3.00,0.00,OK
034,034 - Lacaly Jeddah - MAATC,336378,2.00,2.00,0.00,OK
034,034 - Lacaly Jeddah - MAATC,336379,1.00,1.00,0.00,OK
034,034 - Lacaly Jeddah - MAATC,336380,1.00,1.00,0.00,OK
034,034 - Lacaly Jeddah - MAATC,336381,1.00,1.00,0.00,OK
034,034 - Lacaly Jeddah - MAATC,336382,2.00,2.00,0.00,OK
034,034 - Lacaly Jeddah - MAATC,336383,3.00,3.00,0.00,OK
034,034 - Lacaly Jeddah - MAATC,336384,2.00,2.00,0.00,OK
034,034 - Lacaly Jeddah - MAATC,336385,1.00,1.00,0.00,OK
034,034 - Lacaly Jeddah - MAATC,336386,1.00,1.00,0.00,OK
034,034 - Lacaly Jeddah - MAATC,336387,1.00,1.00,0.00,OK
034,034 - Lacaly Jeddah - MAATC,336388,2.00,2.00,0.00,OK
034,034 - Lacaly Jeddah - MAATC,336389,3.00,3.00,0.00,OK
034,034 - Lacaly Jeddah - MAATC,336390,2.00,2.00,0.00,OK
034,034 - Lacaly Jeddah - MAATC,336391,1.00,1.00,0.00,OK
034,034 - Lacaly Jeddah - MAATC,336392,1.00,1.00,0.00,OK
034,034 - Lacaly Jeddah - MAATC,336393,1.00,1.00,0.00,OK
034,034 - Lacaly Jeddah - MAATC,336394,2.00,2.00,0.00,OK
034,034 - Lacaly Jeddah - MAATC,336395,3.00,3.00,0.00,OK
034,034 - Lacaly Jeddah - MAATC,336397,1.00,1.00,0.00,OK
034,034 - Lacaly Jeddah - MAATC,336398,1.00,1.00,0.00,OK
034,034 - Lacaly Jeddah - MAATC,336399,1.00,1.00,0.00,OK
034,034 - Lacaly Jeddah - MAATC,336400,2.00,2.00,0.00,OK
034,034 - Lacaly Jeddah - MAATC,336401,3.00,3.00,0.00,OK
034,034 - Lacaly Jeddah - MAATC,336402,2.00,2.00,0.00,OK
034,034 - Lacaly Jeddah - MAATC,336403,1.00,1.00,0.00,OK
034,034 - Lacaly Jeddah - MAATC,336404,1.00,1.00,0.00,OK
034,034 - Lacaly Jeddah - MAATC,336405,1.00,1.00,0.00,OK
034,034 - Lacaly Jeddah - MAATC,336406,2.00,2.00,0.00,OK
034,034 - Lacaly Jeddah - MAATC,336407,3.00,3.00,0.00,OK
034,034 - Lacaly Jeddah - MAATC,336408,2.00,2.00,0.00,OK
034,034 - Lacaly Jeddah - MAATC,336409,1.00,1.00,0.00,OK
034,034 - Lacaly Jeddah - MAATC,336410,1.00,1.00,0.00,OK
034,034 - Lacaly Jeddah - MAATC,336411,1.00,1.00,0.00,OK
034,034 - Lacaly Jeddah - MAATC,336412,2.00,2.00,0.00,OK
034,034 - Lacaly Jeddah - MAATC,336413,3.00,3.00,0.00,OK
034,034 - Lacaly Jeddah - MAATC,336414,2.00,2.00,0.00,OK
034,034 - Lacaly Jeddah - MAATC,336415,1.00,1.00,0.00,OK
034,034 - Lacaly Jeddah - MAATC,336416,1.00,1.00,0.00,OK
034,034 - Lacaly Jeddah - MAATC,336417,1.00,1.00,0.00,OK
034,034 - Lacaly Jeddah - MAATC,336419,3.00,3.00,0.00,OK
034,034 - Lacaly Jeddah - MAATC,336420,2.00,2.00,0.00,OK
034,034 - Lacaly Jeddah - MAATC,336421,1.00,1.00,0.00,OK
034,034 - Lacaly Jeddah - MAATC,336422,1.00,1.00,0.00,OK
034,034 - Lacaly Jeddah - MAATC,336423,1.00,1.00,0.00,OK
034,034 - Lacaly Jeddah - MAATC,336424,2.00,2.00,0.00,OK
034,034 - Lacaly Jeddah - MAATC,336425,3.00,3.00,0.00,OK
034,034 - Lacaly Jeddah - MAATC,336426,2.00,2.00,0.00,OK
034,034 - Lacaly Jeddah - MAATC,336427,1.00,1.00,0.00,OK
034,034 - Lacaly Jeddah - MAATC,336429,1.00,1.00,0.00,OK
034,034 - Lacaly Jeddah - MAATC,336430,2.00,2.00,0.00,OK
034,034 - Lacaly Jeddah - MAATC,336431,3.00,3.00,0.00,OK
034,034 - Lacaly Jeddah - MAATC,336432,2.00,2.00,0.00,OK
034,034 - Lacaly Jeddah - MAATC,336433,1.00,1.00,0.00,OK
034,034 - Lacaly Jeddah - MAATC,336434,1.00,1.00,0.00,OK
034,034 - Lacaly Jeddah - MAATC,336435,1.00,1.00,0.00,OK
034,034 - Lacaly Jeddah - MAATC,336437,3.00,3.00,0.00,OK
034,034 - Lacaly Jeddah - MAATC,336438,2.00,2.00,0.00,OK
034,034 - Lacaly Jeddah - MAATC,336439,1.00,1.00,0.00,OK
034,034 - Lacaly Jeddah - MAATC,336440,1.00,1.00,0.00,OK
034,034 - Lacaly Jeddah - MAATC,336441,1.00,1.00,0.00,OK
034,034 - Lacaly Jeddah - MAATC,336443,3.00,3.00,0.00,OK
034,034 - Lacaly Jeddah - MAATC,336444,2.00,2.00,0.00,OK
034,034 - Lacaly Jeddah - MAATC,336445,1.00,1.00,0.00,OK
034,034 - Lacaly Jeddah - MAATC,336446,1.00,1.00,0.00,OK
034,034 - Lacaly Jeddah - MAATC,336447,1.00,1.00,0.00,OK
034,034 - Lacaly Jeddah - MAATC,336448,2.00,2.00,0.00,OK
034,034 - Lacaly Jeddah - MAATC,336449,3.00,3.00,0.00,OK
034,034 - Lacaly Jeddah - MAATC,336450,2.00,2.00,0.00,OK
034,034 - Lacaly Jeddah - MAATC,336451,1.00,1.00,0.00,OK
034,034 - Lacaly Jeddah - MAATC,336452,1.00,1.00,0.00,OK
034,034 - Lacaly Jeddah - MAATC,336453,1.00,1.00,0.00,OK
034,034 - Lacaly Jeddah - MAATC,336454,2.00,2.00,0.00,OK
034,034 - Lacaly Jeddah - MAATC,336455,3.00,3.00,0.00,OK
034,034 - Lacaly Jeddah - MAATC,336456,2.00,2.00,0.00,OK
034,034 - Lacaly Jeddah - MAATC,336457,1.00,1.00,0.00,OK
034,034 - Lacaly Jeddah - MAATC,336458,1.00,1.00,0.00,OK
034,034 - Lacaly Jeddah - MAATC,336459,1.00,1.00,0.00,OK
034,034 - Lacaly Jeddah - MAATC,336460,2.00,2.00,0.00,OK
034,034 - Lacaly Jeddah - MAATC,336461,3.00,3.00,0.00,OK
034,034 - Lacaly Jeddah - MAATC,336462,2.00,2.00,0.00,OK
034,034 - Lacaly Jeddah - MAATC,336463,1.00,1.00,0.00,OK
034,034 - Lacaly Jeddah - MAATC,336464,1.00,1.00,0.00,OK
034,034 - Lacaly Jeddah - MAATC,336465,1.00,1.00,0.00,OK
034,034 - Lacaly Jeddah - MAATC,336466,2.00,2.00,0.00,OK
034,034 - Lacaly Jeddah - MAATC,336467,3.00,3.00,0.00,OK
034,034 - Lacaly Jeddah - MAATC,336468,2.00,2.00,0.00,OK
034,034 - Lacaly Jeddah - MAATC,336469,1.00,1.00,0.00,OK
034,034 - Lacaly Jeddah - MAATC,336470,1.00,1.00,0.00,OK
034,034 - Lacaly Jeddah - MAATC,336471,1.00,1.00,0.00,OK
034,034 - Lacaly Jeddah - MAATC,336472,2.00,2.00,0.00,OK
034,034 - Lacaly Jeddah - MAATC,336473,3.00,3.00,0.00,OK
034,034 - Lacaly Jeddah - MAATC,336474,2.00,2.00,0.00,OK
034,034 - Lacaly Jeddah - MAATC,336475,1.00,1.00,0.00,OK
034,034 - Lacaly Jeddah - MAATC,336476,1.00,1.00,0.00,OK
034,034 - Lacaly Jeddah - MAATC,336477,1.00,1.00,0.00,OK
034,034 - Lacaly Jeddah - MAATC,336478,2.00,2.00,0.00,OK
034,034 - Lacaly Jeddah - MAATC,336479,3.00,3.00,0.00,OK
034,034 - Lacaly Jeddah - MAATC,336480,2.00,2.00,0.00,OK
034,034 - Lacaly Jeddah - MAATC,336481,1.00,1.00,0.00,OK
034,034 - Lacaly Jeddah - MAATC,336482,1.00,1.00,0.00,OK
034,034 - Lacaly Jeddah - MAATC,336483,1.00,1.00,0.00,OK
034,034 - Lacaly Jeddah - MAATC,336484,2.00,2.00,0.00,OK
034,034 - Lacaly Jeddah - MAATC,336485,3.00,3.00,0.00,OK
034,034 - Lacaly Jeddah - MAATC,336486,2.00,2.00,0.00,OK
034,034 - Lacaly Jeddah - MAATC,336487,1.00,1.00,0.00,OK
034,034 - Lacaly Jeddah - MAATC,336488,1.00,1.00,0.00,OK
034,034 - Lacaly Jeddah - MAATC,336489,1.00,1.00,0.00,OK
034,034 - Lacaly Jeddah - MAATC,336490,2.00,2.00,0.00,OK
034,034 - Lacaly Jeddah - MAATC,336491,3.00,3.00,0.00,OK
034,034 - Lacaly Jeddah - MAATC,336492,2.00,2.00,0.00,OK
034,034 - Lacaly Jeddah - MAATC,336493,1.00,1.00,0.00,OK
034,034 - Lacaly Jeddah - MAATC,336494,1.00,1.00,0.00,OK
034,034 - Lacaly Jeddah - MAATC,336496,1.00,1.00,0.00,OK
034,034 - Lacaly Jeddah - MAATC,336497,2.00,2.00,0.00,OK
034,034 - Lacaly Jeddah - MAATC,336498,2.00,2.00,0.00,OK
034,034 - Lacaly Jeddah - MAATC,336501,1.00,1.00,0.00,OK
034,034 - Lacaly Jeddah - MAATC,336502,2.00,2.00,0.00,OK
034,034 - Lacaly Jeddah - MAATC,336503,3.00,3.00,0.00,OK
034,034 - Lacaly Jeddah - MAATC,336504,2.00,2.00,0.00,OK
034,034 - Lacaly Jeddah - MAATC,336505,1.00,1.00,0.00,OK
034,034 - Lacaly Jeddah - MAATC,336506,1.00,1.00,0.00,OK
034,034 - Lacaly Jeddah - MAATC,336507,1.00,1.00,0.00,OK
034,034 - Lacaly Jeddah - MAATC,336508,2.00,2.00,0.00,OK
034,034 - Lacaly Jeddah - MAATC,336509,3.00,3.00,0.00,OK
034,034 - Lacaly Jeddah - MAATC,336510,2.00,2.00,0.00,OK
034,034 - Lacaly Jeddah - MAATC,336511,1.00,1.00,0.00,OK
034,034 - Lacaly Jeddah - MAATC,336512,1.00,1.00,0.00,OK
034,034 - Lacaly Jeddah - MAATC,336513,1.00,1.00,0.00,OK
034,034 - Lacaly Jeddah - MAATC,336514,2.00,2.00,0.00,OK
034,034 - Lacaly Jeddah - MAATC,336515,3.00,3.00,0.00,OK
034,034 - Lacaly Jeddah - MAATC,336516,2.00,2.00,0.00,OK
034,034 - Lacaly Jeddah - MAATC,336517,1.00,1.00,0.00,OK
034,034 - Lacaly Jeddah - MAATC,336518,1.00,1.00,0.00,OK
034,034 - Lacaly Jeddah - MAATC,336519,1.00,1.00,0.00,OK
034,034 - Lacaly Jeddah - MAATC,336520,2.00,2.00,0.00,OK
034,034 - Lacaly Jeddah - MAATC,336521,3.00,3.00,0.00,OK
034,034 - Lacaly Jeddah - MAATC,336522,2.00,2.00,0.00,OK
034,034 - Lacaly Jeddah - MAATC,336523,1.00,1.00,0.00,OK
034,034 - Lacaly Jeddah - MAATC,336524,1.00,1.00,0.00,OK
034,034 - Lacaly Jeddah - MAATC,336525,1.00,1.00,0.00,OK
034,034 - Lacaly Jeddah - MAATC,336526,2.00,2.00,0.00,OK
034,034 - Lacaly Jeddah - MAATC,336527,3.00,3.00,0.00,OK
034,034 - Lacaly Jeddah - MAATC,336528,2.00,2.00,0.00,OK
034,034 - Lacaly Jeddah - MAATC,336529,1.00,1.00,0.00,OK
034,034 - Lacaly Jeddah - MAATC,336530,1.00,1.00,0.00,OK
034,034 - Lacaly Jeddah - MAATC,336531,1.00,1.00,0.00,OK
034,034 - Lacaly Jeddah - MAATC,336532,2.00,2.00,0.00,OK
034,034 - Lacaly Jeddah - MAATC,336533,3.00,3.00,0.00,OK
034,034 - Lacaly Jeddah - MAATC,336534,2.00,2.00,0.00,OK
034,034 - Lacaly Jeddah - MAATC,336535,1.00,1.00,0.00,OK
034,034 - Lacaly Jeddah - MAATC,336536,1.00,1.00,0.00,OK
034,034 - Lacaly Jeddah - MAATC,336537,1.00,1.00,0.00,OK
034,034 - Lacaly Jeddah - MAATC,336538,2.00,2.00,0.00,OK
034,034 - Lacaly Jeddah - MAATC,336539,3.00,3.00,0.00,OK
034,034 - Lacaly Jeddah - MAATC,336540,2.00,2.00,0.00,OK
034,034 - Lacaly Jeddah - MAATC,336541,1.00,1.00,0.00,OK
034,034 - Lacaly Jeddah - MAATC,336542,1.00,1.00,0.00,OK
034,034 - Lacaly Jeddah - MAATC,336543,1.00,1.00,0.00,OK
034,034 - Lacaly Jeddah - MAATC,336544,2.00,2.00,0.00,OK
034,034 - Lacaly Jeddah - MAATC,336545,3.00,3.00,0.00,OK
034,034 - Lacaly Jeddah - MAATC,336546,2.00,2.00,0.00,OK
034,034 - Lacaly Jeddah - MAATC,336547,1.00,1.00,0.00,OK
034,034 - Lacaly Jeddah - MAATC,336548,1.00,1.00,0.00,OK
034,034 - Lacaly Jeddah - MAATC,336549,1.00,1.00,0.00,OK
034,034 - Lacaly Jeddah - MAATC,336550,2.00,2.00,0.00,OK
034,034 - Lacaly Jeddah - MAATC,336551,3.00,3.00,0.00,OK
034,034 - Lacaly Jeddah - MAATC,336552,2.00,2.00,0.00,OK
034,034 - Lacaly Jeddah - MAATC,336553,1.00,1.00,0.00,OK
034,034 - Lacaly Jeddah - MAATC,336554,1.00,1.00,0.00,OK
034,034 - Lacaly Jeddah - MAATC,336555,1.00,1.00,0.00,OK
034,034 - Lacaly Jeddah - MAATC,336556,2.00,2.00,0.00,OK
034,034 - Lacaly Jeddah - MAATC,336557,3.00,3.00,0.00,OK
034,034 - Lacaly Jeddah - MAATC,336558,2.00,2.00,0.00,OK
034,034 - Lacaly Jeddah - MAATC,336559,1.00,1.00,0.00,OK
034,034 - Lacaly Jeddah - MAATC,336560,1.00,1.00,0.00,OK
034,034 - Lacaly Jeddah - MAATC,336561,1.00,1.00,0.00,OK
034,034 - Lacaly Jeddah - MAATC,336562,2.00,2.00,0.00,OK
034,034 - Lacaly Jeddah - MAATC,336563,3.00,3.00,0.00,OK
034,034 - Lacaly Jeddah - MAATC,336564,2.00,2.00,0.00,OK
034,034 - Lacaly Jeddah - MAATC,336565,1.00,1.00,0.00,OK
034,034 - Lacaly Jeddah - MAATC,336566,1.00,1.00,0.00,OK
034,034 - Lacaly Jeddah - MAATC,336567,1.00,1.00,0.00,OK
034,034 - Lacaly Jeddah - MAATC,336568,2.00,2.00,0.00,OK
034,034 - Lacaly Jeddah - MAATC,336569,3.00,3.00,0.00,OK
034,034 - Lacaly Jeddah - MAATC,336570,2.00,2.00,0.00,OK
034,034 - Lacaly Jeddah - MAATC,336571,1.00,1.00,0.00,OK
034,034 - Lacaly Jeddah - MAATC,336572,1.00,1.00,0.00,OK
034,034 - Lacaly Jeddah - MAATC,336573,1.00,1.00,0.00,OK
034,034 - Lacaly Jeddah - MAATC,336574,2.00,2.00,0.00,OK
034,034 - Lacaly Jeddah - MAATC,336575,3.00,3.00,0.00,OK
034,034 - Lacaly Jeddah - MAATC,336576,2.00,2.00,0.00,OK
034,034 - Lacaly Jeddah - MAATC,336577,1.00,1.00,0.00,OK
034,034 - Lacaly Jeddah - MAATC,336578,1.00,1.00,0.00,OK
034,034 - Lacaly Jeddah - MAATC,336579,1.00,1.00,0.00,OK
034,034 - Lacaly Jeddah - MAATC,336580,2.00,2.00,0.00,OK
034,034 - Lacaly Jeddah - MAATC,336581,3.00,3.00,0.00,OK
034,034 - Lacaly Jeddah - MAATC,336582,2.00,2.00,0.00,OK
034,034 - Lacaly Jeddah - MAATC,336583,1.00,1.00,0.00,OK
034,034 - Lacaly Jeddah - MAATC,336584,1.00,1.00,0.00,OK
034,034 - Lacaly Jeddah - MAATC,336585,1.00,1.00,0.00,OK
034,034 - Lacaly Jeddah - MAATC,336586,2.00,2.00,0.00,OK
034,034 - Lacaly Jeddah - MAATC,336587,3.00,3.00,0.00,OK
034,034 - Lacaly Jeddah - MAATC,336588,2.00,2.00,0.00,OK
034,034 - Lacaly Jeddah - MAATC,336589,1.00,1.00,0.00,OK
034,034 - Lacaly Jeddah - MAATC,336590,1.00,1.00,0.00,OK
034,034 - Lacaly Jeddah - MAATC,336591,1.00,1.00,0.00,OK
034,034 - Lacaly Jeddah - MAATC,336592,2.00,2.00,0.00,OK
034,034 - Lacaly Jeddah - MAATC,336593,3.00,3.00,0.00,OK
034,034 - Lacaly Jeddah - MAATC,336594,3.00,3.00,0.00,OK
034,034 - Lacaly Jeddah - MAATC,336595,2.00,2.00,0.00,OK
034,034 - Lacaly Jeddah - MAATC,336596,1.00,1.00,0.00,OK
034,034 - Lacaly Jeddah - MAATC,336597,1.00,1.00,0.00,OK
034,034 - Lacaly Jeddah - MAATC,336598,1.00,1.00,0.00,OK
034,034 - Lacaly Jeddah - MAATC,336599,3.00,3.00,0.00,OK
034,034 - Lacaly Jeddah - MAATC,336600,3.00,3.00,0.00,OK
034,034 - Lacaly Jeddah - MAATC,336601,2.00,2.00,0.00,OK
034,034 - Lacaly Jeddah - MAATC,336602,1.00,1.00,0.00,OK
034,034 - Lacaly Jeddah - MAATC,336603,1.00,1.00,0.00,OK
034,034 - Lacaly Jeddah - MAATC,336604,1.00,1.00,0.00,OK
034,034 - Lacaly Jeddah - MAATC,336605,2.00,2.00,0.00,OK
034,034 - Lacaly Jeddah - MAATC,336606,3.00,3.00,0.00,OK
034,034 - Lacaly Jeddah - MAATC,336607,3.00,3.00,0.00,OK
034,034 - Lacaly Jeddah - MAATC,336608,2.00,2.00,0.00,OK
034,034 - Lacaly Jeddah - MAATC,336609,1.00,1.00,0.00,OK
034,034 - Lacaly Jeddah - MAATC,336610,1.00,1.00,0.00,OK
034,034 - Lacaly Jeddah - MAATC,336611,2.00,2.00,0.00,OK
034,034 - Lacaly Jeddah - MAATC,336612,3.00,3.00,0.00,OK
034,034 - Lacaly Jeddah - MAATC,336613,3.00,3.00,0.00,OK
034,034 - Lacaly Jeddah - MAATC,336614,2.00,2.00,0.00,OK
034,034 - Lacaly Jeddah - MAATC,336615,1.00,1.00,0.00,OK
034,034 - Lacaly Jeddah - MAATC,336616,1.00,1.00,0.00,OK
034,034 - Lacaly Jeddah - MAATC,336617,1.00,1.00,0.00,OK
034,034 - Lacaly Jeddah - MAATC,336618,3.00,3.00,0.00,OK
034,034 - Lacaly Jeddah - MAATC,336619,3.00,3.00,0.00,OK
034,034 - Lacaly Jeddah - MAATC,336620,2.00,2.00,0.00,OK
034,034 - Lacaly Jeddah - MAATC,336621,1.00,1.00,0.00,OK
034,034 - Lacaly Jeddah - MAATC,336622,1.00,1.00,0.00,OK
034,034 - Lacaly Jeddah - MAATC,336623,1.00,1.00,0.00,OK
034,034 - Lacaly Jeddah - MAATC,336624,1.00,1.00,0.00,OK
034,034 - Lacaly Jeddah - MAATC,336625,3.00,3.00,0.00,OK
034,034 - Lacaly Jeddah - MAATC,336626,3.00,3.00,0.00,OK
034,034 - Lacaly Jeddah - MAATC,336627,2.00,2.00,0.00,OK
034,034 - Lacaly Jeddah - MAATC,336628,1.00,1.00,0.00,OK
034,034 - Lacaly Jeddah - MAATC,336629,1.00,1.00,0.00,OK
034,034 - Lacaly Jeddah - MAATC,336630,1.00,1.00,0.00,OK
034,034 - Lacaly Jeddah - MAATC,336631,2.00,2.00,0.00,OK
034,034 - Lacaly Jeddah - MAATC,336632,3.00,3.00,0.00,OK
034,034 - Lacaly Jeddah - MAATC,336633,3.00,3.00,0.00,OK
034,034 - Lacaly Jeddah - MAATC,336634,3.00,3.00,0.00,OK
034,034 - Lacaly Jeddah - MAATC,336635,1.00,1.00,0.00,OK
034,034 - Lacaly Jeddah - MAATC,336636,2.00,2.00,0.00,OK
034,034 - Lacaly Jeddah - MAATC,336637,3.00,3.00,0.00,OK
034,034 - Lacaly Jeddah - MAATC,336638,3.00,3.00,0.00,OK
034,034 - Lacaly Jeddah - MAATC,336639,3.00,3.00,0.00,OK
034,034 - Lacaly Jeddah - MAATC,336640,1.00,1.00,0.00,OK
034,034 - Lacaly Jeddah - MAATC,336641,2.00,2.00,0.00,OK
034,034 - Lacaly Jeddah - MAATC,336642,3.00,3.00,0.00,OK
034,034 - Lacaly Jeddah - MAATC,336644,3.00,3.00,0.00,OK
034,034 - Lacaly Jeddah - MAATC,336645,1.00,1.00,0.00,OK
034,034 - Lacaly Jeddah - MAATC,336646,2.00,2.00,0.00,OK
034,034 - Lacaly Jeddah - MAATC,336647,3.00,3.00,0.00,OK
034,034 - Lacaly Jeddah - MAATC,336648,3.00,3.00,0.00,OK
034,034 - Lacaly Jeddah - MAATC,336649,3.00,3.00,0.00,OK
034,034 - Lacaly Jeddah - MAATC,336650,1.00,1.00,0.00,OK
034,034 - Lacaly Jeddah - MAATC,336651,2.00,2.00,0.00,OK
034,034 - Lacaly Jeddah - MAATC,336652,3.00,3.00,0.00,OK
034,034 - Lacaly Jeddah - MAATC,336653,3.00,3.00,0.00,OK
034,034 - Lacaly Jeddah - MAATC,336654,2.00,2.00,0.00,OK
034,034 - Lacaly Jeddah - MAATC,336655,1.00,1.00,0.00,OK
034,034 - Lacaly Jeddah - MAATC,336656,1.00,1.00,0.00,OK
034,034 - Lacaly Jeddah - MAATC,336657,2.00,2.00,0.00,OK
034,034 - Lacaly Jeddah - MAATC,336658,3.00,3.00,0.00,OK
034,034 - Lacaly Jeddah - MAATC,336659,3.00,3.00,0.00,OK
034,034 - Lacaly Jeddah - MAATC,336660,3.00,3.00,0.00,OK
034,034 - Lacaly Jeddah - MAATC,336661,1.00,1.00,0.00,OK
034,034 - Lacaly Jeddah - MAATC,336662,2.00,2.00,0.00,OK
034,034 - Lacaly Jeddah - MAATC,336663,3.00,3.00,0.00,OK
034,034 - Lacaly Jeddah - MAATC,336664,3.00,3.00,0.00,OK
034,034 - Lacaly Jeddah - MAATC,336665,3.00,3.00,0.00,OK
034,034 - Lacaly Jeddah - MAATC,336666,1.00,1.00,0.00,OK
034,034 - Lacaly Jeddah - MAATC,336667,2.00,2.00,0.00,OK
034,034 - Lacaly Jeddah - MAATC,336668,3.00,3.00,0.00,OK
034,034 - Lacaly Jeddah - MAATC,336669,3.00,3.00,0.00,OK
034,034 - Lacaly Jeddah - MAATC,336670,3.00,3.00,0.00,OK
034,034 - Lacaly Jeddah - MAATC,336671,1.00,1.00,0.00,OK
034,034 - Lacaly Jeddah - MAATC,336672,2.00,2.00,0.00,OK
034,034 - Lacaly Jeddah - MAATC,336673,3.00,3.00,0.00,OK
034,034 - Lacaly Jeddah - MAATC,336674,3.00,3.00,0.00,OK
034,034 - Lacaly Jeddah - MAATC,336675,3.00,3.00,0.00,OK
034,034 - Lacaly Jeddah - MAATC,336676,2.00,2.00,0.00,OK
034,034 - Lacaly Jeddah - MAATC,336677,3.00,3.00,0.00,OK
034,034 - Lacaly Jeddah - MAATC,336678,3.00,3.00,0.00,OK
034,034 - Lacaly Jeddah - MAATC,336679,3.00,3.00,0.00,OK
034,034 - Lacaly Jeddah - MAATC,336680,1.00,1.00,0.00,OK
034,034 - Lacaly Jeddah - MAATC,336681,2.00,2.00,0.00,OK
034,034 - Lacaly Jeddah - MAATC,336682,3.00,3.00,0.00,OK
034,034 - Lacaly Jeddah - MAATC,336683,3.00,3.00,0.00,OK
034,034 - Lacaly Jeddah - MAATC,336684,3.00,3.00,0.00,OK
034,034 - Lacaly Jeddah - MAATC,336685,1.00,1.00,0.00,OK
034,034 - Lacaly Jeddah - MAATC,336686,1.00,1.00,0.00,OK
034,034 - Lacaly Jeddah - MAATC,336687,2.00,2.00,0.00,OK
034,034 - Lacaly Jeddah - MAATC,336688,3.00,3.00,0.00,OK
034,034 - Lacaly Jeddah - MAATC,336689,3.00,3.00,0.00,OK
034,034 - Lacaly Jeddah - MAATC,336690,2.00,2.00,0.00,OK
034,034 - Lacaly Jeddah - MAATC,336691,1.00,1.00,0.00,OK
034,034 - Lacaly Jeddah - MAATC,336692,2.00,2.00,0.00,OK
034,034 - Lacaly Jeddah - MAATC,336693,3.00,3.00,0.00,OK
034,034 - Lacaly Jeddah - MAATC,336694,3.00,3.00,0.00,OK
034,034 - Lacaly Jeddah - MAATC,336695,3.00,3.00,0.00,OK
034,034 - Lacaly Jeddah - MAATC,336696,1.00,1.00,0.00,OK
034,034 - Lacaly Jeddah - MAATC,336697,2.00,2.00,0.00,OK
034,034 - Lacaly Jeddah - MAATC,336698,3.00,3.00,0.00,OK
034,034 - Lacaly Jeddah - MAATC,336699,3.00,3.00,0.00,OK
034,034 - Lacaly Jeddah - MAATC,336700,3.00,3.00,0.00,OK
034,034 - Lacaly Jeddah - MAATC,336701,1.00,1.00,0.00,OK
034,034 - Lacaly Jeddah - MAATC,336702,1.00,1.00,0.00,OK
034,034 - Lacaly Jeddah - MAATC,336703,2.00,2.00,0.00,OK
034,034 - Lacaly Jeddah - MAATC,336704,3.00,3.00,0.00,OK
034,034 - Lacaly Jeddah - MAATC,336705,3.00,3.00,0.00,OK
034,034 - Lacaly Jeddah - MAATC,336706,2.00,2.00,0.00,OK
034,034 - Lacaly Jeddah - MAATC,336707,1.00,1.00,0.00,OK
034,034 - Lacaly Jeddah - MAATC,336713,2.00,2.00,0.00,OK
034,034 - Lacaly Jeddah - MAATC,336714,3.00,3.00,0.00,OK
034,034 - Lacaly Jeddah - MAATC,336715,3.00,3.00,0.00,OK
034,034 - Lacaly Jeddah - MAATC,336716,3.00,3.00,0.00,OK
034,034 - Lacaly Jeddah - MAATC,336717,1.00,1.00,0.00,OK
034,034 - Lacaly Jeddah - MAATC,336805,2.00,2.00,0.00,OK
035,035 - Lacali - MAATC,336007,3.00,3.00,0.00,OK
035,035 - Lacali - MAATC,336008,3.00,3.00,0.00,OK
035,035 - Lacali - MAATC,336009,2.00,2.00,0.00,OK
035,035 - Lacali - MAATC,336010,1.00,1.00,0.00,OK
035,035 - Lacali - MAATC,336011,1.00,1.00,0.00,OK
035,035 - Lacali - MAATC,336013,3.00,3.00,0.00,OK
035,035 - Lacali - MAATC,336014,3.00,3.00,0.00,OK
035,035 - Lacali - MAATC,336015,2.00,2.00,0.00,OK
035,035 - Lacali - MAATC,336016,1.00,1.00,0.00,OK
035,035 - Lacali - MAATC,336017,1.00,1.00,0.00,OK
035,035 - Lacali - MAATC,336018,1.00,1.00,0.00,OK
035,035 - Lacali - MAATC,336019,2.00,2.00,0.00,OK
035,035 - Lacali - MAATC,336020,3.00,3.00,0.00,OK
035,035 - Lacali - MAATC,336021,3.00,3.00,0.00,OK
035,035 - Lacali - MAATC,336022,3.00,3.00,0.00,OK
035,035 - Lacali - MAATC,336023,1.00,1.00,0.00,OK
035,035 - Lacali - MAATC,336024,2.00,2.00,0.00,OK
035,035 - Lacali - MAATC,336025,3.00,3.00,0.00,OK
035,035 - Lacali - MAATC,336026,3.00,3.00,0.00,OK
035,035 - Lacali - MAATC,336027,3.00,3.00,0.00,OK
035,035 - Lacali - MAATC,336028,1.00,1.00,0.00,OK
035,035 - Lacali - MAATC,336029,2.00,2.00,0.00,OK
035,035 - Lacali - MAATC,336030,3.00,3.00,0.00,OK
035,035 - Lacali - MAATC,336031,3.00,3.00,0.00,OK
035,035 - Lacali - MAATC,336032,3.00,3.00,0.00,OK
035,035 - Lacali - MAATC,336033,2.00,2.00,0.00,OK
035,035 - Lacali - MAATC,336034,2.00,2.00,0.00,OK
035,035 - Lacali - MAATC,336035,6.00,6.00,0.00,OK
035,035 - Lacali - MAATC,336038,6.00,6.00,0.00,OK
035,035 - Lacali - MAATC,336039,6.00,6.00,0.00,OK
035,035 - Lacali - MAATC,336040,6.00,6.00,0.00,OK
035,035 - Lacali - MAATC,336041,6.00,6.00,0.00,OK
035,035 - Lacali - MAATC,336043,6.00,6.00,0.00,OK
035,035 - Lacali - MAATC,336044,6.00,6.00,0.00,OK
035,035 - Lacali - MAATC,336045,6.00,6.00,0.00,OK
035,035 - Lacali - MAATC,336046,6.00,6.00,0.00,OK
035,035 - Lacali - MAATC,336047,6.00,6.00,0.00,OK
035,035 - Lacali - MAATC,336048,9.00,9.00,0.00,OK
035,035 - Lacali - MAATC,336049,9.00,9.00,0.00,OK
035,035 - Lacali - MAATC,336051,9.00,9.00,0.00,OK
035,035 - Lacali - MAATC,336052,9.00,9.00,0.00,OK
035,035 - Lacali - MAATC,336055,9.00,9.00,0.00,OK
035,035 - Lacali - MAATC,336057,4.00,4.00,0.00,OK
035,035 - Lacali - MAATC,336058,8.00,8.00,0.00,OK
035,035 - Lacali - MAATC,336059,4.00,4.00,0.00,OK
035,035 - Lacali - MAATC,336060,4.00,4.00,0.00,OK
035,035 - Lacali - MAATC,336061,8.00,8.00,0.00,OK
035,035 - Lacali - MAATC,336062,4.00,4.00,0.00,OK
035,035 - Lacali - MAATC,336063,4.00,4.00,0.00,OK
035,035 - Lacali - MAATC,336064,8.00,8.00,0.00,OK
035,035 - Lacali - MAATC,336065,4.00,4.00,0.00,OK
035,035 - Lacali - MAATC,336066,4.00,4.00,0.00,OK
035,035 - Lacali - MAATC,336067,8.00,8.00,0.00,OK
035,035 - Lacali - MAATC,336068,4.00,4.00,0.00,OK
035,035 - Lacali - MAATC,336069,4.00,4.00,0.00,OK
035,035 - Lacali - MAATC,336070,8.00,8.00,0.00,OK
035,035 - Lacali - MAATC,336071,4.00,4.00,0.00,OK
035,035 - Lacali - MAATC,336072,4.00,4.00,0.00,OK
035,035 - Lacali - MAATC,336073,8.00,8.00,0.00,OK
035,035 - Lacali - MAATC,336074,4.00,4.00,0.00,OK
035,035 - Lacali - MAATC,336075,1.00,1.00,0.00,OK
035,035 - Lacali - MAATC,336076,2.00,2.00,0.00,OK
035,035 - Lacali - MAATC,336077,3.00,3.00,0.00,OK
035,035 - Lacali - MAATC,336078,3.00,3.00,0.00,OK
035,035 - Lacali - MAATC,336079,2.00,2.00,0.00,OK
035,035 - Lacali - MAATC,336080,1.00,1.00,0.00,OK
035,035 - Lacali - MAATC,336081,1.00,1.00,0.00,OK
035,035 - Lacali - MAATC,336082,2.00,2.00,0.00,OK
035,035 - Lacali - MAATC,336083,3.00,3.00,0.00,OK
035,035 - Lacali - MAATC,336084,2.00,2.00,0.00,OK
035,035 - Lacali - MAATC,336085,1.00,1.00,0.00,OK
035,035 - Lacali - MAATC,336086,1.00,1.00,0.00,OK
035,035 - Lacali - MAATC,336087,1.00,1.00,0.00,OK
035,035 - Lacali - MAATC,336088,2.00,2.00,0.00,OK
035,035 - Lacali - MAATC,336089,3.00,3.00,0.00,OK
035,035 - Lacali - MAATC,336090,2.00,2.00,0.00,OK
035,035 - Lacali - MAATC,336091,1.00,1.00,0.00,OK
035,035 - Lacali - MAATC,336092,1.00,1.00,0.00,OK
035,035 - Lacali - MAATC,336093,1.00,1.00,0.00,OK
035,035 - Lacali - MAATC,336094,2.00,2.00,0.00,OK
035,035 - Lacali - MAATC,336095,3.00,3.00,0.00,OK
035,035 - Lacali - MAATC,336096,2.00,2.00,0.00,OK
035,035 - Lacali - MAATC,336097,1.00,1.00,0.00,OK
035,035 - Lacali - MAATC,336098,1.00,1.00,0.00,OK
035,035 - Lacali - MAATC,336099,1.00,1.00,0.00,OK
035,035 - Lacali - MAATC,336100,2.00,2.00,0.00,OK
035,035 - Lacali - MAATC,336102,2.00,2.00,0.00,OK
035,035 - Lacali - MAATC,336103,1.00,1.00,0.00,OK
035,035 - Lacali - MAATC,336104,1.00,1.00,0.00,OK
035,035 - Lacali - MAATC,336105,1.00,1.00,0.00,OK
035,035 - Lacali - MAATC,336106,2.00,2.00,0.00,OK
035,035 - Lacali - MAATC,336107,2.00,2.00,0.00,OK
035,035 - Lacali - MAATC,336108,2.00,2.00,0.00,OK
035,035 - Lacali - MAATC,336110,1.00,1.00,0.00,OK
035,035 - Lacali - MAATC,336111,1.00,1.00,0.00,OK
035,035 - Lacali - MAATC,336112,2.00,2.00,0.00,OK
035,035 - Lacali - MAATC,336113,3.00,3.00,0.00,OK
035,035 - Lacali - MAATC,336114,2.00,2.00,0.00,OK
035,035 - Lacali - MAATC,336115,1.00,1.00,0.00,OK
035,035 - Lacali - MAATC,336116,1.00,1.00,0.00,OK
035,035 - Lacali - MAATC,336117,1.00,1.00,0.00,OK
035,035 - Lacali - MAATC,336119,3.00,3.00,0.00,OK
035,035 - Lacali - MAATC,336120,2.00,2.00,0.00,OK
035,035 - Lacali - MAATC,336121,1.00,1.00,0.00,OK
035,035 - Lacali - MAATC,336122,1.00,1.00,0.00,OK
035,035 - Lacali - MAATC,336123,1.00,1.00,0.00,OK
035,035 - Lacali - MAATC,336124,2.00,2.00,0.00,OK
035,035 - Lacali - MAATC,336125,3.00,3.00,0.00,OK
035,035 - Lacali - MAATC,336126,2.00,2.00,0.00,OK
035,035 - Lacali - MAATC,336127,1.00,1.00,0.00,OK
035,035 - Lacali - MAATC,336128,1.00,1.00,0.00,OK
035,035 - Lacali - MAATC,336129,1.00,1.00,0.00,OK
035,035 - Lacali - MAATC,336130,2.00,2.00,0.00,OK
035,035 - Lacali - MAATC,336131,3.00,3.00,0.00,OK
035,035 - Lacali - MAATC,336132,2.00,2.00,0.00,OK
035,035 - Lacali - MAATC,336133,1.00,1.00,0.00,OK
035,035 - Lacali - MAATC,336134,1.00,1.00,0.00,OK
035,035 - Lacali - MAATC,336135,1.00,1.00,0.00,OK
035,035 - Lacali - MAATC,336136,2.00,2.00,0.00,OK
035,035 - Lacali - MAATC,336137,3.00,3.00,0.00,OK
035,035 - Lacali - MAATC,336138,2.00,2.00,0.00,OK
035,035 - Lacali - MAATC,336139,1.00,1.00,0.00,OK
035,035 - Lacali - MAATC,336140,1.00,1.00,0.00,OK
035,035 - Lacali - MAATC,336141,1.00,1.00,0.00,OK
035,035 - Lacali - MAATC,336142,2.00,2.00,0.00,OK
035,035 - Lacali - MAATC,336144,2.00,2.00,0.00,OK
035,035 - Lacali - MAATC,336147,1.00,1.00,0.00,OK
035,035 - Lacali - MAATC,336148,2.00,2.00,0.00,OK
035,035 - Lacali - MAATC,336149,3.00,3.00,0.00,OK
035,035 - Lacali - MAATC,336150,2.00,2.00,0.00,OK
035,035 - Lacali - MAATC,336151,1.00,1.00,0.00,OK
035,035 - Lacali - MAATC,336152,1.00,1.00,0.00,OK
035,035 - Lacali - MAATC,336153,1.00,1.00,0.00,OK
035,035 - Lacali - MAATC,336154,2.00,2.00,0.00,OK
035,035 - Lacali - MAATC,336155,3.00,3.00,0.00,OK
035,035 - Lacali - MAATC,336156,2.00,2.00,0.00,OK
035,035 - Lacali - MAATC,336157,1.00,1.00,0.00,OK
035,035 - Lacali - MAATC,336158,1.00,1.00,0.00,OK
035,035 - Lacali - MAATC,336159,1.00,1.00,0.00,OK
035,035 - Lacali - MAATC,336160,2.00,2.00,0.00,OK
035,035 - Lacali - MAATC,336161,3.00,3.00,0.00,OK
035,035 - Lacali - MAATC,336162,2.00,2.00,0.00,OK
035,035 - Lacali - MAATC,336163,1.00,1.00,0.00,OK
035,035 - Lacali - MAATC,336164,1.00,1.00,0.00,OK
035,035 - Lacali - MAATC,336166,2.00,2.00,0.00,OK
035,035 - Lacali - MAATC,336167,3.00,3.00,0.00,OK
035,035 - Lacali - MAATC,336169,1.00,1.00,0.00,OK
035,035 - Lacali - MAATC,336170,1.00,1.00,0.00,OK
035,035 - Lacali - MAATC,336171,1.00,1.00,0.00,OK
035,035 - Lacali - MAATC,336173,3.00,3.00,0.00,OK
035,035 - Lacali - MAATC,336174,2.00,2.00,0.00,OK
035,035 - Lacali - MAATC,336175,1.00,1.00,0.00,OK
035,035 - Lacali - MAATC,336176,1.00,1.00,0.00,OK
035,035 - Lacali - MAATC,336177,1.00,1.00,0.00,OK
035,035 - Lacali - MAATC,336178,2.00,2.00,0.00,OK
035,035 - Lacali - MAATC,336179,3.00,3.00,0.00,OK
035,035 - Lacali - MAATC,336180,2.00,2.00,0.00,OK
035,035 - Lacali - MAATC,336181,1.00,1.00,0.00,OK
035,035 - Lacali - MAATC,336182,1.00,1.00,0.00,OK
035,035 - Lacali - MAATC,336183,1.00,1.00,0.00,OK
035,035 - Lacali - MAATC,336184,2.00,2.00,0.00,OK
035,035 - Lacali - MAATC,336185,3.00,3.00,0.00,OK
035,035 - Lacali - MAATC,336186,2.00,2.00,0.00,OK
035,035 - Lacali - MAATC,336187,1.00,1.00,0.00,OK
035,035 - Lacali - MAATC,336188,1.00,1.00,0.00,OK
035,035 - Lacali - MAATC,336189,1.00,1.00,0.00,OK
035,035 - Lacali - MAATC,336190,2.00,2.00,0.00,OK
035,035 - Lacali - MAATC,336191,3.00,3.00,0.00,OK
035,035 - Lacali - MAATC,336192,2.00,2.00,0.00,OK
035,035 - Lacali - MAATC,336193,1.00,1.00,0.00,OK
035,035 - Lacali - MAATC,336194,1.00,1.00,0.00,OK
035,035 - Lacali - MAATC,336195,1.00,1.00,0.00,OK
035,035 - Lacali - MAATC,336196,2.00,2.00,0.00,OK
035,035 - Lacali - MAATC,336197,3.00,3.00,0.00,OK
035,035 - Lacali - MAATC,336198,2.00,2.00,0.00,OK
035,035 - Lacali - MAATC,336199,1.00,1.00,0.00,OK
035,035 - Lacali - MAATC,336200,1.00,1.00,0.00,OK
035,035 - Lacali - MAATC,336201,1.00,1.00,0.00,OK
035,035 - Lacali - MAATC,336202,2.00,2.00,0.00,OK
035,035 - Lacali - MAATC,336203,3.00,3.00,0.00,OK
035,035 - Lacali - MAATC,336204,2.00,2.00,0.00,OK
035,035 - Lacali - MAATC,336205,1.00,1.00,0.00,OK
035,035 - Lacali - MAATC,336206,1.00,1.00,0.00,OK
035,035 - Lacali - MAATC,336207,1.00,1.00,0.00,OK
035,035 - Lacali - MAATC,336209,3.00,3.00,0.00,OK
035,035 - Lacali - MAATC,336210,2.00,2.00,0.00,OK
035,035 - Lacali - MAATC,336211,1.00,1.00,0.00,OK
035,035 - Lacali - MAATC,336212,1.00,1.00,0.00,OK
035,035 - Lacali - MAATC,336213,1.00,1.00,0.00,OK
035,035 - Lacali - MAATC,336214,2.00,2.00,0.00,OK
035,035 - Lacali - MAATC,336215,3.00,3.00,0.00,OK
035,035 - Lacali - MAATC,336216,2.00,2.00,0.00,OK
035,035 - Lacali - MAATC,336217,1.00,1.00,0.00,OK
035,035 - Lacali - MAATC,336218,1.00,1.00,0.00,OK
035,035 - Lacali - MAATC,336219,1.00,1.00,0.00,OK
035,035 - Lacali - MAATC,336220,2.00,2.00,0.00,OK
035,035 - Lacali - MAATC,336221,3.00,3.00,0.00,OK
035,035 - Lacali - MAATC,336222,2.00,2.00,0.00,OK
035,035 - Lacali - MAATC,336223,1.00,1.00,0.00,OK
035,035 - Lacali - MAATC,336224,1.00,1.00,0.00,OK
035,035 - Lacali - MAATC,336225,1.00,1.00,0.00,OK
035,035 - Lacali - MAATC,336226,2.00,2.00,0.00,OK
035,035 - Lacali - MAATC,336227,3.00,3.00,0.00,OK
035,035 - Lacali - MAATC,336228,2.00,2.00,0.00,OK
035,035 - Lacali - MAATC,336229,1.00,1.00,0.00,OK
035,035 - Lacali - MAATC,336230,1.00,1.00,0.00,OK
035,035 - Lacali - MAATC,336231,1.00,1.00,0.00,OK
035,035 - Lacali - MAATC,336232,2.00,2.00,0.00,OK
035,035 - Lacali - MAATC,336233,3.00,3.00,0.00,OK
035,035 - Lacali - MAATC,336234,2.00,2.00,0.00,OK
035,035 - Lacali - MAATC,336235,1.00,1.00,0.00,OK
035,035 - Lacali - MAATC,336236,1.00,1.00,0.00,OK
035,035 - Lacali - MAATC,336239,3.00,3.00,0.00,OK
035,035 - Lacali - MAATC,336240,2.00,2.00,0.00,OK
035,035 - Lacali - MAATC,336241,1.00,1.00,0.00,OK
035,035 - Lacali - MAATC,336242,1.00,1.00,0.00,OK
035,035 - Lacali - MAATC,336243,1.00,1.00,0.00,OK
035,035 - Lacali - MAATC,336244,2.00,2.00,0.00,OK
035,035 - Lacali - MAATC,336245,3.00,3.00,0.00,OK
035,035 - Lacali - MAATC,336246,2.00,2.00,0.00,OK
035,035 - Lacali - MAATC,336247,1.00,1.00,0.00,OK
035,035 - Lacali - MAATC,336250,2.00,2.00,0.00,OK
035,035 - Lacali - MAATC,336251,3.00,3.00,0.00,OK
035,035 - Lacali - MAATC,336252,2.00,2.00,0.00,OK
035,035 - Lacali - MAATC,336253,1.00,1.00,0.00,OK
035,035 - Lacali - MAATC,336254,1.00,1.00,0.00,OK
035,035 - Lacali - MAATC,336255,1.00,1.00,0.00,OK
035,035 - Lacali - MAATC,336256,2.00,2.00,0.00,OK
035,035 - Lacali - MAATC,336258,2.00,2.00,0.00,OK
035,035 - Lacali - MAATC,336259,1.00,1.00,0.00,OK
035,035 - Lacali - MAATC,336260,1.00,1.00,0.00,OK
035,035 - Lacali - MAATC,336261,1.00,1.00,0.00,OK
035,035 - Lacali - MAATC,336262,2.00,2.00,0.00,OK
035,035 - Lacali - MAATC,336263,3.00,3.00,0.00,OK
035,035 - Lacali - MAATC,336264,2.00,2.00,0.00,OK
035,035 - Lacali - MAATC,336265,1.00,1.00,0.00,OK
035,035 - Lacali - MAATC,336266,1.00,1.00,0.00,OK
035,035 - Lacali - MAATC,336267,1.00,1.00,0.00,OK
035,035 - Lacali - MAATC,336269,3.00,3.00,0.00,OK
035,035 - Lacali - MAATC,336270,2.00,2.00,0.00,OK
035,035 - Lacali - MAATC,336271,1.00,1.00,0.00,OK
035,035 - Lacali - MAATC,336272,1.00,1.00,0.00,OK
035,035 - Lacali - MAATC,336273,1.00,1.00,0.00,OK
035,035 - Lacali - MAATC,336274,2.00,2.00,0.00,OK
035,035 - Lacali - MAATC,336275,3.00,3.00,0.00,OK
035,035 - Lacali - MAATC,336276,2.00,2.00,0.00,OK
035,035 - Lacali - MAATC,336277,1.00,1.00,0.00,OK
035,035 - Lacali - MAATC,336278,1.00,1.00,0.00,OK
035,035 - Lacali - MAATC,336279,1.00,1.00,0.00,OK
035,035 - Lacali - MAATC,336280,2.00,2.00,0.00,OK
035,035 - Lacali - MAATC,336281,3.00,3.00,0.00,OK
035,035 - Lacali - MAATC,336282,2.00,2.00,0.00,OK
035,035 - Lacali - MAATC,336283,1.00,1.00,0.00,OK
035,035 - Lacali - MAATC,336284,1.00,1.00,0.00,OK
035,035 - Lacali - MAATC,336285,1.00,1.00,0.00,OK
035,035 - Lacali - MAATC,336286,2.00,2.00,0.00,OK
035,035 - Lacali - MAATC,336287,3.00,3.00,0.00,OK
035,035 - Lacali - MAATC,336288,2.00,2.00,0.00,OK
035,035 - Lacali - MAATC,336289,1.00,1.00,0.00,OK
035,035 - Lacali - MAATC,336290,1.00,1.00,0.00,OK
035,035 - Lacali - MAATC,336291,1.00,1.00,0.00,OK
035,035 - Lacali - MAATC,336292,2.00,2.00,0.00,OK
035,035 - Lacali - MAATC,336293,3.00,3.00,0.00,OK
035,035 - Lacali - MAATC,336294,2.00,2.00,0.00,OK
035,035 - Lacali - MAATC,336295,1.00,1.00,0.00,OK
035,035 - Lacali - MAATC,336296,1.00,1.00,0.00,OK
035,035 - Lacali - MAATC,336297,1.00,1.00,0.00,OK
035,035 - Lacali - MAATC,336298,2.00,2.00,0.00,OK
035,035 - Lacali - MAATC,336299,3.00,3.00,0.00,OK
035,035 - Lacali - MAATC,336300,2.00,2.00,0.00,OK
035,035 - Lacali - MAATC,336301,1.00,1.00,0.00,OK
035,035 - Lacali - MAATC,336302,1.00,1.00,0.00,OK
035,035 - Lacali - MAATC,336303,1.00,1.00,0.00,OK
035,035 - Lacali - MAATC,336304,2.00,2.00,0.00,OK
035,035 - Lacali - MAATC,336305,3.00,3.00,0.00,OK
035,035 - Lacali - MAATC,336306,2.00,2.00,0.00,OK
035,035 - Lacali - MAATC,336307,1.00,1.00,0.00,OK
035,035 - Lacali - MAATC,336308,1.00,1.00,0.00,OK
035,035 - Lacali - MAATC,336309,1.00,1.00,0.00,OK
035,035 - Lacali - MAATC,336310,2.00,2.00,0.00,OK
035,035 - Lacali - MAATC,336311,3.00,3.00,0.00,OK
035,035 - Lacali - MAATC,336312,2.00,2.00,0.00,OK
035,035 - Lacali - MAATC,336313,1.00,1.00,0.00,OK
035,035 - Lacali - MAATC,336314,1.00,1.00,0.00,OK
035,035 - Lacali - MAATC,336315,1.00,1.00,0.00,OK
035,035 - Lacali - MAATC,336316,2.00,2.00,0.00,OK
035,035 - Lacali - MAATC,336317,3.00,3.00,0.00,OK
035,035 - Lacali - MAATC,336318,2.00,2.00,0.00,OK
035,035 - Lacali - MAATC,336319,1.00,1.00,0.00,OK
035,035 - Lacali - MAATC,336320,1.00,1.00,0.00,OK
035,035 - Lacali - MAATC,336321,1.00,1.00,0.00,OK
035,035 - Lacali - MAATC,336322,2.00,2.00,0.00,OK
035,035 - Lacali - MAATC,336323,3.00,3.00,0.00,OK
035,035 - Lacali - MAATC,336324,2.00,2.00,0.00,OK
035,035 - Lacali - MAATC,336325,1.00,1.00,0.00,OK
035,035 - Lacali - MAATC,336326,1.00,1.00,0.00,OK
035,035 - Lacali - MAATC,336327,1.00,1.00,0.00,OK
035,035 - Lacali - MAATC,336328,2.00,2.00,0.00,OK
035,035 - Lacali - MAATC,336329,3.00,3.00,0.00,OK
035,035 - Lacali - MAATC,336330,2.00,2.00,0.00,OK
035,035 - Lacali - MAATC,336331,1.00,1.00,0.00,OK
035,035 - Lacali - MAATC,336332,1.00,1.00,0.00,OK
035,035 - Lacali - MAATC,336333,1.00,1.00,0.00,OK
035,035 - Lacali - MAATC,336334,2.00,2.00,0.00,OK
035,035 - Lacali - MAATC,336335,3.00,3.00,0.00,OK
035,035 - Lacali - MAATC,336336,2.00,2.00,0.00,OK
035,035 - Lacali - MAATC,336337,1.00,1.00,0.00,OK
035,035 - Lacali - MAATC,336338,1.00,1.00,0.00,OK
035,035 - Lacali - MAATC,336339,1.00,1.00,0.00,OK
035,035 - Lacali - MAATC,336340,2.00,2.00,0.00,OK
035,035 - Lacali - MAATC,336341,3.00,3.00,0.00,OK
035,035 - Lacali - MAATC,336342,2.00,2.00,0.00,OK
035,035 - Lacali - MAATC,336343,1.00,1.00,0.00,OK
035,035 - Lacali - MAATC,336344,1.00,1.00,0.00,OK
035,035 - Lacali - MAATC,336346,2.00,2.00,0.00,OK
035,035 - Lacali - MAATC,336349,1.00,1.00,0.00,OK
035,035 - Lacali - MAATC,336351,1.00,1.00,0.00,OK
035,035 - Lacali - MAATC,336352,2.00,2.00,0.00,OK
035,035 - Lacali - MAATC,336353,3.00,3.00,0.00,OK
035,035 - Lacali - MAATC,336355,1.00,1.00,0.00,OK
035,035 - Lacali - MAATC,336357,1.00,1.00,0.00,OK
035,035 - Lacali - MAATC,336358,2.00,2.00,0.00,OK
035,035 - Lacali - MAATC,336359,3.00,3.00,0.00,OK
035,035 - Lacali - MAATC,336360,2.00,2.00,0.00,OK
035,035 - Lacali - MAATC,336361,1.00,1.00,0.00,OK
035,035 - Lacali - MAATC,336362,1.00,1.00,0.00,OK
035,035 - Lacali - MAATC,336363,1.00,1.00,0.00,OK
035,035 - Lacali - MAATC,336364,2.00,2.00,0.00,OK
035,035 - Lacali - MAATC,336365,3.00,3.00,0.00,OK
035,035 - Lacali - MAATC,336366,2.00,2.00,0.00,OK
035,035 - Lacali - MAATC,336367,1.00,1.00,0.00,OK
035,035 - Lacali - MAATC,336368,1.00,1.00,0.00,OK
035,035 - Lacali - MAATC,336369,1.00,1.00,0.00,OK
035,035 - Lacali - MAATC,336370,2.00,2.00,0.00,OK
035,035 - Lacali - MAATC,336371,3.00,3.00,0.00,OK
035,035 - Lacali - MAATC,336372,2.00,2.00,0.00,OK
035,035 - Lacali - MAATC,336373,1.00,1.00,0.00,OK
035,035 - Lacali - MAATC,336374,1.00,1.00,0.00,OK
035,035 - Lacali - MAATC,336375,1.00,1.00,0.00,OK
035,035 - Lacali - MAATC,336376,2.00,2.00,0.00,OK
035,035 - Lacali - MAATC,336377,3.00,3.00,0.00,OK
035,035 - Lacali - MAATC,336378,2.00,2.00,0.00,OK
035,035 - Lacali - MAATC,336379,1.00,1.00,0.00,OK
035,035 - Lacali - MAATC,336380,1.00,1.00,0.00,OK
035,035 - Lacali - MAATC,336381,1.00,1.00,0.00,OK
035,035 - Lacali - MAATC,336382,2.00,2.00,0.00,OK
035,035 - Lacali - MAATC,336383,3.00,3.00,0.00,OK
035,035 - Lacali - MAATC,336384,2.00,2.00,0.00,OK
035,035 - Lacali - MAATC,336385,1.00,1.00,0.00,OK
035,035 - Lacali - MAATC,336386,1.00,1.00,0.00,OK
035,035 - Lacali - MAATC,336387,1.00,1.00,0.00,OK
035,035 - Lacali - MAATC,336388,2.00,2.00,0.00,OK
035,035 - Lacali - MAATC,336389,3.00,3.00,0.00,OK
035,035 - Lacali - MAATC,336390,2.00,2.00,0.00,OK
035,035 - Lacali - MAATC,336391,1.00,1.00,0.00,OK
035,035 - Lacali - MAATC,336392,1.00,1.00,0.00,OK
035,035 - Lacali - MAATC,336393,1.00,1.00,0.00,OK
035,035 - Lacali - MAATC,336394,2.00,2.00,0.00,OK
035,035 - Lacali - MAATC,336395,3.00,3.00,0.00,OK
035,035 - Lacali - MAATC,336396,2.00,2.00,0.00,OK
035,035 - Lacali - MAATC,336397,1.00,1.00,0.00,OK
035,035 - Lacali - MAATC,336398,1.00,1.00,0.00,OK
035,035 - Lacali - MAATC,336399,1.00,1.00,0.00,OK
035,035 - Lacali - MAATC,336400,2.00,2.00,0.00,OK
035,035 - Lacali - MAATC,336401,3.00,3.00,0.00,OK
035,035 - Lacali - MAATC,336402,2.00,2.00,0.00,OK
035,035 - Lacali - MAATC,336403,1.00,1.00,0.00,OK
035,035 - Lacali - MAATC,336404,1.00,1.00,0.00,OK
035,035 - Lacali - MAATC,336405,1.00,1.00,0.00,OK
035,035 - Lacali - MAATC,336406,2.00,2.00,0.00,OK
035,035 - Lacali - MAATC,336407,3.00,3.00,0.00,OK
035,035 - Lacali - MAATC,336408,2.00,2.00,0.00,OK
035,035 - Lacali - MAATC,336409,1.00,1.00,0.00,OK
035,035 - Lacali - MAATC,336410,1.00,1.00,0.00,OK
035,035 - Lacali - MAATC,336411,1.00,1.00,0.00,OK
035,035 - Lacali - MAATC,336412,2.00,2.00,0.00,OK
035,035 - Lacali - MAATC,336413,3.00,3.00,0.00,OK
035,035 - Lacali - MAATC,336414,2.00,2.00,0.00,OK
035,035 - Lacali - MAATC,336415,1.00,1.00,0.00,OK
035,035 - Lacali - MAATC,336416,1.00,1.00,0.00,OK
035,035 - Lacali - MAATC,336417,1.00,1.00,0.00,OK
035,035 - Lacali - MAATC,336419,3.00,3.00,0.00,OK
035,035 - Lacali - MAATC,336420,2.00,2.00,0.00,OK
035,035 - Lacali - MAATC,336421,1.00,1.00,0.00,OK
035,035 - Lacali - MAATC,336422,1.00,1.00,0.00,OK
035,035 - Lacali - MAATC,336423,1.00,1.00,0.00,OK
035,035 - Lacali - MAATC,336425,3.00,3.00,0.00,OK
035,035 - Lacali - MAATC,336426,2.00,2.00,0.00,OK
035,035 - Lacali - MAATC,336427,1.00,1.00,0.00,OK
035,035 - Lacali - MAATC,336429,1.00,1.00,0.00,OK
035,035 - Lacali - MAATC,336430,2.00,2.00,0.00,OK
035,035 - Lacali - MAATC,336431,3.00,3.00,0.00,OK
035,035 - Lacali - MAATC,336432,2.00,2.00,0.00,OK
035,035 - Lacali - MAATC,336433,1.00,1.00,0.00,OK
035,035 - Lacali - MAATC,336434,1.00,1.00,0.00,OK
035,035 - Lacali - MAATC,336435,1.00,1.00,0.00,OK
035,035 - Lacali - MAATC,336436,2.00,2.00,0.00,OK
035,035 - Lacali - MAATC,336437,3.00,3.00,0.00,OK
035,035 - Lacali - MAATC,336438,2.00,2.00,0.00,OK
035,035 - Lacali - MAATC,336439,1.00,1.00,0.00,OK
035,035 - Lacali - MAATC,336440,1.00,1.00,0.00,OK
035,035 - Lacali - MAATC,336441,1.00,1.00,0.00,OK
035,035 - Lacali - MAATC,336442,2.00,2.00,0.00,OK
035,035 - Lacali - MAATC,336443,3.00,3.00,0.00,OK
035,035 - Lacali - MAATC,336444,2.00,2.00,0.00,OK
035,035 - Lacali - MAATC,336445,1.00,1.00,0.00,OK
035,035 - Lacali - MAATC,336446,1.00,1.00,0.00,OK
035,035 - Lacali - MAATC,336447,1.00,1.00,0.00,OK
035,035 - Lacali - MAATC,336449,3.00,3.00,0.00,OK
035,035 - Lacali - MAATC,336450,2.00,2.00,0.00,OK
035,035 - Lacali - MAATC,336451,1.00,1.00,0.00,OK
035,035 - Lacali - MAATC,336452,1.00,1.00,0.00,OK
035,035 - Lacali - MAATC,336453,1.00,1.00,0.00,OK
035,035 - Lacali - MAATC,336454,2.00,2.00,0.00,OK
035,035 - Lacali - MAATC,336455,3.00,3.00,0.00,OK
035,035 - Lacali - MAATC,336457,1.00,1.00,0.00,OK
035,035 - Lacali - MAATC,336458,1.00,1.00,0.00,OK
035,035 - Lacali - MAATC,336459,1.00,1.00,0.00,OK
035,035 - Lacali - MAATC,336460,2.00,2.00,0.00,OK
035,035 - Lacali - MAATC,336461,3.00,3.00,0.00,OK
035,035 - Lacali - MAATC,336462,2.00,2.00,0.00,OK
035,035 - Lacali - MAATC,336463,1.00,1.00,0.00,OK
035,035 - Lacali - MAATC,336464,1.00,1.00,0.00,OK
035,035 - Lacali - MAATC,336465,1.00,1.00,0.00,OK
035,035 - Lacali - MAATC,336466,2.00,2.00,0.00,OK
035,035 - Lacali - MAATC,336467,3.00,3.00,0.00,OK
035,035 - Lacali - MAATC,336468,2.00,2.00,0.00,OK
035,035 - Lacali - MAATC,336469,1.00,1.00,0.00,OK
035,035 - Lacali - MAATC,336470,1.00,1.00,0.00,OK
035,035 - Lacali - MAATC,336471,1.00,1.00,0.00,OK
035,035 - Lacali - MAATC,336472,1.00,1.00,0.00,OK
035,035 - Lacali - MAATC,336473,3.00,3.00,0.00,OK
035,035 - Lacali - MAATC,336474,2.00,2.00,0.00,OK
035,035 - Lacali - MAATC,336475,1.00,1.00,0.00,OK
035,035 - Lacali - MAATC,336476,1.00,1.00,0.00,OK
035,035 - Lacali - MAATC,336477,1.00,1.00,0.00,OK
035,035 - Lacali - MAATC,336478,2.00,2.00,0.00,OK
035,035 - Lacali - MAATC,336479,3.00,3.00,0.00,OK
035,035 - Lacali - MAATC,336480,2.00,2.00,0.00,OK
035,035 - Lacali - MAATC,336481,1.00,1.00,0.00,OK
035,035 - Lacali - MAATC,336482,1.00,1.00,0.00,OK
035,035 - Lacali - MAATC,336483,1.00,1.00,0.00,OK
035,035 - Lacali - MAATC,336484,2.00,2.00,0.00,OK
035,035 - Lacali - MAATC,336485,3.00,3.00,0.00,OK
035,035 - Lacali - MAATC,336486,2.00,2.00,0.00,OK
035,035 - Lacali - MAATC,336487,1.00,1.00,0.00,OK
035,035 - Lacali - MAATC,336488,1.00,1.00,0.00,OK
035,035 - Lacali - MAATC,336489,1.00,1.00,0.00,OK
035,035 - Lacali - MAATC,336490,2.00,2.00,0.00,OK
035,035 - Lacali - MAATC,336491,3.00,3.00,0.00,OK
035,035 - Lacali - MAATC,336492,2.00,2.00,0.00,OK
035,035 - Lacali - MAATC,336493,1.00,1.00,0.00,OK
035,035 - Lacali - MAATC,336494,1.00,1.00,0.00,OK
035,035 - Lacali - MAATC,336495,1.00,1.00,0.00,OK
035,035 - Lacali - MAATC,336496,1.00,1.00,0.00,OK
035,035 - Lacali - MAATC,336497,3.00,3.00,0.00,OK
035,035 - Lacali - MAATC,336498,2.00,2.00,0.00,OK
035,035 - Lacali - MAATC,336499,1.00,1.00,0.00,OK
035,035 - Lacali - MAATC,336500,1.00,1.00,0.00,OK
035,035 - Lacali - MAATC,336501,1.00,1.00,0.00,OK
035,035 - Lacali - MAATC,336502,2.00,2.00,0.00,OK
035,035 - Lacali - MAATC,336503,3.00,3.00,0.00,OK
035,035 - Lacali - MAATC,336504,2.00,2.00,0.00,OK
035,035 - Lacali - MAATC,336505,1.00,1.00,0.00,OK
035,035 - Lacali - MAATC,336506,1.00,1.00,0.00,OK
035,035 - Lacali - MAATC,336507,1.00,1.00,0.00,OK
035,035 - Lacali - MAATC,336508,2.00,2.00,0.00,OK
035,035 - Lacali - MAATC,336509,3.00,3.00,0.00,OK
035,035 - Lacali - MAATC,336510,2.00,2.00,0.00,OK
035,035 - Lacali - MAATC,336511,1.00,1.00,0.00,OK
035,035 - Lacali - MAATC,336512,1.00,1.00,0.00,OK
035,035 - Lacali - MAATC,336513,1.00,1.00,0.00,OK
035,035 - Lacali - MAATC,336514,2.00,2.00,0.00,OK
035,035 - Lacali - MAATC,336515,3.00,3.00,0.00,OK
035,035 - Lacali - MAATC,336516,2.00,2.00,0.00,OK
035,035 - Lacali - MAATC,336517,1.00,1.00,0.00,OK
035,035 - Lacali - MAATC,336518,1.00,1.00,0.00,OK
035,035 - Lacali - MAATC,336519,1.00,1.00,0.00,OK
035,035 - Lacali - MAATC,336520,2.00,2.00,0.00,OK
035,035 - Lacali - MAATC,336521,3.00,3.00,0.00,OK
035,035 - Lacali - MAATC,336522,2.00,2.00,0.00,OK
035,035 - Lacali - MAATC,336523,1.00,1.00,0.00,OK
035,035 - Lacali - MAATC,336524,1.00,1.00,0.00,OK
035,035 - Lacali - MAATC,336525,1.00,1.00,0.00,OK
035,035 - Lacali - MAATC,336526,2.00,2.00,0.00,OK
035,035 - Lacali - MAATC,336527,3.00,3.00,0.00,OK
035,035 - Lacali - MAATC,336528,2.00,2.00,0.00,OK
035,035 - Lacali - MAATC,336529,1.00,1.00,0.00,OK
035,035 - Lacali - MAATC,336530,1.00,1.00,0.00,OK
035,035 - Lacali - MAATC,336531,1.00,1.00,0.00,OK
035,035 - Lacali - MAATC,336532,2.00,2.00,0.00,OK
035,035 - Lacali - MAATC,336533,3.00,3.00,0.00,OK
035,035 - Lacali - MAATC,336534,2.00,2.00,0.00,OK
035,035 - Lacali - MAATC,336535,1.00,1.00,0.00,OK
035,035 - Lacali - MAATC,336536,1.00,1.00,0.00,OK
035,035 - Lacali - MAATC,336537,1.00,1.00,0.00,OK
035,035 - Lacali - MAATC,336538,2.00,2.00,0.00,OK
035,035 - Lacali - MAATC,336539,3.00,3.00,0.00,OK
035,035 - Lacali - MAATC,336540,2.00,2.00,0.00,OK
035,035 - Lacali - MAATC,336541,1.00,1.00,0.00,OK
035,035 - Lacali - MAATC,336542,1.00,1.00,0.00,OK
035,035 - Lacali - MAATC,336543,1.00,1.00,0.00,OK
035,035 - Lacali - MAATC,336544,2.00,2.00,0.00,OK
035,035 - Lacali - MAATC,336545,3.00,3.00,0.00,OK
035,035 - Lacali - MAATC,336546,2.00,2.00,0.00,OK
035,035 - Lacali - MAATC,336547,1.00,1.00,0.00,OK
035,035 - Lacali - MAATC,336548,1.00,1.00,0.00,OK
035,035 - Lacali - MAATC,336549,1.00,1.00,0.00,OK
035,035 - Lacali - MAATC,336550,2.00,2.00,0.00,OK
035,035 - Lacali - MAATC,336551,3.00,3.00,0.00,OK
035,035 - Lacali - MAATC,336552,2.00,2.00,0.00,OK
035,035 - Lacali - MAATC,336553,1.00,1.00,0.00,OK
035,035 - Lacali - MAATC,336554,1.00,1.00,0.00,OK
035,035 - Lacali - MAATC,336555,1.00,1.00,0.00,OK
035,035 - Lacali - MAATC,336556,2.00,2.00,0.00,OK
035,035 - Lacali - MAATC,336557,3.00,3.00,0.00,OK
035,035 - Lacali - MAATC,336558,2.00,2.00,0.00,OK
035,035 - Lacali - MAATC,336559,1.00,1.00,0.00,OK
035,035 - Lacali - MAATC,336560,1.00,1.00,0.00,OK
035,035 - Lacali - MAATC,336561,1.00,1.00,0.00,OK
035,035 - Lacali - MAATC,336562,2.00,2.00,0.00,OK
035,035 - Lacali - MAATC,336563,3.00,3.00,0.00,OK
035,035 - Lacali - MAATC,336564,2.00,2.00,0.00,OK
035,035 - Lacali - MAATC,336565,1.00,1.00,0.00,OK
035,035 - Lacali - MAATC,336566,1.00,1.00,0.00,OK
035,035 - Lacali - MAATC,336567,1.00,1.00,0.00,OK
035,035 - Lacali - MAATC,336568,2.00,2.00,0.00,OK
035,035 - Lacali - MAATC,336569,3.00,3.00,0.00,OK
035,035 - Lacali - MAATC,336570,2.00,2.00,0.00,OK
035,035 - Lacali - MAATC,336571,1.00,1.00,0.00,OK
035,035 - Lacali - MAATC,336572,1.00,1.00,0.00,OK
035,035 - Lacali - MAATC,336573,1.00,1.00,0.00,OK
035,035 - Lacali - MAATC,336574,2.00,2.00,0.00,OK
035,035 - Lacali - MAATC,336575,3.00,3.00,0.00,OK
035,035 - Lacali - MAATC,336576,2.00,2.00,0.00,OK
035,035 - Lacali - MAATC,336577,1.00,1.00,0.00,OK
035,035 - Lacali - MAATC,336578,1.00,1.00,0.00,OK
035,035 - Lacali - MAATC,336579,1.00,1.00,0.00,OK
035,035 - Lacali - MAATC,336580,2.00,2.00,0.00,OK
035,035 - Lacali - MAATC,336581,3.00,3.00,0.00,OK
035,035 - Lacali - MAATC,336582,2.00,2.00,0.00,OK
035,035 - Lacali - MAATC,336583,1.00,1.00,0.00,OK
035,035 - Lacali - MAATC,336584,1.00,1.00,0.00,OK
035,035 - Lacali - MAATC,336585,1.00,1.00,0.00,OK
035,035 - Lacali - MAATC,336586,2.00,2.00,0.00,OK
035,035 - Lacali - MAATC,336587,3.00,3.00,0.00,OK
035,035 - Lacali - MAATC,336588,2.00,2.00,0.00,OK
035,035 - Lacali - MAATC,336589,1.00,1.00,0.00,OK
035,035 - Lacali - MAATC,336590,1.00,1.00,0.00,OK
035,035 - Lacali - MAATC,336591,1.00,1.00,0.00,OK
035,035 - Lacali - MAATC,336592,2.00,2.00,0.00,OK
035,035 - Lacali - MAATC,336593,3.00,3.00,0.00,OK
035,035 - Lacali - MAATC,336594,3.00,3.00,0.00,OK
035,035 - Lacali - MAATC,336595,2.00,2.00,0.00,OK
035,035 - Lacali - MAATC,336596,1.00,1.00,0.00,OK
035,035 - Lacali - MAATC,336597,1.00,1.00,0.00,OK
035,035 - Lacali - MAATC,336598,1.00,1.00,0.00,OK
035,035 - Lacali - MAATC,336599,3.00,3.00,0.00,OK
035,035 - Lacali - MAATC,336600,3.00,3.00,0.00,OK
035,035 - Lacali - MAATC,336601,2.00,2.00,0.00,OK
035,035 - Lacali - MAATC,336602,1.00,1.00,0.00,OK
035,035 - Lacali - MAATC,336603,1.00,1.00,0.00,OK
035,035 - Lacali - MAATC,336604,1.00,1.00,0.00,OK
035,035 - Lacali - MAATC,336605,2.00,2.00,0.00,OK
035,035 - Lacali - MAATC,336606,3.00,3.00,0.00,OK
035,035 - Lacali - MAATC,336607,3.00,3.00,0.00,OK
035,035 - Lacali - MAATC,336608,2.00,2.00,0.00,OK
035,035 - Lacali - MAATC,336609,1.00,1.00,0.00,OK
035,035 - Lacali - MAATC,336610,1.00,1.00,0.00,OK
035,035 - Lacali - MAATC,336611,2.00,2.00,0.00,OK
035,035 - Lacali - MAATC,336612,3.00,3.00,0.00,OK
035,035 - Lacali - MAATC,336613,3.00,3.00,0.00,OK
035,035 - Lacali - MAATC,336614,2.00,2.00,0.00,OK
035,035 - Lacali - MAATC,336615,1.00,1.00,0.00,OK
035,035 - Lacali - MAATC,336616,1.00,1.00,0.00,OK
035,035 - Lacali - MAATC,336617,1.00,1.00,0.00,OK
035,035 - Lacali - MAATC,336618,3.00,3.00,0.00,OK
035,035 - Lacali - MAATC,336619,3.00,3.00,0.00,OK
035,035 - Lacali - MAATC,336620,2.00,2.00,0.00,OK
035,035 - Lacali - MAATC,336621,1.00,1.00,0.00,OK
035,035 - Lacali - MAATC,336622,1.00,1.00,0.00,OK
035,035 - Lacali - MAATC,336623,1.00,1.00,0.00,OK
035,035 - Lacali - MAATC,336624,1.00,1.00,0.00,OK
035,035 - Lacali - MAATC,336625,3.00,3.00,0.00,OK
035,035 - Lacali - MAATC,336626,3.00,3.00,0.00,OK
035,035 - Lacali - MAATC,336627,2.00,2.00,0.00,OK
035,035 - Lacali - MAATC,336628,1.00,1.00,0.00,OK
035,035 - Lacali - MAATC,336629,1.00,1.00,0.00,OK
035,035 - Lacali - MAATC,336630,1.00,1.00,0.00,OK
035,035 - Lacali - MAATC,336631,2.00,2.00,0.00,OK
035,035 - Lacali - MAATC,336632,3.00,3.00,0.00,OK
035,035 - Lacali - MAATC,336633,3.00,3.00,0.00,OK
035,035 - Lacali - MAATC,336634,3.00,3.00,0.00,OK
035,035 - Lacali - MAATC,336635,1.00,1.00,0.00,OK
035,035 - Lacali - MAATC,336636,2.00,2.00,0.00,OK
035,035 - Lacali - MAATC,336637,3.00,3.00,0.00,OK
035,035 - Lacali - MAATC,336638,3.00,3.00,0.00,OK
035,035 - Lacali - MAATC,336639,3.00,3.00,0.00,OK
035,035 - Lacali - MAATC,336640,1.00,1.00,0.00,OK
035,035 - Lacali - MAATC,336641,2.00,2.00,0.00,OK
035,035 - Lacali - MAATC,336642,3.00,3.00,0.00,OK
035,035 - Lacali - MAATC,336643,3.00,3.00,0.00,OK
035,035 - Lacali - MAATC,336644,3.00,3.00,0.00,OK
035,035 - Lacali - MAATC,336645,1.00,1.00,0.00,OK
035,035 - Lacali - MAATC,336646,2.00,2.00,0.00,OK
035,035 - Lacali - MAATC,336647,3.00,3.00,0.00,OK
035,035 - Lacali - MAATC,336648,3.00,3.00,0.00,OK
035,035 - Lacali - MAATC,336649,3.00,3.00,0.00,OK
035,035 - Lacali - MAATC,336650,1.00,1.00,0.00,OK
035,035 - Lacali - MAATC,336651,2.00,2.00,0.00,OK
035,035 - Lacali - MAATC,336652,3.00,3.00,0.00,OK
035,035 - Lacali - MAATC,336653,3.00,3.00,0.00,OK
035,035 - Lacali - MAATC,336654,2.00,2.00,0.00,OK
035,035 - Lacali - MAATC,336655,1.00,1.00,0.00,OK
035,035 - Lacali - MAATC,336656,1.00,1.00,0.00,OK
035,035 - Lacali - MAATC,336657,2.00,2.00,0.00,OK
035,035 - Lacali - MAATC,336658,3.00,3.00,0.00,OK
035,035 - Lacali - MAATC,336659,3.00,3.00,0.00,OK
035,035 - Lacali - MAATC,336660,3.00,3.00,0.00,OK
035,035 - Lacali - MAATC,336661,1.00,1.00,0.00,OK
035,035 - Lacali - MAATC,336662,2.00,2.00,0.00,OK
035,035 - Lacali - MAATC,336663,3.00,3.00,0.00,OK
035,035 - Lacali - MAATC,336664,3.00,3.00,0.00,OK
035,035 - Lacali - MAATC,336665,3.00,3.00,0.00,OK
035,035 - Lacali - MAATC,336666,1.00,1.00,0.00,OK
035,035 - Lacali - MAATC,336667,2.00,2.00,0.00,OK
035,035 - Lacali - MAATC,336668,3.00,3.00,0.00,OK
035,035 - Lacali - MAATC,336669,3.00,3.00,0.00,OK
035,035 - Lacali - MAATC,336670,3.00,3.00,0.00,OK
035,035 - Lacali - MAATC,336671,1.00,1.00,0.00,OK
035,035 - Lacali - MAATC,336672,2.00,2.00,0.00,OK
035,035 - Lacali - MAATC,336673,3.00,3.00,0.00,OK
035,035 - Lacali - MAATC,336674,3.00,3.00,0.00,OK
035,035 - Lacali - MAATC,336675,3.00,3.00,0.00,OK
035,035 - Lacali - MAATC,336676,2.00,2.00,0.00,OK
035,035 - Lacali - MAATC,336677,3.00,3.00,0.00,OK
035,035 - Lacali - MAATC,336678,3.00,3.00,0.00,OK
035,035 - Lacali - MAATC,336679,3.00,3.00,0.00,OK
035,035 - Lacali - MAATC,336681,2.00,2.00,0.00,OK
035,035 - Lacali - MAATC,336682,3.00,3.00,0.00,OK
035,035 - Lacali - MAATC,336683,3.00,3.00,0.00,OK
035,035 - Lacali - MAATC,336684,3.00,3.00,0.00,OK
035,035 - Lacali - MAATC,336686,1.00,1.00,0.00,OK
035,035 - Lacali - MAATC,336687,2.00,2.00,0.00,OK
035,035 - Lacali - MAATC,336688,3.00,3.00,0.00,OK
035,035 - Lacali - MAATC,336689,3.00,3.00,0.00,OK
035,035 - Lacali - MAATC,336690,1.00,1.00,0.00,OK
035,035 - Lacali - MAATC,336691,1.00,1.00,0.00,OK
035,035 - Lacali - MAATC,336692,2.00,2.00,0.00,OK
035,035 - Lacali - MAATC,336693,3.00,3.00,0.00,OK
035,035 - Lacali - MAATC,336694,3.00,3.00,0.00,OK
035,035 - Lacali - MAATC,336695,3.00,3.00,0.00,OK
035,035 - Lacali - MAATC,336697,2.00,2.00,0.00,OK
035,035 - Lacali - MAATC,336698,3.00,3.00,0.00,OK
035,035 - Lacali - MAATC,336699,3.00,3.00,0.00,OK
035,035 - Lacali - MAATC,336700,3.00,3.00,0.00,OK
035,035 - Lacali - MAATC,336702,1.00,1.00,0.00,OK
035,035 - Lacali - MAATC,336703,2.00,2.00,0.00,OK
035,035 - Lacali - MAATC,336704,3.00,3.00,0.00,OK
035,035 - Lacali - MAATC,336705,3.00,3.00,0.00,OK
035,035 - Lacali - MAATC,336706,1.00,1.00,0.00,OK
035,035 - Lacali - MAATC,336707,1.00,1.00,0.00,OK
035,035 - Lacali - MAATC,336708,2.00,2.00,0.00,OK
035,035 - Lacali - MAATC,336709,3.00,3.00,0.00,OK
035,035 - Lacali - MAATC,336710,3.00,3.00,0.00,OK
035,035 - Lacali - MAATC,336711,3.00,3.00,0.00,OK
035,035 - Lacali - MAATC,336713,2.00,2.00,0.00,OK
035,035 - Lacali - MAATC,336714,3.00,3.00,0.00,OK
035,035 - Lacali - MAATC,336715,3.00,3.00,0.00,OK
035,035 - Lacali - MAATC,336716,3.00,3.00,0.00,OK
035,035 - Lacali - MAATC,336805,2.00,2.00,0.00,OK
036,036 - Lacaly Dareen Mall - MAATC,336007,3.00,3.00,0.00,OK
036,036 - Lacaly Dareen Mall - MAATC,336008,3.00,3.00,0.00,OK
036,036 - Lacaly Dareen Mall - MAATC,336009,2.00,2.00,0.00,OK
036,036 - Lacaly Dareen Mall - MAATC,336010,1.00,1.00,0.00,OK
036,036 - Lacaly Dareen Mall - MAATC,336011,1.00,1.00,0.00,OK
036,036 - Lacaly Dareen Mall - MAATC,336013,3.00,3.00,0.00,OK
036,036 - Lacaly Dareen Mall - MAATC,336014,3.00,3.00,0.00,OK
036,036 - Lacaly Dareen Mall - MAATC,336015,2.00,2.00,0.00,OK
036,036 - Lacaly Dareen Mall - MAATC,336016,1.00,1.00,0.00,OK
036,036 - Lacaly Dareen Mall - MAATC,336017,1.00,1.00,0.00,OK
036,036 - Lacaly Dareen Mall - MAATC,336018,1.00,1.00,0.00,OK
036,036 - Lacaly Dareen Mall - MAATC,336019,2.00,2.00,0.00,OK
036,036 - Lacaly Dareen Mall - MAATC,336020,3.00,3.00,0.00,OK
036,036 - Lacaly Dareen Mall - MAATC,336021,3.00,3.00,0.00,OK
036,036 - Lacaly Dareen Mall - MAATC,336022,3.00,3.00,0.00,OK
036,036 - Lacaly Dareen Mall - MAATC,336023,1.00,1.00,0.00,OK
036,036 - Lacaly Dareen Mall - MAATC,336024,2.00,2.00,0.00,OK
036,036 - Lacaly Dareen Mall - MAATC,336025,3.00,3.00,0.00,OK
036,036 - Lacaly Dareen Mall - MAATC,336026,3.00,3.00,0.00,OK
036,036 - Lacaly Dareen Mall - MAATC,336027,3.00,3.00,0.00,OK
036,036 - Lacaly Dareen Mall - MAATC,336028,1.00,1.00,0.00,OK
036,036 - Lacaly Dareen Mall - MAATC,336029,2.00,2.00,0.00,OK
036,036 - Lacaly Dareen Mall - MAATC,336030,3.00,3.00,0.00,OK
036,036 - Lacaly Dareen Mall - MAATC,336031,3.00,3.00,0.00,OK
036,036 - Lacaly Dareen Mall - MAATC,336032,3.00,3.00,0.00,OK
036,036 - Lacaly Dareen Mall - MAATC,336033,3.00,3.00,0.00,OK
036,036 - Lacaly Dareen Mall - MAATC,336034,3.00,3.00,0.00,OK
036,036 - Lacaly Dareen Mall - MAATC,336035,6.00,6.00,0.00,OK
036,036 - Lacaly Dareen Mall - MAATC,336038,6.00,6.00,0.00,OK
036,036 - Lacaly Dareen Mall - MAATC,336039,6.00,6.00,0.00,OK
036,036 - Lacaly Dareen Mall - MAATC,336040,6.00,6.00,0.00,OK
036,036 - Lacaly Dareen Mall - MAATC,336041,6.00,6.00,0.00,OK
036,036 - Lacaly Dareen Mall - MAATC,336044,6.00,6.00,0.00,OK
036,036 - Lacaly Dareen Mall - MAATC,336045,6.00,6.00,0.00,OK
036,036 - Lacaly Dareen Mall - MAATC,336046,6.00,6.00,0.00,OK
036,036 - Lacaly Dareen Mall - MAATC,336047,6.00,6.00,0.00,OK
036,036 - Lacaly Dareen Mall - MAATC,336048,9.00,9.00,0.00,OK
036,036 - Lacaly Dareen Mall - MAATC,336049,9.00,9.00,0.00,OK
036,036 - Lacaly Dareen Mall - MAATC,336051,9.00,9.00,0.00,OK
036,036 - Lacaly Dareen Mall - MAATC,336052,9.00,9.00,0.00,OK
036,036 - Lacaly Dareen Mall - MAATC,336055,9.00,9.00,0.00,OK
036,036 - Lacaly Dareen Mall - MAATC,336057,4.00,4.00,0.00,OK
036,036 - Lacaly Dareen Mall - MAATC,336058,8.00,8.00,0.00,OK
036,036 - Lacaly Dareen Mall - MAATC,336059,4.00,4.00,0.00,OK
036,036 - Lacaly Dareen Mall - MAATC,336060,4.00,4.00,0.00,OK
036,036 - Lacaly Dareen Mall - MAATC,336061,8.00,8.00,0.00,OK
036,036 - Lacaly Dareen Mall - MAATC,336062,4.00,4.00,0.00,OK
036,036 - Lacaly Dareen Mall - MAATC,336063,4.00,4.00,0.00,OK
036,036 - Lacaly Dareen Mall - MAATC,336065,4.00,4.00,0.00,OK
036,036 - Lacaly Dareen Mall - MAATC,336066,4.00,4.00,0.00,OK
036,036 - Lacaly Dareen Mall - MAATC,336067,8.00,8.00,0.00,OK
036,036 - Lacaly Dareen Mall - MAATC,336068,4.00,4.00,0.00,OK
036,036 - Lacaly Dareen Mall - MAATC,336069,4.00,4.00,0.00,OK
036,036 - Lacaly Dareen Mall - MAATC,336070,8.00,8.00,0.00,OK
036,036 - Lacaly Dareen Mall - MAATC,336071,4.00,4.00,0.00,OK
036,036 - Lacaly Dareen Mall - MAATC,336072,4.00,4.00,0.00,OK
036,036 - Lacaly Dareen Mall - MAATC,336073,8.00,8.00,0.00,OK
036,036 - Lacaly Dareen Mall - MAATC,336074,4.00,4.00,0.00,OK
036,036 - Lacaly Dareen Mall - MAATC,336075,1.00,1.00,0.00,OK
036,036 - Lacaly Dareen Mall - MAATC,336076,2.00,2.00,0.00,OK
036,036 - Lacaly Dareen Mall - MAATC,336078,3.00,3.00,0.00,OK
036,036 - Lacaly Dareen Mall - MAATC,336079,2.00,2.00,0.00,OK
036,036 - Lacaly Dareen Mall - MAATC,336080,1.00,1.00,0.00,OK
036,036 - Lacaly Dareen Mall - MAATC,336081,1.00,1.00,0.00,OK
036,036 - Lacaly Dareen Mall - MAATC,336082,2.00,2.00,0.00,OK
036,036 - Lacaly Dareen Mall - MAATC,336083,3.00,3.00,0.00,OK
036,036 - Lacaly Dareen Mall - MAATC,336084,2.00,2.00,0.00,OK
036,036 - Lacaly Dareen Mall - MAATC,336085,1.00,1.00,0.00,OK
036,036 - Lacaly Dareen Mall - MAATC,336086,1.00,1.00,0.00,OK
036,036 - Lacaly Dareen Mall - MAATC,336087,1.00,1.00,0.00,OK
036,036 - Lacaly Dareen Mall - MAATC,336088,2.00,2.00,0.00,OK
036,036 - Lacaly Dareen Mall - MAATC,336089,3.00,3.00,0.00,OK
036,036 - Lacaly Dareen Mall - MAATC,336090,2.00,2.00,0.00,OK
036,036 - Lacaly Dareen Mall - MAATC,336091,1.00,1.00,0.00,OK
036,036 - Lacaly Dareen Mall - MAATC,336092,1.00,1.00,0.00,OK
036,036 - Lacaly Dareen Mall - MAATC,336093,1.00,1.00,0.00,OK
036,036 - Lacaly Dareen Mall - MAATC,336094,2.00,2.00,0.00,OK
036,036 - Lacaly Dareen Mall - MAATC,336095,3.00,3.00,0.00,OK
036,036 - Lacaly Dareen Mall - MAATC,336096,2.00,2.00,0.00,OK
036,036 - Lacaly Dareen Mall - MAATC,336097,1.00,1.00,0.00,OK
036,036 - Lacaly Dareen Mall - MAATC,336098,1.00,1.00,0.00,OK
036,036 - Lacaly Dareen Mall - MAATC,336099,1.00,1.00,0.00,OK
036,036 - Lacaly Dareen Mall - MAATC,336100,2.00,2.00,0.00,OK
036,036 - Lacaly Dareen Mall - MAATC,336102,2.00,2.00,0.00,OK
036,036 - Lacaly Dareen Mall - MAATC,336103,1.00,1.00,0.00,OK
036,036 - Lacaly Dareen Mall - MAATC,336104,1.00,1.00,0.00,OK
036,036 - Lacaly Dareen Mall - MAATC,336105,1.00,1.00,0.00,OK
036,036 - Lacaly Dareen Mall - MAATC,336106,2.00,2.00,0.00,OK
036,036 - Lacaly Dareen Mall - MAATC,336107,2.00,2.00,0.00,OK
036,036 - Lacaly Dareen Mall - MAATC,336108,2.00,2.00,0.00,OK
036,036 - Lacaly Dareen Mall - MAATC,336110,1.00,1.00,0.00,OK
036,036 - Lacaly Dareen Mall - MAATC,336111,1.00,1.00,0.00,OK
036,036 - Lacaly Dareen Mall - MAATC,336112,2.00,2.00,0.00,OK
036,036 - Lacaly Dareen Mall - MAATC,336113,3.00,3.00,0.00,OK
036,036 - Lacaly Dareen Mall - MAATC,336114,2.00,2.00,0.00,OK
036,036 - Lacaly Dareen Mall - MAATC,336116,1.00,1.00,0.00,OK
036,036 - Lacaly Dareen Mall - MAATC,336117,1.00,1.00,0.00,OK
036,036 - Lacaly Dareen Mall - MAATC,336119,3.00,3.00,0.00,OK
036,036 - Lacaly Dareen Mall - MAATC,336120,2.00,2.00,0.00,OK
036,036 - Lacaly Dareen Mall - MAATC,336121,1.00,1.00,0.00,OK
036,036 - Lacaly Dareen Mall - MAATC,336122,1.00,1.00,0.00,OK
036,036 - Lacaly Dareen Mall - MAATC,336123,1.00,1.00,0.00,OK
036,036 - Lacaly Dareen Mall - MAATC,336124,2.00,2.00,0.00,OK
036,036 - Lacaly Dareen Mall - MAATC,336125,3.00,3.00,0.00,OK
036,036 - Lacaly Dareen Mall - MAATC,336126,2.00,2.00,0.00,OK
036,036 - Lacaly Dareen Mall - MAATC,336127,1.00,1.00,0.00,OK
036,036 - Lacaly Dareen Mall - MAATC,336128,1.00,1.00,0.00,OK
036,036 - Lacaly Dareen Mall - MAATC,336129,1.00,1.00,0.00,OK
036,036 - Lacaly Dareen Mall - MAATC,336130,2.00,2.00,0.00,OK
036,036 - Lacaly Dareen Mall - MAATC,336132,2.00,2.00,0.00,OK
036,036 - Lacaly Dareen Mall - MAATC,336133,1.00,1.00,0.00,OK
036,036 - Lacaly Dareen Mall - MAATC,336134,1.00,1.00,0.00,OK
036,036 - Lacaly Dareen Mall - MAATC,336135,1.00,1.00,0.00,OK
036,036 - Lacaly Dareen Mall - MAATC,336136,2.00,2.00,0.00,OK
036,036 - Lacaly Dareen Mall - MAATC,336137,3.00,3.00,0.00,OK
036,036 - Lacaly Dareen Mall - MAATC,336138,2.00,2.00,0.00,OK
036,036 - Lacaly Dareen Mall - MAATC,336140,1.00,1.00,0.00,OK
036,036 - Lacaly Dareen Mall - MAATC,336141,1.00,1.00,0.00,OK
036,036 - Lacaly Dareen Mall - MAATC,336142,2.00,2.00,0.00,OK
036,036 - Lacaly Dareen Mall - MAATC,336144,2.00,2.00,0.00,OK
036,036 - Lacaly Dareen Mall - MAATC,336147,1.00,1.00,0.00,OK
036,036 - Lacaly Dareen Mall - MAATC,336148,2.00,2.00,0.00,OK
036,036 - Lacaly Dareen Mall - MAATC,336149,3.00,3.00,0.00,OK
036,036 - Lacaly Dareen Mall - MAATC,336150,2.00,2.00,0.00,OK
036,036 - Lacaly Dareen Mall - MAATC,336151,1.00,1.00,0.00,OK
036,036 - Lacaly Dareen Mall - MAATC,336152,1.00,1.00,0.00,OK
036,036 - Lacaly Dareen Mall - MAATC,336153,1.00,1.00,0.00,OK
036,036 - Lacaly Dareen Mall - MAATC,336154,2.00,2.00,0.00,OK
036,036 - Lacaly Dareen Mall - MAATC,336155,3.00,3.00,0.00,OK
036,036 - Lacaly Dareen Mall - MAATC,336156,2.00,2.00,0.00,OK
036,036 - Lacaly Dareen Mall - MAATC,336157,1.00,1.00,0.00,OK
036,036 - Lacaly Dareen Mall - MAATC,336158,1.00,1.00,0.00,OK
036,036 - Lacaly Dareen Mall - MAATC,336159,1.00,1.00,0.00,OK
036,036 - Lacaly Dareen Mall - MAATC,336160,2.00,2.00,0.00,OK
036,036 - Lacaly Dareen Mall - MAATC,336161,3.00,3.00,0.00,OK
036,036 - Lacaly Dareen Mall - MAATC,336162,2.00,2.00,0.00,OK
036,036 - Lacaly Dareen Mall - MAATC,336163,1.00,1.00,0.00,OK
036,036 - Lacaly Dareen Mall - MAATC,336164,1.00,1.00,0.00,OK
036,036 - Lacaly Dareen Mall - MAATC,336166,2.00,2.00,0.00,OK
036,036 - Lacaly Dareen Mall - MAATC,336169,1.00,1.00,0.00,OK
036,036 - Lacaly Dareen Mall - MAATC,336170,1.00,1.00,0.00,OK
036,036 - Lacaly Dareen Mall - MAATC,336171,1.00,1.00,0.00,OK
036,036 - Lacaly Dareen Mall - MAATC,336173,3.00,3.00,0.00,OK
036,036 - Lacaly Dareen Mall - MAATC,336174,2.00,2.00,0.00,OK
036,036 - Lacaly Dareen Mall - MAATC,336175,1.00,1.00,0.00,OK
036,036 - Lacaly Dareen Mall - MAATC,336176,1.00,1.00,0.00,OK
036,036 - Lacaly Dareen Mall - MAATC,336177,1.00,1.00,0.00,OK
036,036 - Lacaly Dareen Mall - MAATC,336178,2.00,2.00,0.00,OK
036,036 - Lacaly Dareen Mall - MAATC,336179,3.00,3.00,0.00,OK
036,036 - Lacaly Dareen Mall - MAATC,336180,2.00,2.00,0.00,OK
036,036 - Lacaly Dareen Mall - MAATC,336181,1.00,1.00,0.00,OK
036,036 - Lacaly Dareen Mall - MAATC,336182,1.00,1.00,0.00,OK
036,036 - Lacaly Dareen Mall - MAATC,336183,1.00,1.00,0.00,OK
036,036 - Lacaly Dareen Mall - MAATC,336184,2.00,2.00,0.00,OK
036,036 - Lacaly Dareen Mall - MAATC,336185,3.00,3.00,0.00,OK
036,036 - Lacaly Dareen Mall - MAATC,336186,2.00,2.00,0.00,OK
036,036 - Lacaly Dareen Mall - MAATC,336187,1.00,1.00,0.00,OK
036,036 - Lacaly Dareen Mall - MAATC,336188,1.00,1.00,0.00,OK
036,036 - Lacaly Dareen Mall - MAATC,336189,1.00,1.00,0.00,OK
036,036 - Lacaly Dareen Mall - MAATC,336190,2.00,2.00,0.00,OK
036,036 - Lacaly Dareen Mall - MAATC,336191,3.00,3.00,0.00,OK
036,036 - Lacaly Dareen Mall - MAATC,336192,2.00,2.00,0.00,OK
036,036 - Lacaly Dareen Mall - MAATC,336193,1.00,1.00,0.00,OK
036,036 - Lacaly Dareen Mall - MAATC,336194,1.00,1.00,0.00,OK
036,036 - Lacaly Dareen Mall - MAATC,336195,1.00,1.00,0.00,OK
036,036 - Lacaly Dareen Mall - MAATC,336196,2.00,2.00,0.00,OK
036,036 - Lacaly Dareen Mall - MAATC,336197,3.00,3.00,0.00,OK
036,036 - Lacaly Dareen Mall - MAATC,336198,2.00,2.00,0.00,OK
036,036 - Lacaly Dareen Mall - MAATC,336199,1.00,1.00,0.00,OK
036,036 - Lacaly Dareen Mall - MAATC,336200,1.00,1.00,0.00,OK
036,036 - Lacaly Dareen Mall - MAATC,336201,1.00,1.00,0.00,OK
036,036 - Lacaly Dareen Mall - MAATC,336202,2.00,2.00,0.00,OK
036,036 - Lacaly Dareen Mall - MAATC,336203,3.00,3.00,0.00,OK
036,036 - Lacaly Dareen Mall - MAATC,336205,1.00,1.00,0.00,OK
036,036 - Lacaly Dareen Mall - MAATC,336206,1.00,1.00,0.00,OK
036,036 - Lacaly Dareen Mall - MAATC,336207,1.00,1.00,0.00,OK
036,036 - Lacaly Dareen Mall - MAATC,336208,2.00,2.00,0.00,OK
036,036 - Lacaly Dareen Mall - MAATC,336209,3.00,3.00,0.00,OK
036,036 - Lacaly Dareen Mall - MAATC,336210,2.00,2.00,0.00,OK
036,036 - Lacaly Dareen Mall - MAATC,336211,1.00,1.00,0.00,OK
036,036 - Lacaly Dareen Mall - MAATC,336212,1.00,1.00,0.00,OK
036,036 - Lacaly Dareen Mall - MAATC,336213,1.00,1.00,0.00,OK
036,036 - Lacaly Dareen Mall - MAATC,336214,2.00,2.00,0.00,OK
036,036 - Lacaly Dareen Mall - MAATC,336215,3.00,3.00,0.00,OK
036,036 - Lacaly Dareen Mall - MAATC,336216,2.00,2.00,0.00,OK
036,036 - Lacaly Dareen Mall - MAATC,336217,1.00,1.00,0.00,OK
036,036 - Lacaly Dareen Mall - MAATC,336218,1.00,1.00,0.00,OK
036,036 - Lacaly Dareen Mall - MAATC,336219,1.00,1.00,0.00,OK
036,036 - Lacaly Dareen Mall - MAATC,336220,2.00,2.00,0.00,OK
036,036 - Lacaly Dareen Mall - MAATC,336221,3.00,3.00,0.00,OK
036,036 - Lacaly Dareen Mall - MAATC,336222,2.00,2.00,0.00,OK
036,036 - Lacaly Dareen Mall - MAATC,336223,1.00,1.00,0.00,OK
036,036 - Lacaly Dareen Mall - MAATC,336224,1.00,1.00,0.00,OK
036,036 - Lacaly Dareen Mall - MAATC,336225,1.00,1.00,0.00,OK
036,036 - Lacaly Dareen Mall - MAATC,336226,2.00,2.00,0.00,OK
036,036 - Lacaly Dareen Mall - MAATC,336227,3.00,3.00,0.00,OK
036,036 - Lacaly Dareen Mall - MAATC,336228,2.00,2.00,0.00,OK
036,036 - Lacaly Dareen Mall - MAATC,336229,1.00,1.00,0.00,OK
036,036 - Lacaly Dareen Mall - MAATC,336230,1.00,1.00,0.00,OK
036,036 - Lacaly Dareen Mall - MAATC,336231,1.00,1.00,0.00,OK
036,036 - Lacaly Dareen Mall - MAATC,336232,2.00,2.00,0.00,OK
036,036 - Lacaly Dareen Mall - MAATC,336233,3.00,3.00,0.00,OK
036,036 - Lacaly Dareen Mall - MAATC,336234,2.00,2.00,0.00,OK
036,036 - Lacaly Dareen Mall - MAATC,336235,1.00,1.00,0.00,OK
036,036 - Lacaly Dareen Mall - MAATC,336236,1.00,1.00,0.00,OK
036,036 - Lacaly Dareen Mall - MAATC,336239,3.00,3.00,0.00,OK
036,036 - Lacaly Dareen Mall - MAATC,336240,2.00,2.00,0.00,OK
036,036 - Lacaly Dareen Mall - MAATC,336241,1.00,1.00,0.00,OK
036,036 - Lacaly Dareen Mall - MAATC,336242,1.00,1.00,0.00,OK
036,036 - Lacaly Dareen Mall - MAATC,336243,1.00,1.00,0.00,OK
036,036 - Lacaly Dareen Mall - MAATC,336244,2.00,2.00,0.00,OK
036,036 - Lacaly Dareen Mall - MAATC,336245,3.00,3.00,0.00,OK
036,036 - Lacaly Dareen Mall - MAATC,336246,2.00,2.00,0.00,OK
036,036 - Lacaly Dareen Mall - MAATC,336247,1.00,1.00,0.00,OK
036,036 - Lacaly Dareen Mall - MAATC,336251,3.00,3.00,0.00,OK
036,036 - Lacaly Dareen Mall - MAATC,336252,2.00,2.00,0.00,OK
036,036 - Lacaly Dareen Mall - MAATC,336253,1.00,1.00,0.00,OK
036,036 - Lacaly Dareen Mall - MAATC,336254,1.00,1.00,0.00,OK
036,036 - Lacaly Dareen Mall - MAATC,336255,1.00,1.00,0.00,OK
036,036 - Lacaly Dareen Mall - MAATC,336256,2.00,2.00,0.00,OK
036,036 - Lacaly Dareen Mall - MAATC,336258,2.00,2.00,0.00,OK
036,036 - Lacaly Dareen Mall - MAATC,336259,1.00,1.00,0.00,OK
036,036 - Lacaly Dareen Mall - MAATC,336260,1.00,1.00,0.00,OK
036,036 - Lacaly Dareen Mall - MAATC,336261,1.00,1.00,0.00,OK
036,036 - Lacaly Dareen Mall - MAATC,336262,2.00,2.00,0.00,OK
036,036 - Lacaly Dareen Mall - MAATC,336263,3.00,3.00,0.00,OK
036,036 - Lacaly Dareen Mall - MAATC,336264,2.00,2.00,0.00,OK
036,036 - Lacaly Dareen Mall - MAATC,336265,1.00,1.00,0.00,OK
036,036 - Lacaly Dareen Mall - MAATC,336266,1.00,1.00,0.00,OK
036,036 - Lacaly Dareen Mall - MAATC,336267,1.00,1.00,0.00,OK
036,036 - Lacaly Dareen Mall - MAATC,336269,3.00,3.00,0.00,OK
036,036 - Lacaly Dareen Mall - MAATC,336270,2.00,2.00,0.00,OK
036,036 - Lacaly Dareen Mall - MAATC,336271,1.00,1.00,0.00,OK
036,036 - Lacaly Dareen Mall - MAATC,336272,1.00,1.00,0.00,OK
036,036 - Lacaly Dareen Mall - MAATC,336273,1.00,1.00,0.00,OK
036,036 - Lacaly Dareen Mall - MAATC,336274,2.00,2.00,0.00,OK
036,036 - Lacaly Dareen Mall - MAATC,336275,3.00,3.00,0.00,OK
036,036 - Lacaly Dareen Mall - MAATC,336276,2.00,2.00,0.00,OK
036,036 - Lacaly Dareen Mall - MAATC,336277,1.00,1.00,0.00,OK
036,036 - Lacaly Dareen Mall - MAATC,336278,1.00,1.00,0.00,OK
036,036 - Lacaly Dareen Mall - MAATC,336279,1.00,1.00,0.00,OK
036,036 - Lacaly Dareen Mall - MAATC,336280,2.00,2.00,0.00,OK
036,036 - Lacaly Dareen Mall - MAATC,336281,3.00,3.00,0.00,OK
036,036 - Lacaly Dareen Mall - MAATC,336282,2.00,2.00,0.00,OK
036,036 - Lacaly Dareen Mall - MAATC,336283,1.00,1.00,0.00,OK
036,036 - Lacaly Dareen Mall - MAATC,336284,1.00,1.00,0.00,OK
036,036 - Lacaly Dareen Mall - MAATC,336285,1.00,1.00,0.00,OK
036,036 - Lacaly Dareen Mall - MAATC,336286,2.00,2.00,0.00,OK
036,036 - Lacaly Dareen Mall - MAATC,336287,3.00,3.00,0.00,OK
036,036 - Lacaly Dareen Mall - MAATC,336288,2.00,2.00,0.00,OK
036,036 - Lacaly Dareen Mall - MAATC,336289,1.00,1.00,0.00,OK
036,036 - Lacaly Dareen Mall - MAATC,336290,1.00,1.00,0.00,OK
036,036 - Lacaly Dareen Mall - MAATC,336291,1.00,1.00,0.00,OK
036,036 - Lacaly Dareen Mall - MAATC,336292,2.00,2.00,0.00,OK
036,036 - Lacaly Dareen Mall - MAATC,336293,3.00,3.00,0.00,OK
036,036 - Lacaly Dareen Mall - MAATC,336294,2.00,2.00,0.00,OK
036,036 - Lacaly Dareen Mall - MAATC,336295,1.00,1.00,0.00,OK
036,036 - Lacaly Dareen Mall - MAATC,336296,1.00,1.00,0.00,OK
036,036 - Lacaly Dareen Mall - MAATC,336297,1.00,1.00,0.00,OK
036,036 - Lacaly Dareen Mall - MAATC,336298,2.00,2.00,0.00,OK
036,036 - Lacaly Dareen Mall - MAATC,336299,3.00,3.00,0.00,OK
036,036 - Lacaly Dareen Mall - MAATC,336300,2.00,2.00,0.00,OK
036,036 - Lacaly Dareen Mall - MAATC,336301,1.00,1.00,0.00,OK
036,036 - Lacaly Dareen Mall - MAATC,336302,1.00,1.00,0.00,OK
036,036 - Lacaly Dareen Mall - MAATC,336303,1.00,1.00,0.00,OK
036,036 - Lacaly Dareen Mall - MAATC,336304,2.00,2.00,0.00,OK
036,036 - Lacaly Dareen Mall - MAATC,336305,3.00,3.00,0.00,OK
036,036 - Lacaly Dareen Mall - MAATC,336306,2.00,2.00,0.00,OK
036,036 - Lacaly Dareen Mall - MAATC,336307,1.00,1.00,0.00,OK
036,036 - Lacaly Dareen Mall - MAATC,336308,1.00,1.00,0.00,OK
036,036 - Lacaly Dareen Mall - MAATC,336309,1.00,1.00,0.00,OK
036,036 - Lacaly Dareen Mall - MAATC,336310,2.00,2.00,0.00,OK
036,036 - Lacaly Dareen Mall - MAATC,336311,3.00,3.00,0.00,OK
036,036 - Lacaly Dareen Mall - MAATC,336312,2.00,2.00,0.00,OK
036,036 - Lacaly Dareen Mall - MAATC,336313,1.00,1.00,0.00,OK
036,036 - Lacaly Dareen Mall - MAATC,336314,1.00,1.00,0.00,OK
036,036 - Lacaly Dareen Mall - MAATC,336315,1.00,1.00,0.00,OK
036,036 - Lacaly Dareen Mall - MAATC,336316,2.00,2.00,0.00,OK
036,036 - Lacaly Dareen Mall - MAATC,336317,3.00,3.00,0.00,OK
036,036 - Lacaly Dareen Mall - MAATC,336318,2.00,2.00,0.00,OK
036,036 - Lacaly Dareen Mall - MAATC,336319,1.00,1.00,0.00,OK
036,036 - Lacaly Dareen Mall - MAATC,336320,1.00,1.00,0.00,OK
036,036 - Lacaly Dareen Mall - MAATC,336321,1.00,1.00,0.00,OK
036,036 - Lacaly Dareen Mall - MAATC,336322,2.00,2.00,0.00,OK
036,036 - Lacaly Dareen Mall - MAATC,336323,3.00,3.00,0.00,OK
036,036 - Lacaly Dareen Mall - MAATC,336324,2.00,2.00,0.00,OK
036,036 - Lacaly Dareen Mall - MAATC,336325,1.00,1.00,0.00,OK
036,036 - Lacaly Dareen Mall - MAATC,336326,1.00,1.00,0.00,OK
036,036 - Lacaly Dareen Mall - MAATC,336327,1.00,1.00,0.00,OK
036,036 - Lacaly Dareen Mall - MAATC,336328,2.00,2.00,0.00,OK
036,036 - Lacaly Dareen Mall - MAATC,336329,3.00,3.00,0.00,OK
036,036 - Lacaly Dareen Mall - MAATC,336330,2.00,2.00,0.00,OK
036,036 - Lacaly Dareen Mall - MAATC,336331,1.00,1.00,0.00,OK
036,036 - Lacaly Dareen Mall - MAATC,336332,1.00,1.00,0.00,OK
036,036 - Lacaly Dareen Mall - MAATC,336333,1.00,1.00,0.00,OK
036,036 - Lacaly Dareen Mall - MAATC,336334,2.00,2.00,0.00,OK
036,036 - Lacaly Dareen Mall - MAATC,336335,3.00,3.00,0.00,OK
036,036 - Lacaly Dareen Mall - MAATC,336336,2.00,2.00,0.00,OK
036,036 - Lacaly Dareen Mall - MAATC,336337,1.00,1.00,0.00,OK
036,036 - Lacaly Dareen Mall - MAATC,336338,1.00,1.00,0.00,OK
036,036 - Lacaly Dareen Mall - MAATC,336339,1.00,1.00,0.00,OK
036,036 - Lacaly Dareen Mall - MAATC,336340,2.00,2.00,0.00,OK
036,036 - Lacaly Dareen Mall - MAATC,336341,3.00,3.00,0.00,OK
036,036 - Lacaly Dareen Mall - MAATC,336342,2.00,2.00,0.00,OK
036,036 - Lacaly Dareen Mall - MAATC,336343,1.00,1.00,0.00,OK
036,036 - Lacaly Dareen Mall - MAATC,336344,1.00,1.00,0.00,OK
036,036 - Lacaly Dareen Mall - MAATC,336346,2.00,2.00,0.00,OK
036,036 - Lacaly Dareen Mall - MAATC,336349,1.00,1.00,0.00,OK
036,036 - Lacaly Dareen Mall - MAATC,336351,1.00,1.00,0.00,OK
036,036 - Lacaly Dareen Mall - MAATC,336352,2.00,2.00,0.00,OK
036,036 - Lacaly Dareen Mall - MAATC,336353,3.00,3.00,0.00,OK
036,036 - Lacaly Dareen Mall - MAATC,336355,1.00,1.00,0.00,OK
036,036 - Lacaly Dareen Mall - MAATC,336357,1.00,1.00,0.00,OK
036,036 - Lacaly Dareen Mall - MAATC,336358,2.00,2.00,0.00,OK
036,036 - Lacaly Dareen Mall - MAATC,336359,3.00,3.00,0.00,OK
036,036 - Lacaly Dareen Mall - MAATC,336360,2.00,2.00,0.00,OK
036,036 - Lacaly Dareen Mall - MAATC,336361,1.00,1.00,0.00,OK
036,036 - Lacaly Dareen Mall - MAATC,336362,1.00,1.00,0.00,OK
036,036 - Lacaly Dareen Mall - MAATC,336363,1.00,1.00,0.00,OK
036,036 - Lacaly Dareen Mall - MAATC,336364,2.00,2.00,0.00,OK
036,036 - Lacaly Dareen Mall - MAATC,336365,3.00,3.00,0.00,OK
036,036 - Lacaly Dareen Mall - MAATC,336366,2.00,2.00,0.00,OK
036,036 - Lacaly Dareen Mall - MAATC,336367,1.00,1.00,0.00,OK
036,036 - Lacaly Dareen Mall - MAATC,336368,1.00,1.00,0.00,OK
036,036 - Lacaly Dareen Mall - MAATC,336369,1.00,1.00,0.00,OK
036,036 - Lacaly Dareen Mall - MAATC,336370,2.00,2.00,0.00,OK
036,036 - Lacaly Dareen Mall - MAATC,336371,3.00,3.00,0.00,OK
036,036 - Lacaly Dareen Mall - MAATC,336372,2.00,2.00,0.00,OK
036,036 - Lacaly Dareen Mall - MAATC,336373,1.00,1.00,0.00,OK
036,036 - Lacaly Dareen Mall - MAATC,336374,1.00,1.00,0.00,OK
036,036 - Lacaly Dareen Mall - MAATC,336375,1.00,1.00,0.00,OK
036,036 - Lacaly Dareen Mall - MAATC,336376,2.00,2.00,0.00,OK
036,036 - Lacaly Dareen Mall - MAATC,336377,3.00,3.00,0.00,OK
036,036 - Lacaly Dareen Mall - MAATC,336378,2.00,2.00,0.00,OK
036,036 - Lacaly Dareen Mall - MAATC,336379,1.00,1.00,0.00,OK
036,036 - Lacaly Dareen Mall - MAATC,336380,1.00,1.00,0.00,OK
036,036 - Lacaly Dareen Mall - MAATC,336381,1.00,1.00,0.00,OK
036,036 - Lacaly Dareen Mall - MAATC,336382,2.00,2.00,0.00,OK
036,036 - Lacaly Dareen Mall - MAATC,336383,3.00,3.00,0.00,OK
036,036 - Lacaly Dareen Mall - MAATC,336384,2.00,2.00,0.00,OK
036,036 - Lacaly Dareen Mall - MAATC,336385,1.00,1.00,0.00,OK
036,036 - Lacaly Dareen Mall - MAATC,336386,1.00,1.00,0.00,OK
036,036 - Lacaly Dareen Mall - MAATC,336387,1.00,1.00,0.00,OK
036,036 - Lacaly Dareen Mall - MAATC,336388,2.00,2.00,0.00,OK
036,036 - Lacaly Dareen Mall - MAATC,336389,3.00,3.00,0.00,OK
036,036 - Lacaly Dareen Mall - MAATC,336390,2.00,2.00,0.00,OK
036,036 - Lacaly Dareen Mall - MAATC,336391,1.00,1.00,0.00,OK
036,036 - Lacaly Dareen Mall - MAATC,336392,1.00,1.00,0.00,OK
036,036 - Lacaly Dareen Mall - MAATC,336393,1.00,1.00,0.00,OK
036,036 - Lacaly Dareen Mall - MAATC,336394,2.00,2.00,0.00,OK
036,036 - Lacaly Dareen Mall - MAATC,336395,3.00,3.00,0.00,OK
036,036 - Lacaly Dareen Mall - MAATC,336397,1.00,1.00,0.00,OK
036,036 - Lacaly Dareen Mall - MAATC,336398,1.00,1.00,0.00,OK
036,036 - Lacaly Dareen Mall - MAATC,336399,1.00,1.00,0.00,OK
036,036 - Lacaly Dareen Mall - MAATC,336400,2.00,2.00,0.00,OK
036,036 - Lacaly Dareen Mall - MAATC,336401,3.00,3.00,0.00,OK
036,036 - Lacaly Dareen Mall - MAATC,336402,2.00,2.00,0.00,OK
036,036 - Lacaly Dareen Mall - MAATC,336403,1.00,1.00,0.00,OK
036,036 - Lacaly Dareen Mall - MAATC,336404,1.00,1.00,0.00,OK
036,036 - Lacaly Dareen Mall - MAATC,336405,1.00,1.00,0.00,OK
036,036 - Lacaly Dareen Mall - MAATC,336406,2.00,2.00,0.00,OK
036,036 - Lacaly Dareen Mall - MAATC,336407,3.00,3.00,0.00,OK
036,036 - Lacaly Dareen Mall - MAATC,336408,2.00,2.00,0.00,OK
036,036 - Lacaly Dareen Mall - MAATC,336409,1.00,1.00,0.00,OK
036,036 - Lacaly Dareen Mall - MAATC,336410,1.00,1.00,0.00,OK
036,036 - Lacaly Dareen Mall - MAATC,336411,1.00,1.00,0.00,OK
036,036 - Lacaly Dareen Mall - MAATC,336412,2.00,2.00,0.00,OK
036,036 - Lacaly Dareen Mall - MAATC,336413,3.00,3.00,0.00,OK
036,036 - Lacaly Dareen Mall - MAATC,336414,2.00,2.00,0.00,OK
036,036 - Lacaly Dareen Mall - MAATC,336415,1.00,1.00,0.00,OK
036,036 - Lacaly Dareen Mall - MAATC,336416,1.00,1.00,0.00,OK
036,036 - Lacaly Dareen Mall - MAATC,336417,1.00,1.00,0.00,OK
036,036 - Lacaly Dareen Mall - MAATC,336419,3.00,3.00,0.00,OK
036,036 - Lacaly Dareen Mall - MAATC,336421,1.00,1.00,0.00,OK
036,036 - Lacaly Dareen Mall - MAATC,336422,1.00,1.00,0.00,OK
036,036 - Lacaly Dareen Mall - MAATC,336423,1.00,1.00,0.00,OK
036,036 - Lacaly Dareen Mall - MAATC,336425,3.00,3.00,0.00,OK
036,036 - Lacaly Dareen Mall - MAATC,336426,2.00,2.00,0.00,OK
036,036 - Lacaly Dareen Mall - MAATC,336429,1.00,1.00,0.00,OK
036,036 - Lacaly Dareen Mall - MAATC,336431,3.00,3.00,0.00,OK
036,036 - Lacaly Dareen Mall - MAATC,336432,2.00,2.00,0.00,OK
036,036 - Lacaly Dareen Mall - MAATC,336433,1.00,1.00,0.00,OK
036,036 - Lacaly Dareen Mall - MAATC,336434,1.00,1.00,0.00,OK
036,036 - Lacaly Dareen Mall - MAATC,336435,1.00,1.00,0.00,OK
036,036 - Lacaly Dareen Mall - MAATC,336437,3.00,3.00,0.00,OK
036,036 - Lacaly Dareen Mall - MAATC,336438,2.00,2.00,0.00,OK
036,036 - Lacaly Dareen Mall - MAATC,336439,1.00,1.00,0.00,OK
036,036 - Lacaly Dareen Mall - MAATC,336440,1.00,1.00,0.00,OK
036,036 - Lacaly Dareen Mall - MAATC,336441,1.00,1.00,0.00,OK
036,036 - Lacaly Dareen Mall - MAATC,336443,3.00,3.00,0.00,OK
036,036 - Lacaly Dareen Mall - MAATC,336444,2.00,2.00,0.00,OK
036,036 - Lacaly Dareen Mall - MAATC,336445,1.00,1.00,0.00,OK
036,036 - Lacaly Dareen Mall - MAATC,336446,1.00,1.00,0.00,OK
036,036 - Lacaly Dareen Mall - MAATC,336447,1.00,1.00,0.00,OK
036,036 - Lacaly Dareen Mall - MAATC,336449,3.00,3.00,0.00,OK
036,036 - Lacaly Dareen Mall - MAATC,336450,2.00,2.00,0.00,OK
036,036 - Lacaly Dareen Mall - MAATC,336451,1.00,1.00,0.00,OK
036,036 - Lacaly Dareen Mall - MAATC,336452,1.00,1.00,0.00,OK
036,036 - Lacaly Dareen Mall - MAATC,336453,1.00,1.00,0.00,OK
036,036 - Lacaly Dareen Mall - MAATC,336454,2.00,2.00,0.00,OK
036,036 - Lacaly Dareen Mall - MAATC,336455,3.00,3.00,0.00,OK
036,036 - Lacaly Dareen Mall - MAATC,336457,1.00,1.00,0.00,OK
036,036 - Lacaly Dareen Mall - MAATC,336458,1.00,1.00,0.00,OK
036,036 - Lacaly Dareen Mall - MAATC,336459,1.00,1.00,0.00,OK
036,036 - Lacaly Dareen Mall - MAATC,336460,2.00,2.00,0.00,OK
036,036 - Lacaly Dareen Mall - MAATC,336461,3.00,3.00,0.00,OK
036,036 - Lacaly Dareen Mall - MAATC,336462,2.00,2.00,0.00,OK
036,036 - Lacaly Dareen Mall - MAATC,336463,1.00,1.00,0.00,OK
036,036 - Lacaly Dareen Mall - MAATC,336464,1.00,1.00,0.00,OK
036,036 - Lacaly Dareen Mall - MAATC,336465,1.00,1.00,0.00,OK
036,036 - Lacaly Dareen Mall - MAATC,336466,2.00,2.00,0.00,OK
036,036 - Lacaly Dareen Mall - MAATC,336467,3.00,3.00,0.00,OK
036,036 - Lacaly Dareen Mall - MAATC,336468,2.00,2.00,0.00,OK
036,036 - Lacaly Dareen Mall - MAATC,336469,1.00,1.00,0.00,OK
036,036 - Lacaly Dareen Mall - MAATC,336470,1.00,1.00,0.00,OK
036,036 - Lacaly Dareen Mall - MAATC,336471,1.00,1.00,0.00,OK
036,036 - Lacaly Dareen Mall - MAATC,336472,2.00,2.00,0.00,OK
036,036 - Lacaly Dareen Mall - MAATC,336473,3.00,3.00,0.00,OK
036,036 - Lacaly Dareen Mall - MAATC,336474,2.00,2.00,0.00,OK
036,036 - Lacaly Dareen Mall - MAATC,336475,1.00,1.00,0.00,OK
036,036 - Lacaly Dareen Mall - MAATC,336476,1.00,1.00,0.00,OK
036,036 - Lacaly Dareen Mall - MAATC,336477,1.00,1.00,0.00,OK
036,036 - Lacaly Dareen Mall - MAATC,336478,2.00,2.00,0.00,OK
036,036 - Lacaly Dareen Mall - MAATC,336479,3.00,3.00,0.00,OK
036,036 - Lacaly Dareen Mall - MAATC,336480,2.00,2.00,0.00,OK
036,036 - Lacaly Dareen Mall - MAATC,336481,1.00,1.00,0.00,OK
036,036 - Lacaly Dareen Mall - MAATC,336482,1.00,1.00,0.00,OK
036,036 - Lacaly Dareen Mall - MAATC,336483,1.00,1.00,0.00,OK
036,036 - Lacaly Dareen Mall - MAATC,336484,2.00,2.00,0.00,OK
036,036 - Lacaly Dareen Mall - MAATC,336485,3.00,3.00,0.00,OK
036,036 - Lacaly Dareen Mall - MAATC,336486,2.00,2.00,0.00,OK
036,036 - Lacaly Dareen Mall - MAATC,336487,1.00,1.00,0.00,OK
036,036 - Lacaly Dareen Mall - MAATC,336488,1.00,1.00,0.00,OK
036,036 - Lacaly Dareen Mall - MAATC,336489,1.00,1.00,0.00,OK
036,036 - Lacaly Dareen Mall - MAATC,336490,2.00,2.00,0.00,OK
036,036 - Lacaly Dareen Mall - MAATC,336491,3.00,3.00,0.00,OK
036,036 - Lacaly Dareen Mall - MAATC,336492,2.00,2.00,0.00,OK
036,036 - Lacaly Dareen Mall - MAATC,336493,1.00,1.00,0.00,OK
036,036 - Lacaly Dareen Mall - MAATC,336494,1.00,1.00,0.00,OK
036,036 - Lacaly Dareen Mall - MAATC,336496,1.00,1.00,0.00,OK
036,036 - Lacaly Dareen Mall - MAATC,336497,3.00,3.00,0.00,OK
036,036 - Lacaly Dareen Mall - MAATC,336498,2.00,2.00,0.00,OK
036,036 - Lacaly Dareen Mall - MAATC,336499,1.00,1.00,0.00,OK
036,036 - Lacaly Dareen Mall - MAATC,336500,1.00,1.00,0.00,OK
036,036 - Lacaly Dareen Mall - MAATC,336501,1.00,1.00,0.00,OK
036,036 - Lacaly Dareen Mall - MAATC,336502,2.00,2.00,0.00,OK
036,036 - Lacaly Dareen Mall - MAATC,336503,3.00,3.00,0.00,OK
036,036 - Lacaly Dareen Mall - MAATC,336504,2.00,2.00,0.00,OK
036,036 - Lacaly Dareen Mall - MAATC,336505,1.00,1.00,0.00,OK
036,036 - Lacaly Dareen Mall - MAATC,336506,1.00,1.00,0.00,OK
036,036 - Lacaly Dareen Mall - MAATC,336507,1.00,1.00,0.00,OK
036,036 - Lacaly Dareen Mall - MAATC,336508,2.00,2.00,0.00,OK
036,036 - Lacaly Dareen Mall - MAATC,336509,3.00,3.00,0.00,OK
036,036 - Lacaly Dareen Mall - MAATC,336510,2.00,2.00,0.00,OK
036,036 - Lacaly Dareen Mall - MAATC,336511,1.00,1.00,0.00,OK
036,036 - Lacaly Dareen Mall - MAATC,336512,1.00,1.00,0.00,OK
036,036 - Lacaly Dareen Mall - MAATC,336513,1.00,1.00,0.00,OK
036,036 - Lacaly Dareen Mall - MAATC,336514,2.00,2.00,0.00,OK
036,036 - Lacaly Dareen Mall - MAATC,336515,3.00,3.00,0.00,OK
036,036 - Lacaly Dareen Mall - MAATC,336516,2.00,2.00,0.00,OK
036,036 - Lacaly Dareen Mall - MAATC,336517,1.00,1.00,0.00,OK
036,036 - Lacaly Dareen Mall - MAATC,336518,1.00,1.00,0.00,OK
036,036 - Lacaly Dareen Mall - MAATC,336519,1.00,1.00,0.00,OK
036,036 - Lacaly Dareen Mall - MAATC,336520,2.00,2.00,0.00,OK
036,036 - Lacaly Dareen Mall - MAATC,336521,3.00,3.00,0.00,OK
036,036 - Lacaly Dareen Mall - MAATC,336522,2.00,2.00,0.00,OK
036,036 - Lacaly Dareen Mall - MAATC,336523,1.00,1.00,0.00,OK
036,036 - Lacaly Dareen Mall - MAATC,336524,1.00,1.00,0.00,OK
036,036 - Lacaly Dareen Mall - MAATC,336525,1.00,1.00,0.00,OK
036,036 - Lacaly Dareen Mall - MAATC,336526,2.00,2.00,0.00,OK
036,036 - Lacaly Dareen Mall - MAATC,336527,3.00,3.00,0.00,OK
036,036 - Lacaly Dareen Mall - MAATC,336528,2.00,2.00,0.00,OK
036,036 - Lacaly Dareen Mall - MAATC,336529,1.00,1.00,0.00,OK
036,036 - Lacaly Dareen Mall - MAATC,336530,1.00,1.00,0.00,OK
036,036 - Lacaly Dareen Mall - MAATC,336531,1.00,1.00,0.00,OK
036,036 - Lacaly Dareen Mall - MAATC,336532,2.00,2.00,0.00,OK
036,036 - Lacaly Dareen Mall - MAATC,336533,3.00,3.00,0.00,OK
036,036 - Lacaly Dareen Mall - MAATC,336534,2.00,2.00,0.00,OK
036,036 - Lacaly Dareen Mall - MAATC,336535,1.00,1.00,0.00,OK
036,036 - Lacaly Dareen Mall - MAATC,336536,1.00,1.00,0.00,OK
036,036 - Lacaly Dareen Mall - MAATC,336537,1.00,1.00,0.00,OK
036,036 - Lacaly Dareen Mall - MAATC,336538,2.00,2.00,0.00,OK
036,036 - Lacaly Dareen Mall - MAATC,336539,3.00,3.00,0.00,OK
036,036 - Lacaly Dareen Mall - MAATC,336540,2.00,2.00,0.00,OK
036,036 - Lacaly Dareen Mall - MAATC,336541,1.00,1.00,0.00,OK
036,036 - Lacaly Dareen Mall - MAATC,336542,1.00,1.00,0.00,OK
036,036 - Lacaly Dareen Mall - MAATC,336543,1.00,1.00,0.00,OK
036,036 - Lacaly Dareen Mall - MAATC,336544,2.00,2.00,0.00,OK
036,036 - Lacaly Dareen Mall - MAATC,336545,3.00,3.00,0.00,OK
036,036 - Lacaly Dareen Mall - MAATC,336546,2.00,2.00,0.00,OK
036,036 - Lacaly Dareen Mall - MAATC,336547,1.00,1.00,0.00,OK
036,036 - Lacaly Dareen Mall - MAATC,336548,1.00,1.00,0.00,OK
036,036 - Lacaly Dareen Mall - MAATC,336549,1.00,1.00,0.00,OK
036,036 - Lacaly Dareen Mall - MAATC,336550,2.00,2.00,0.00,OK
036,036 - Lacaly Dareen Mall - MAATC,336551,3.00,3.00,0.00,OK
036,036 - Lacaly Dareen Mall - MAATC,336552,2.00,2.00,0.00,OK
036,036 - Lacaly Dareen Mall - MAATC,336553,1.00,1.00,0.00,OK
036,036 - Lacaly Dareen Mall - MAATC,336554,1.00,1.00,0.00,OK
036,036 - Lacaly Dareen Mall - MAATC,336555,1.00,1.00,0.00,OK
036,036 - Lacaly Dareen Mall - MAATC,336556,2.00,2.00,0.00,OK
036,036 - Lacaly Dareen Mall - MAATC,336557,3.00,3.00,0.00,OK
036,036 - Lacaly Dareen Mall - MAATC,336558,2.00,2.00,0.00,OK
036,036 - Lacaly Dareen Mall - MAATC,336559,1.00,1.00,0.00,OK
036,036 - Lacaly Dareen Mall - MAATC,336560,1.00,1.00,0.00,OK
036,036 - Lacaly Dareen Mall - MAATC,336561,1.00,1.00,0.00,OK
036,036 - Lacaly Dareen Mall - MAATC,336562,2.00,2.00,0.00,OK
036,036 - Lacaly Dareen Mall - MAATC,336563,3.00,3.00,0.00,OK
036,036 - Lacaly Dareen Mall - MAATC,336564,2.00,2.00,0.00,OK
036,036 - Lacaly Dareen Mall - MAATC,336565,1.00,1.00,0.00,OK
036,036 - Lacaly Dareen Mall - MAATC,336566,1.00,1.00,0.00,OK
036,036 - Lacaly Dareen Mall - MAATC,336567,1.00,1.00,0.00,OK
036,036 - Lacaly Dareen Mall - MAATC,336568,2.00,2.00,0.00,OK
036,036 - Lacaly Dareen Mall - MAATC,336569,3.00,3.00,0.00,OK
036,036 - Lacaly Dareen Mall - MAATC,336570,2.00,2.00,0.00,OK
036,036 - Lacaly Dareen Mall - MAATC,336571,1.00,1.00,0.00,OK
036,036 - Lacaly Dareen Mall - MAATC,336572,1.00,1.00,0.00,OK
036,036 - Lacaly Dareen Mall - MAATC,336573,1.00,1.00,0.00,OK
036,036 - Lacaly Dareen Mall - MAATC,336574,2.00,2.00,0.00,OK
036,036 - Lacaly Dareen Mall - MAATC,336575,3.00,3.00,0.00,OK
036,036 - Lacaly Dareen Mall - MAATC,336576,2.00,2.00,0.00,OK
036,036 - Lacaly Dareen Mall - MAATC,336577,1.00,1.00,0.00,OK
036,036 - Lacaly Dareen Mall - MAATC,336578,1.00,1.00,0.00,OK
036,036 - Lacaly Dareen Mall - MAATC,336579,1.00,1.00,0.00,OK
036,036 - Lacaly Dareen Mall - MAATC,336580,2.00,2.00,0.00,OK
036,036 - Lacaly Dareen Mall - MAATC,336581,3.00,3.00,0.00,OK
036,036 - Lacaly Dareen Mall - MAATC,336582,2.00,2.00,0.00,OK
036,036 - Lacaly Dareen Mall - MAATC,336583,1.00,1.00,0.00,OK
036,036 - Lacaly Dareen Mall - MAATC,336584,1.00,1.00,0.00,OK
036,036 - Lacaly Dareen Mall - MAATC,336585,1.00,1.00,0.00,OK
036,036 - Lacaly Dareen Mall - MAATC,336586,2.00,2.00,0.00,OK
036,036 - Lacaly Dareen Mall - MAATC,336587,3.00,3.00,0.00,OK
036,036 - Lacaly Dareen Mall - MAATC,336588,2.00,2.00,0.00,OK
036,036 - Lacaly Dareen Mall - MAATC,336589,1.00,1.00,0.00,OK
036,036 - Lacaly Dareen Mall - MAATC,336590,1.00,1.00,0.00,OK
036,036 - Lacaly Dareen Mall - MAATC,336591,1.00,1.00,0.00,OK
036,036 - Lacaly Dareen Mall - MAATC,336592,2.00,2.00,0.00,OK
036,036 - Lacaly Dareen Mall - MAATC,336593,3.00,3.00,0.00,OK
036,036 - Lacaly Dareen Mall - MAATC,336594,3.00,3.00,0.00,OK
036,036 - Lacaly Dareen Mall - MAATC,336595,2.00,2.00,0.00,OK
036,036 - Lacaly Dareen Mall - MAATC,336596,1.00,1.00,0.00,OK
036,036 - Lacaly Dareen Mall - MAATC,336597,1.00,1.00,0.00,OK
036,036 - Lacaly Dareen Mall - MAATC,336598,1.00,1.00,0.00,OK
036,036 - Lacaly Dareen Mall - MAATC,336599,3.00,3.00,0.00,OK
036,036 - Lacaly Dareen Mall - MAATC,336600,3.00,3.00,0.00,OK
036,036 - Lacaly Dareen Mall - MAATC,336601,2.00,2.00,0.00,OK
036,036 - Lacaly Dareen Mall - MAATC,336602,1.00,1.00,0.00,OK
036,036 - Lacaly Dareen Mall - MAATC,336603,1.00,1.00,0.00,OK
036,036 - Lacaly Dareen Mall - MAATC,336604,1.00,1.00,0.00,OK
036,036 - Lacaly Dareen Mall - MAATC,336605,2.00,2.00,0.00,OK
036,036 - Lacaly Dareen Mall - MAATC,336606,3.00,3.00,0.00,OK
036,036 - Lacaly Dareen Mall - MAATC,336607,3.00,3.00,0.00,OK
036,036 - Lacaly Dareen Mall - MAATC,336608,2.00,2.00,0.00,OK
036,036 - Lacaly Dareen Mall - MAATC,336609,1.00,1.00,0.00,OK
036,036 - Lacaly Dareen Mall - MAATC,336610,1.00,1.00,0.00,OK
036,036 - Lacaly Dareen Mall - MAATC,336611,2.00,2.00,0.00,OK
036,036 - Lacaly Dareen Mall - MAATC,336612,3.00,3.00,0.00,OK
036,036 - Lacaly Dareen Mall - MAATC,336613,3.00,3.00,0.00,OK
036,036 - Lacaly Dareen Mall - MAATC,336614,2.00,2.00,0.00,OK
036,036 - Lacaly Dareen Mall - MAATC,336615,1.00,1.00,0.00,OK
036,036 - Lacaly Dareen Mall - MAATC,336616,1.00,1.00,0.00,OK
036,036 - Lacaly Dareen Mall - MAATC,336617,1.00,1.00,0.00,OK
036,036 - Lacaly Dareen Mall - MAATC,336618,3.00,3.00,0.00,OK
036,036 - Lacaly Dareen Mall - MAATC,336619,3.00,3.00,0.00,OK
036,036 - Lacaly Dareen Mall - MAATC,336620,2.00,2.00,0.00,OK
036,036 - Lacaly Dareen Mall - MAATC,336621,1.00,1.00,0.00,OK
036,036 - Lacaly Dareen Mall - MAATC,336622,1.00,1.00,0.00,OK
036,036 - Lacaly Dareen Mall - MAATC,336623,1.00,1.00,0.00,OK
036,036 - Lacaly Dareen Mall - MAATC,336624,1.00,1.00,0.00,OK
036,036 - Lacaly Dareen Mall - MAATC,336625,3.00,3.00,0.00,OK
036,036 - Lacaly Dareen Mall - MAATC,336626,3.00,3.00,0.00,OK
036,036 - Lacaly Dareen Mall - MAATC,336627,2.00,2.00,0.00,OK
036,036 - Lacaly Dareen Mall - MAATC,336628,1.00,1.00,0.00,OK
036,036 - Lacaly Dareen Mall - MAATC,336629,1.00,1.00,0.00,OK
036,036 - Lacaly Dareen Mall - MAATC,336630,1.00,1.00,0.00,OK
036,036 - Lacaly Dareen Mall - MAATC,336631,2.00,2.00,0.00,OK
036,036 - Lacaly Dareen Mall - MAATC,336632,3.00,3.00,0.00,OK
036,036 - Lacaly Dareen Mall - MAATC,336633,3.00,3.00,0.00,OK
036,036 - Lacaly Dareen Mall - MAATC,336634,3.00,3.00,0.00,OK
036,036 - Lacaly Dareen Mall - MAATC,336635,1.00,1.00,0.00,OK
036,036 - Lacaly Dareen Mall - MAATC,336636,2.00,2.00,0.00,OK
036,036 - Lacaly Dareen Mall - MAATC,336637,3.00,3.00,0.00,OK
036,036 - Lacaly Dareen Mall - MAATC,336638,3.00,3.00,0.00,OK
036,036 - Lacaly Dareen Mall - MAATC,336639,3.00,3.00,0.00,OK
036,036 - Lacaly Dareen Mall - MAATC,336640,1.00,1.00,0.00,OK
036,036 - Lacaly Dareen Mall - MAATC,336641,2.00,2.00,0.00,OK
036,036 - Lacaly Dareen Mall - MAATC,336642,3.00,3.00,0.00,OK
036,036 - Lacaly Dareen Mall - MAATC,336643,3.00,3.00,0.00,OK
036,036 - Lacaly Dareen Mall - MAATC,336644,3.00,3.00,0.00,OK
036,036 - Lacaly Dareen Mall - MAATC,336645,1.00,1.00,0.00,OK
036,036 - Lacaly Dareen Mall - MAATC,336646,2.00,2.00,0.00,OK
036,036 - Lacaly Dareen Mall - MAATC,336647,3.00,3.00,0.00,OK
036,036 - Lacaly Dareen Mall - MAATC,336648,3.00,3.00,0.00,OK
036,036 - Lacaly Dareen Mall - MAATC,336649,3.00,3.00,0.00,OK
036,036 - Lacaly Dareen Mall - MAATC,336650,1.00,1.00,0.00,OK
036,036 - Lacaly Dareen Mall - MAATC,336651,2.00,2.00,0.00,OK
036,036 - Lacaly Dareen Mall - MAATC,336652,3.00,3.00,0.00,OK
036,036 - Lacaly Dareen Mall - MAATC,336653,3.00,3.00,0.00,OK
036,036 - Lacaly Dareen Mall - MAATC,336654,2.00,2.00,0.00,OK
036,036 - Lacaly Dareen Mall - MAATC,336655,1.00,1.00,0.00,OK
036,036 - Lacaly Dareen Mall - MAATC,336656,1.00,1.00,0.00,OK
036,036 - Lacaly Dareen Mall - MAATC,336657,2.00,2.00,0.00,OK
036,036 - Lacaly Dareen Mall - MAATC,336658,3.00,3.00,0.00,OK
036,036 - Lacaly Dareen Mall - MAATC,336659,3.00,3.00,0.00,OK
036,036 - Lacaly Dareen Mall - MAATC,336660,3.00,3.00,0.00,OK
036,036 - Lacaly Dareen Mall - MAATC,336661,1.00,1.00,0.00,OK
036,036 - Lacaly Dareen Mall - MAATC,336662,2.00,2.00,0.00,OK
036,036 - Lacaly Dareen Mall - MAATC,336663,3.00,3.00,0.00,OK
036,036 - Lacaly Dareen Mall - MAATC,336664,3.00,3.00,0.00,OK
036,036 - Lacaly Dareen Mall - MAATC,336665,3.00,3.00,0.00,OK
036,036 - Lacaly Dareen Mall - MAATC,336666,1.00,1.00,0.00,OK
036,036 - Lacaly Dareen Mall - MAATC,336667,2.00,2.00,0.00,OK
036,036 - Lacaly Dareen Mall - MAATC,336668,3.00,3.00,0.00,OK
036,036 - Lacaly Dareen Mall - MAATC,336669,3.00,3.00,0.00,OK
036,036 - Lacaly Dareen Mall - MAATC,336670,3.00,3.00,0.00,OK
036,036 - Lacaly Dareen Mall - MAATC,336671,1.00,1.00,0.00,OK
036,036 - Lacaly Dareen Mall - MAATC,336672,2.00,2.00,0.00,OK
036,036 - Lacaly Dareen Mall - MAATC,336673,3.00,3.00,0.00,OK
036,036 - Lacaly Dareen Mall - MAATC,336674,3.00,3.00,0.00,OK
036,036 - Lacaly Dareen Mall - MAATC,336675,3.00,3.00,0.00,OK
036,036 - Lacaly Dareen Mall - MAATC,336676,2.00,2.00,0.00,OK
036,036 - Lacaly Dareen Mall - MAATC,336677,3.00,3.00,0.00,OK
036,036 - Lacaly Dareen Mall - MAATC,336678,3.00,3.00,0.00,OK
036,036 - Lacaly Dareen Mall - MAATC,336679,3.00,3.00,0.00,OK
036,036 - Lacaly Dareen Mall - MAATC,336680,1.00,1.00,0.00,OK
036,036 - Lacaly Dareen Mall - MAATC,336681,2.00,2.00,0.00,OK
036,036 - Lacaly Dareen Mall - MAATC,336682,3.00,3.00,0.00,OK
036,036 - Lacaly Dareen Mall - MAATC,336683,3.00,3.00,0.00,OK
036,036 - Lacaly Dareen Mall - MAATC,336684,3.00,3.00,0.00,OK
036,036 - Lacaly Dareen Mall - MAATC,336685,1.00,1.00,0.00,OK
036,036 - Lacaly Dareen Mall - MAATC,336686,1.00,1.00,0.00,OK
036,036 - Lacaly Dareen Mall - MAATC,336687,2.00,2.00,0.00,OK
036,036 - Lacaly Dareen Mall - MAATC,336688,3.00,3.00,0.00,OK
036,036 - Lacaly Dareen Mall - MAATC,336689,3.00,3.00,0.00,OK
036,036 - Lacaly Dareen Mall - MAATC,336690,2.00,2.00,0.00,OK
036,036 - Lacaly Dareen Mall - MAATC,336691,1.00,1.00,0.00,OK
036,036 - Lacaly Dareen Mall - MAATC,336692,2.00,2.00,0.00,OK
036,036 - Lacaly Dareen Mall - MAATC,336693,3.00,3.00,0.00,OK
036,036 - Lacaly Dareen Mall - MAATC,336694,3.00,3.00,0.00,OK
036,036 - Lacaly Dareen Mall - MAATC,336695,3.00,3.00,0.00,OK
036,036 - Lacaly Dareen Mall - MAATC,336696,1.00,1.00,0.00,OK
036,036 - Lacaly Dareen Mall - MAATC,336697,2.00,2.00,0.00,OK
036,036 - Lacaly Dareen Mall - MAATC,336698,3.00,3.00,0.00,OK
036,036 - Lacaly Dareen Mall - MAATC,336699,3.00,3.00,0.00,OK
036,036 - Lacaly Dareen Mall - MAATC,336700,3.00,3.00,0.00,OK
036,036 - Lacaly Dareen Mall - MAATC,336701,1.00,1.00,0.00,OK
036,036 - Lacaly Dareen Mall - MAATC,336702,1.00,1.00,0.00,OK
036,036 - Lacaly Dareen Mall - MAATC,336703,2.00,2.00,0.00,OK
036,036 - Lacaly Dareen Mall - MAATC,336704,3.00,3.00,0.00,OK
036,036 - Lacaly Dareen Mall - MAATC,336705,3.00,3.00,0.00,OK
036,036 - Lacaly Dareen Mall - MAATC,336706,2.00,2.00,0.00,OK
036,036 - Lacaly Dareen Mall - MAATC,336707,1.00,1.00,0.00,OK
036,036 - Lacaly Dareen Mall - MAATC,336708,2.00,2.00,0.00,OK
036,036 - Lacaly Dareen Mall - MAATC,336709,3.00,3.00,0.00,OK
036,036 - Lacaly Dareen Mall - MAATC,336710,3.00,3.00,0.00,OK
036,036 - Lacaly Dareen Mall - MAATC,336711,3.00,3.00,0.00,OK
036,036 - Lacaly Dareen Mall - MAATC,336712,1.00,1.00,0.00,OK
036,036 - Lacaly Dareen Mall - MAATC,336713,2.00,2.00,0.00,OK
036,036 - Lacaly Dareen Mall - MAATC,336714,3.00,3.00,0.00,OK
036,036 - Lacaly Dareen Mall - MAATC,336715,3.00,3.00,0.00,OK
036,036 - Lacaly Dareen Mall - MAATC,336716,3.00,3.00,0.00,OK
036,036 - Lacaly Dareen Mall - MAATC,336717,1.00,1.00,0.00,OK
036,036 - Lacaly Dareen Mall - MAATC,336805,2.00,2.00,0.00,OK
037,037 - Lacaly AlMahmal - MAATC,336007,3.00,3.00,0.00,OK
037,037 - Lacaly AlMahmal - MAATC,336008,3.00,3.00,0.00,OK
037,037 - Lacaly AlMahmal - MAATC,336009,2.00,2.00,0.00,OK
037,037 - Lacaly AlMahmal - MAATC,336010,1.00,1.00,0.00,OK
037,037 - Lacaly AlMahmal - MAATC,336011,1.00,1.00,0.00,OK
037,037 - Lacaly AlMahmal - MAATC,336013,3.00,3.00,0.00,OK
037,037 - Lacaly AlMahmal - MAATC,336014,3.00,3.00,0.00,OK
037,037 - Lacaly AlMahmal - MAATC,336015,2.00,2.00,0.00,OK
037,037 - Lacaly AlMahmal - MAATC,336016,1.00,1.00,0.00,OK
037,037 - Lacaly AlMahmal - MAATC,336017,1.00,1.00,0.00,OK
037,037 - Lacaly AlMahmal - MAATC,336018,1.00,1.00,0.00,OK
037,037 - Lacaly AlMahmal - MAATC,336019,2.00,2.00,0.00,OK
037,037 - Lacaly AlMahmal - MAATC,336020,3.00,3.00,0.00,OK
037,037 - Lacaly AlMahmal - MAATC,336021,3.00,3.00,0.00,OK
037,037 - Lacaly AlMahmal - MAATC,336022,3.00,3.00,0.00,OK
037,037 - Lacaly AlMahmal - MAATC,336023,1.00,1.00,0.00,OK
037,037 - Lacaly AlMahmal - MAATC,336024,2.00,2.00,0.00,OK
037,037 - Lacaly AlMahmal - MAATC,336025,3.00,3.00,0.00,OK
037,037 - Lacaly AlMahmal - MAATC,336026,3.00,3.00,0.00,OK
037,037 - Lacaly AlMahmal - MAATC,336027,3.00,3.00,0.00,OK
037,037 - Lacaly AlMahmal - MAATC,336028,1.00,1.00,0.00,OK
037,037 - Lacaly AlMahmal - MAATC,336029,2.00,2.00,0.00,OK
037,037 - Lacaly AlMahmal - MAATC,336030,3.00,3.00,0.00,OK
037,037 - Lacaly AlMahmal - MAATC,336031,3.00,3.00,0.00,OK
037,037 - Lacaly AlMahmal - MAATC,336032,3.00,3.00,0.00,OK
037,037 - Lacaly AlMahmal - MAATC,336033,3.00,3.00,0.00,OK
037,037 - Lacaly AlMahmal - MAATC,336034,3.00,3.00,0.00,OK
037,037 - Lacaly AlMahmal - MAATC,336035,3.00,3.00,0.00,OK
037,037 - Lacaly AlMahmal - MAATC,336039,6.00,6.00,0.00,OK
037,037 - Lacaly AlMahmal - MAATC,336040,6.00,6.00,0.00,OK
037,037 - Lacaly AlMahmal - MAATC,336041,6.00,6.00,0.00,OK
037,037 - Lacaly AlMahmal - MAATC,336044,6.00,6.00,0.00,OK
037,037 - Lacaly AlMahmal - MAATC,336045,6.00,6.00,0.00,OK
037,037 - Lacaly AlMahmal - MAATC,336046,6.00,6.00,0.00,OK
037,037 - Lacaly AlMahmal - MAATC,336048,6.00,6.00,0.00,OK
037,037 - Lacaly AlMahmal - MAATC,336049,6.00,6.00,0.00,OK
037,037 - Lacaly AlMahmal - MAATC,336051,6.00,6.00,0.00,OK
037,037 - Lacaly AlMahmal - MAATC,336052,6.00,6.00,0.00,OK
037,037 - Lacaly AlMahmal - MAATC,336055,6.00,6.00,0.00,OK
037,037 - Lacaly AlMahmal - MAATC,336057,2.00,2.00,0.00,OK
037,037 - Lacaly AlMahmal - MAATC,336059,2.00,2.00,0.00,OK
037,037 - Lacaly AlMahmal - MAATC,336060,2.00,2.00,0.00,OK
037,037 - Lacaly AlMahmal - MAATC,336061,4.00,4.00,0.00,OK
037,037 - Lacaly AlMahmal - MAATC,336062,2.00,2.00,0.00,OK
037,037 - Lacaly AlMahmal - MAATC,336063,2.00,2.00,0.00,OK
037,037 - Lacaly AlMahmal - MAATC,336065,2.00,2.00,0.00,OK
037,037 - Lacaly AlMahmal - MAATC,336066,2.00,2.00,0.00,OK
037,037 - Lacaly AlMahmal - MAATC,336067,4.00,4.00,0.00,OK
037,037 - Lacaly AlMahmal - MAATC,336068,2.00,2.00,0.00,OK
037,037 - Lacaly AlMahmal - MAATC,336069,2.00,2.00,0.00,OK
037,037 - Lacaly AlMahmal - MAATC,336070,4.00,4.00,0.00,OK
037,037 - Lacaly AlMahmal - MAATC,336071,2.00,2.00,0.00,OK
037,037 - Lacaly AlMahmal - MAATC,336072,2.00,2.00,0.00,OK
037,037 - Lacaly AlMahmal - MAATC,336073,4.00,4.00,0.00,OK
037,037 - Lacaly AlMahmal - MAATC,336074,2.00,2.00,0.00,OK
037,037 - Lacaly AlMahmal - MAATC,336075,1.00,1.00,0.00,OK
037,037 - Lacaly AlMahmal - MAATC,336076,2.00,2.00,0.00,OK
037,037 - Lacaly AlMahmal - MAATC,336078,3.00,3.00,0.00,OK
037,037 - Lacaly AlMahmal - MAATC,336079,2.00,2.00,0.00,OK
037,037 - Lacaly AlMahmal - MAATC,336080,1.00,1.00,0.00,OK
037,037 - Lacaly AlMahmal - MAATC,336081,1.00,1.00,0.00,OK
037,037 - Lacaly AlMahmal - MAATC,336082,2.00,2.00,0.00,OK
037,037 - Lacaly AlMahmal - MAATC,336083,3.00,3.00,0.00,OK
037,037 - Lacaly AlMahmal - MAATC,336084,2.00,2.00,0.00,OK
037,037 - Lacaly AlMahmal - MAATC,336085,1.00,1.00,0.00,OK
037,037 - Lacaly AlMahmal - MAATC,336086,1.00,1.00,0.00,OK
037,037 - Lacaly AlMahmal - MAATC,336087,1.00,1.00,0.00,OK
037,037 - Lacaly AlMahmal - MAATC,336088,2.00,2.00,0.00,OK
037,037 - Lacaly AlMahmal - MAATC,336089,3.00,3.00,0.00,OK
037,037 - Lacaly AlMahmal - MAATC,336090,2.00,2.00,0.00,OK
037,037 - Lacaly AlMahmal - MAATC,336091,1.00,1.00,0.00,OK
037,037 - Lacaly AlMahmal - MAATC,336092,1.00,1.00,0.00,OK
037,037 - Lacaly AlMahmal - MAATC,336093,1.00,1.00,0.00,OK
037,037 - Lacaly AlMahmal - MAATC,336094,2.00,2.00,0.00,OK
037,037 - Lacaly AlMahmal - MAATC,336095,3.00,3.00,0.00,OK
037,037 - Lacaly AlMahmal - MAATC,336096,2.00,2.00,0.00,OK
037,037 - Lacaly AlMahmal - MAATC,336097,1.00,1.00,0.00,OK
037,037 - Lacaly AlMahmal - MAATC,336098,1.00,1.00,0.00,OK
037,037 - Lacaly AlMahmal - MAATC,336099,1.00,1.00,0.00,OK
037,037 - Lacaly AlMahmal - MAATC,336100,2.00,2.00,0.00,OK
037,037 - Lacaly AlMahmal - MAATC,336102,2.00,2.00,0.00,OK
037,037 - Lacaly AlMahmal - MAATC,336103,1.00,1.00,0.00,OK
037,037 - Lacaly AlMahmal - MAATC,336104,1.00,1.00,0.00,OK
037,037 - Lacaly AlMahmal - MAATC,336105,1.00,1.00,0.00,OK
037,037 - Lacaly AlMahmal - MAATC,336106,2.00,2.00,0.00,OK
037,037 - Lacaly AlMahmal - MAATC,336107,2.00,2.00,0.00,OK
037,037 - Lacaly AlMahmal - MAATC,336108,2.00,2.00,0.00,OK
037,037 - Lacaly AlMahmal - MAATC,336110,1.00,1.00,0.00,OK
037,037 - Lacaly AlMahmal - MAATC,336111,1.00,1.00,0.00,OK
037,037 - Lacaly AlMahmal - MAATC,336112,2.00,2.00,0.00,OK
037,037 - Lacaly AlMahmal - MAATC,336113,3.00,3.00,0.00,OK
037,037 - Lacaly AlMahmal - MAATC,336114,2.00,2.00,0.00,OK
037,037 - Lacaly AlMahmal - MAATC,336116,1.00,1.00,0.00,OK
037,037 - Lacaly AlMahmal - MAATC,336117,1.00,1.00,0.00,OK
037,037 - Lacaly AlMahmal - MAATC,336119,3.00,3.00,0.00,OK
037,037 - Lacaly AlMahmal - MAATC,336120,2.00,2.00,0.00,OK
037,037 - Lacaly AlMahmal - MAATC,336121,1.00,1.00,0.00,OK
037,037 - Lacaly AlMahmal - MAATC,336122,1.00,1.00,0.00,OK
037,037 - Lacaly AlMahmal - MAATC,336123,1.00,1.00,0.00,OK
037,037 - Lacaly AlMahmal - MAATC,336124,2.00,2.00,0.00,OK
037,037 - Lacaly AlMahmal - MAATC,336125,3.00,3.00,0.00,OK
037,037 - Lacaly AlMahmal - MAATC,336126,2.00,2.00,0.00,OK
037,037 - Lacaly AlMahmal - MAATC,336127,1.00,1.00,0.00,OK
037,037 - Lacaly AlMahmal - MAATC,336128,1.00,1.00,0.00,OK
037,037 - Lacaly AlMahmal - MAATC,336130,2.00,2.00,0.00,OK
037,037 - Lacaly AlMahmal - MAATC,336133,1.00,1.00,0.00,OK
037,037 - Lacaly AlMahmal - MAATC,336134,1.00,1.00,0.00,OK
037,037 - Lacaly AlMahmal - MAATC,336135,1.00,1.00,0.00,OK
037,037 - Lacaly AlMahmal - MAATC,336136,2.00,2.00,0.00,OK
037,037 - Lacaly AlMahmal - MAATC,336137,3.00,3.00,0.00,OK
037,037 - Lacaly AlMahmal - MAATC,336138,2.00,2.00,0.00,OK
037,037 - Lacaly AlMahmal - MAATC,336140,1.00,1.00,0.00,OK
037,037 - Lacaly AlMahmal - MAATC,336141,1.00,1.00,0.00,OK
037,037 - Lacaly AlMahmal - MAATC,336142,2.00,2.00,0.00,OK
037,037 - Lacaly AlMahmal - MAATC,336147,1.00,1.00,0.00,OK
037,037 - Lacaly AlMahmal - MAATC,336148,2.00,2.00,0.00,OK
037,037 - Lacaly AlMahmal - MAATC,336149,3.00,3.00,0.00,OK
037,037 - Lacaly AlMahmal - MAATC,336150,2.00,2.00,0.00,OK
037,037 - Lacaly AlMahmal - MAATC,336151,1.00,1.00,0.00,OK
037,037 - Lacaly AlMahmal - MAATC,336152,1.00,1.00,0.00,OK
037,037 - Lacaly AlMahmal - MAATC,336153,1.00,1.00,0.00,OK
037,037 - Lacaly AlMahmal - MAATC,336154,2.00,2.00,0.00,OK
037,037 - Lacaly AlMahmal - MAATC,336155,3.00,3.00,0.00,OK
037,037 - Lacaly AlMahmal - MAATC,336156,2.00,2.00,0.00,OK
037,037 - Lacaly AlMahmal - MAATC,336157,1.00,1.00,0.00,OK
037,037 - Lacaly AlMahmal - MAATC,336158,1.00,1.00,0.00,OK
037,037 - Lacaly AlMahmal - MAATC,336159,1.00,1.00,0.00,OK
037,037 - Lacaly AlMahmal - MAATC,336160,2.00,2.00,0.00,OK
037,037 - Lacaly AlMahmal - MAATC,336161,3.00,3.00,0.00,OK
037,037 - Lacaly AlMahmal - MAATC,336162,2.00,2.00,0.00,OK
037,037 - Lacaly AlMahmal - MAATC,336163,1.00,1.00,0.00,OK
037,037 - Lacaly AlMahmal - MAATC,336164,1.00,1.00,0.00,OK
037,037 - Lacaly AlMahmal - MAATC,336166,2.00,2.00,0.00,OK
037,037 - Lacaly AlMahmal - MAATC,336169,1.00,1.00,0.00,OK
037,037 - Lacaly AlMahmal - MAATC,336170,1.00,1.00,0.00,OK
037,037 - Lacaly AlMahmal - MAATC,336171,1.00,1.00,0.00,OK
037,037 - Lacaly AlMahmal - MAATC,336174,2.00,2.00,0.00,OK
037,037 - Lacaly AlMahmal - MAATC,336175,1.00,1.00,0.00,OK
037,037 - Lacaly AlMahmal - MAATC,336176,1.00,1.00,0.00,OK
037,037 - Lacaly AlMahmal - MAATC,336177,1.00,1.00,0.00,OK
037,037 - Lacaly AlMahmal - MAATC,336178,2.00,2.00,0.00,OK
037,037 - Lacaly AlMahmal - MAATC,336179,3.00,3.00,0.00,OK
037,037 - Lacaly AlMahmal - MAATC,336180,2.00,2.00,0.00,OK
037,037 - Lacaly AlMahmal - MAATC,336181,1.00,1.00,0.00,OK
037,037 - Lacaly AlMahmal - MAATC,336182,1.00,1.00,0.00,OK
037,037 - Lacaly AlMahmal - MAATC,336183,1.00,1.00,0.00,OK
037,037 - Lacaly AlMahmal - MAATC,336184,2.00,2.00,0.00,OK
037,037 - Lacaly AlMahmal - MAATC,336185,3.00,3.00,0.00,OK
037,037 - Lacaly AlMahmal - MAATC,336186,2.00,2.00,0.00,OK
037,037 - Lacaly AlMahmal - MAATC,336187,1.00,1.00,0.00,OK
037,037 - Lacaly AlMahmal - MAATC,336188,1.00,1.00,0.00,OK
037,037 - Lacaly AlMahmal - MAATC,336189,1.00,1.00,0.00,OK
037,037 - Lacaly AlMahmal - MAATC,336190,2.00,2.00,0.00,OK
037,037 - Lacaly AlMahmal - MAATC,336191,3.00,3.00,0.00,OK
037,037 - Lacaly AlMahmal - MAATC,336192,2.00,2.00,0.00,OK
037,037 - Lacaly AlMahmal - MAATC,336193,1.00,1.00,0.00,OK
037,037 - Lacaly AlMahmal - MAATC,336194,1.00,1.00,0.00,OK
037,037 - Lacaly AlMahmal - MAATC,336195,1.00,1.00,0.00,OK
037,037 - Lacaly AlMahmal - MAATC,336196,2.00,2.00,0.00,OK
037,037 - Lacaly AlMahmal - MAATC,336197,3.00,3.00,0.00,OK
037,037 - Lacaly AlMahmal - MAATC,336198,2.00,2.00,0.00,OK
037,037 - Lacaly AlMahmal - MAATC,336199,1.00,1.00,0.00,OK
037,037 - Lacaly AlMahmal - MAATC,336200,1.00,1.00,0.00,OK
037,037 - Lacaly AlMahmal - MAATC,336201,1.00,1.00,0.00,OK
037,037 - Lacaly AlMahmal - MAATC,336202,2.00,2.00,0.00,OK
037,037 - Lacaly AlMahmal - MAATC,336203,3.00,3.00,0.00,OK
037,037 - Lacaly AlMahmal - MAATC,336205,1.00,1.00,0.00,OK
037,037 - Lacaly AlMahmal - MAATC,336206,1.00,1.00,0.00,OK
037,037 - Lacaly AlMahmal - MAATC,336207,1.00,1.00,0.00,OK
037,037 - Lacaly AlMahmal - MAATC,336208,2.00,2.00,0.00,OK
037,037 - Lacaly AlMahmal - MAATC,336209,3.00,3.00,0.00,OK
037,037 - Lacaly AlMahmal - MAATC,336210,2.00,2.00,0.00,OK
037,037 - Lacaly AlMahmal - MAATC,336211,1.00,1.00,0.00,OK
037,037 - Lacaly AlMahmal - MAATC,336212,1.00,1.00,0.00,OK
037,037 - Lacaly AlMahmal - MAATC,336213,1.00,1.00,0.00,OK
037,037 - Lacaly AlMahmal - MAATC,336214,2.00,2.00,0.00,OK
037,037 - Lacaly AlMahmal - MAATC,336215,3.00,3.00,0.00,OK
037,037 - Lacaly AlMahmal - MAATC,336216,2.00,2.00,0.00,OK
037,037 - Lacaly AlMahmal - MAATC,336217,1.00,1.00,0.00,OK
037,037 - Lacaly AlMahmal - MAATC,336218,1.00,1.00,0.00,OK
037,037 - Lacaly AlMahmal - MAATC,336219,1.00,1.00,0.00,OK
037,037 - Lacaly AlMahmal - MAATC,336220,2.00,2.00,0.00,OK
037,037 - Lacaly AlMahmal - MAATC,336221,3.00,3.00,0.00,OK
037,037 - Lacaly AlMahmal - MAATC,336222,2.00,2.00,0.00,OK
037,037 - Lacaly AlMahmal - MAATC,336223,1.00,1.00,0.00,OK
037,037 - Lacaly AlMahmal - MAATC,336224,1.00,1.00,0.00,OK
037,037 - Lacaly AlMahmal - MAATC,336225,1.00,1.00,0.00,OK
037,037 - Lacaly AlMahmal - MAATC,336226,2.00,2.00,0.00,OK
037,037 - Lacaly AlMahmal - MAATC,336227,3.00,3.00,0.00,OK
037,037 - Lacaly AlMahmal - MAATC,336228,2.00,2.00,0.00,OK
037,037 - Lacaly AlMahmal - MAATC,336229,1.00,1.00,0.00,OK
037,037 - Lacaly AlMahmal - MAATC,336230,1.00,1.00,0.00,OK
037,037 - Lacaly AlMahmal - MAATC,336231,1.00,1.00,0.00,OK
037,037 - Lacaly AlMahmal - MAATC,336232,2.00,2.00,0.00,OK
037,037 - Lacaly AlMahmal - MAATC,336233,3.00,3.00,0.00,OK
037,037 - Lacaly AlMahmal - MAATC,336234,2.00,2.00,0.00,OK
037,037 - Lacaly AlMahmal - MAATC,336235,1.00,1.00,0.00,OK
037,037 - Lacaly AlMahmal - MAATC,336236,1.00,1.00,0.00,OK
037,037 - Lacaly AlMahmal - MAATC,336239,3.00,3.00,0.00,OK
037,037 - Lacaly AlMahmal - MAATC,336240,2.00,2.00,0.00,OK
037,037 - Lacaly AlMahmal - MAATC,336241,1.00,1.00,0.00,OK
037,037 - Lacaly AlMahmal - MAATC,336242,1.00,1.00,0.00,OK
037,037 - Lacaly AlMahmal - MAATC,336243,1.00,1.00,0.00,OK
037,037 - Lacaly AlMahmal - MAATC,336244,2.00,2.00,0.00,OK
037,037 - Lacaly AlMahmal - MAATC,336245,3.00,3.00,0.00,OK
037,037 - Lacaly AlMahmal - MAATC,336246,2.00,2.00,0.00,OK
037,037 - Lacaly AlMahmal - MAATC,336247,1.00,1.00,0.00,OK
037,037 - Lacaly AlMahmal - MAATC,336251,3.00,3.00,0.00,OK
037,037 - Lacaly AlMahmal - MAATC,336252,2.00,2.00,0.00,OK
037,037 - Lacaly AlMahmal - MAATC,336253,1.00,1.00,0.00,OK
037,037 - Lacaly AlMahmal - MAATC,336254,1.00,1.00,0.00,OK
037,037 - Lacaly AlMahmal - MAATC,336255,1.00,1.00,0.00,OK
037,037 - Lacaly AlMahmal - MAATC,336256,2.00,2.00,0.00,OK
037,037 - Lacaly AlMahmal - MAATC,336258,2.00,2.00,0.00,OK
037,037 - Lacaly AlMahmal - MAATC,336259,1.00,1.00,0.00,OK
037,037 - Lacaly AlMahmal - MAATC,336260,1.00,1.00,0.00,OK
037,037 - Lacaly AlMahmal - MAATC,336261,1.00,1.00,0.00,OK
037,037 - Lacaly AlMahmal - MAATC,336262,2.00,2.00,0.00,OK
037,037 - Lacaly AlMahmal - MAATC,336263,3.00,3.00,0.00,OK
037,037 - Lacaly AlMahmal - MAATC,336264,2.00,2.00,0.00,OK
037,037 - Lacaly AlMahmal - MAATC,336265,1.00,1.00,0.00,OK
037,037 - Lacaly AlMahmal - MAATC,336266,1.00,1.00,0.00,OK
037,037 - Lacaly AlMahmal - MAATC,336267,1.00,1.00,0.00,OK
037,037 - Lacaly AlMahmal - MAATC,336269,3.00,3.00,0.00,OK
037,037 - Lacaly AlMahmal - MAATC,336270,2.00,2.00,0.00,OK
037,037 - Lacaly AlMahmal - MAATC,336271,1.00,1.00,0.00,OK
037,037 - Lacaly AlMahmal - MAATC,336272,1.00,1.00,0.00,OK
037,037 - Lacaly AlMahmal - MAATC,336273,1.00,1.00,0.00,OK
037,037 - Lacaly AlMahmal - MAATC,336274,2.00,2.00,0.00,OK
037,037 - Lacaly AlMahmal - MAATC,336275,3.00,3.00,0.00,OK
037,037 - Lacaly AlMahmal - MAATC,336276,2.00,2.00,0.00,OK
037,037 - Lacaly AlMahmal - MAATC,336277,1.00,1.00,0.00,OK
037,037 - Lacaly AlMahmal - MAATC,336278,1.00,1.00,0.00,OK
037,037 - Lacaly AlMahmal - MAATC,336279,1.00,1.00,0.00,OK
037,037 - Lacaly AlMahmal - MAATC,336280,2.00,2.00,0.00,OK
037,037 - Lacaly AlMahmal - MAATC,336281,3.00,3.00,0.00,OK
037,037 - Lacaly AlMahmal - MAATC,336282,2.00,2.00,0.00,OK
037,037 - Lacaly AlMahmal - MAATC,336283,1.00,1.00,0.00,OK
037,037 - Lacaly AlMahmal - MAATC,336284,1.00,1.00,0.00,OK
037,037 - Lacaly AlMahmal - MAATC,336285,1.00,1.00,0.00,OK
037,037 - Lacaly AlMahmal - MAATC,336286,2.00,2.00,0.00,OK
037,037 - Lacaly AlMahmal - MAATC,336287,3.00,3.00,0.00,OK
037,037 - Lacaly AlMahmal - MAATC,336288,2.00,2.00,0.00,OK
037,037 - Lacaly AlMahmal - MAATC,336289,1.00,1.00,0.00,OK
037,037 - Lacaly AlMahmal - MAATC,336290,1.00,1.00,0.00,OK
037,037 - Lacaly AlMahmal - MAATC,336291,1.00,1.00,0.00,OK
037,037 - Lacaly AlMahmal - MAATC,336292,2.00,2.00,0.00,OK
037,037 - Lacaly AlMahmal - MAATC,336293,3.00,3.00,0.00,OK
037,037 - Lacaly AlMahmal - MAATC,336294,2.00,2.00,0.00,OK
037,037 - Lacaly AlMahmal - MAATC,336295,1.00,1.00,0.00,OK
037,037 - Lacaly AlMahmal - MAATC,336296,1.00,1.00,0.00,OK
037,037 - Lacaly AlMahmal - MAATC,336297,1.00,1.00,0.00,OK
037,037 - Lacaly AlMahmal - MAATC,336298,2.00,2.00,0.00,OK
037,037 - Lacaly AlMahmal - MAATC,336299,3.00,3.00,0.00,OK
037,037 - Lacaly AlMahmal - MAATC,336300,2.00,2.00,0.00,OK
037,037 - Lacaly AlMahmal - MAATC,336301,1.00,1.00,0.00,OK
037,037 - Lacaly AlMahmal - MAATC,336302,1.00,1.00,0.00,OK
037,037 - Lacaly AlMahmal - MAATC,336303,1.00,1.00,0.00,OK
037,037 - Lacaly AlMahmal - MAATC,336304,2.00,2.00,0.00,OK
037,037 - Lacaly AlMahmal - MAATC,336305,3.00,3.00,0.00,OK
037,037 - Lacaly AlMahmal - MAATC,336306,2.00,2.00,0.00,OK
037,037 - Lacaly AlMahmal - MAATC,336307,1.00,1.00,0.00,OK
037,037 - Lacaly AlMahmal - MAATC,336308,1.00,1.00,0.00,OK
037,037 - Lacaly AlMahmal - MAATC,336309,1.00,1.00,0.00,OK
037,037 - Lacaly AlMahmal - MAATC,336310,2.00,2.00,0.00,OK
037,037 - Lacaly AlMahmal - MAATC,336311,3.00,3.00,0.00,OK
037,037 - Lacaly AlMahmal - MAATC,336312,2.00,2.00,0.00,OK
037,037 - Lacaly AlMahmal - MAATC,336313,1.00,1.00,0.00,OK
037,037 - Lacaly AlMahmal - MAATC,336314,1.00,1.00,0.00,OK
037,037 - Lacaly AlMahmal - MAATC,336315,1.00,1.00,0.00,OK
037,037 - Lacaly AlMahmal - MAATC,336316,2.00,2.00,0.00,OK
037,037 - Lacaly AlMahmal - MAATC,336317,3.00,3.00,0.00,OK
037,037 - Lacaly AlMahmal - MAATC,336318,2.00,2.00,0.00,OK
037,037 - Lacaly AlMahmal - MAATC,336319,1.00,1.00,0.00,OK
037,037 - Lacaly AlMahmal - MAATC,336320,1.00,1.00,0.00,OK
037,037 - Lacaly AlMahmal - MAATC,336321,1.00,1.00,0.00,OK
037,037 - Lacaly AlMahmal - MAATC,336322,2.00,2.00,0.00,OK
037,037 - Lacaly AlMahmal - MAATC,336323,3.00,3.00,0.00,OK
037,037 - Lacaly AlMahmal - MAATC,336324,2.00,2.00,0.00,OK
037,037 - Lacaly AlMahmal - MAATC,336325,1.00,1.00,0.00,OK
037,037 - Lacaly AlMahmal - MAATC,336326,1.00,1.00,0.00,OK
037,037 - Lacaly AlMahmal - MAATC,336327,1.00,1.00,0.00,OK
037,037 - Lacaly AlMahmal - MAATC,336328,2.00,2.00,0.00,OK
037,037 - Lacaly AlMahmal - MAATC,336329,3.00,3.00,0.00,OK
037,037 - Lacaly AlMahmal - MAATC,336330,2.00,2.00,0.00,OK
037,037 - Lacaly AlMahmal - MAATC,336331,1.00,1.00,0.00,OK
037,037 - Lacaly AlMahmal - MAATC,336332,1.00,1.00,0.00,OK
037,037 - Lacaly AlMahmal - MAATC,336333,1.00,1.00,0.00,OK
037,037 - Lacaly AlMahmal - MAATC,336334,2.00,2.00,0.00,OK
037,037 - Lacaly AlMahmal - MAATC,336335,3.00,3.00,0.00,OK
037,037 - Lacaly AlMahmal - MAATC,336336,2.00,2.00,0.00,OK
037,037 - Lacaly AlMahmal - MAATC,336337,1.00,1.00,0.00,OK
037,037 - Lacaly AlMahmal - MAATC,336338,1.00,1.00,0.00,OK
037,037 - Lacaly AlMahmal - MAATC,336339,1.00,1.00,0.00,OK
037,037 - Lacaly AlMahmal - MAATC,336340,2.00,2.00,0.00,OK
037,037 - Lacaly AlMahmal - MAATC,336341,3.00,3.00,0.00,OK
037,037 - Lacaly AlMahmal - MAATC,336342,2.00,2.00,0.00,OK
037,037 - Lacaly AlMahmal - MAATC,336343,1.00,1.00,0.00,OK
037,037 - Lacaly AlMahmal - MAATC,336344,1.00,1.00,0.00,OK
037,037 - Lacaly AlMahmal - MAATC,336346,2.00,2.00,0.00,OK
037,037 - Lacaly AlMahmal - MAATC,336349,1.00,1.00,0.00,OK
037,037 - Lacaly AlMahmal - MAATC,336351,1.00,1.00,0.00,OK
037,037 - Lacaly AlMahmal - MAATC,336352,2.00,2.00,0.00,OK
037,037 - Lacaly AlMahmal - MAATC,336353,3.00,3.00,0.00,OK
037,037 - Lacaly AlMahmal - MAATC,336355,1.00,1.00,0.00,OK
037,037 - Lacaly AlMahmal - MAATC,336357,1.00,1.00,0.00,OK
037,037 - Lacaly AlMahmal - MAATC,336358,2.00,2.00,0.00,OK
037,037 - Lacaly AlMahmal - MAATC,336359,3.00,3.00,0.00,OK
037,037 - Lacaly AlMahmal - MAATC,336360,2.00,2.00,0.00,OK
037,037 - Lacaly AlMahmal - MAATC,336361,1.00,1.00,0.00,OK
037,037 - Lacaly AlMahmal - MAATC,336362,1.00,1.00,0.00,OK
037,037 - Lacaly AlMahmal - MAATC,336363,1.00,1.00,0.00,OK
037,037 - Lacaly AlMahmal - MAATC,336364,2.00,2.00,0.00,OK
037,037 - Lacaly AlMahmal - MAATC,336365,3.00,3.00,0.00,OK
037,037 - Lacaly AlMahmal - MAATC,336366,2.00,2.00,0.00,OK
037,037 - Lacaly AlMahmal - MAATC,336367,1.00,1.00,0.00,OK
037,037 - Lacaly AlMahmal - MAATC,336368,1.00,1.00,0.00,OK
037,037 - Lacaly AlMahmal - MAATC,336369,1.00,1.00,0.00,OK
037,037 - Lacaly AlMahmal - MAATC,336370,2.00,2.00,0.00,OK
037,037 - Lacaly AlMahmal - MAATC,336371,3.00,3.00,0.00,OK
037,037 - Lacaly AlMahmal - MAATC,336372,2.00,2.00,0.00,OK
037,037 - Lacaly AlMahmal - MAATC,336373,1.00,1.00,0.00,OK
037,037 - Lacaly AlMahmal - MAATC,336374,1.00,1.00,0.00,OK
037,037 - Lacaly AlMahmal - MAATC,336375,1.00,1.00,0.00,OK
037,037 - Lacaly AlMahmal - MAATC,336376,2.00,2.00,0.00,OK
037,037 - Lacaly AlMahmal - MAATC,336377,3.00,3.00,0.00,OK
037,037 - Lacaly AlMahmal - MAATC,336378,2.00,2.00,0.00,OK
037,037 - Lacaly AlMahmal - MAATC,336379,1.00,1.00,0.00,OK
037,037 - Lacaly AlMahmal - MAATC,336380,1.00,1.00,0.00,OK
037,037 - Lacaly AlMahmal - MAATC,336381,1.00,1.00,0.00,OK
037,037 - Lacaly AlMahmal - MAATC,336382,2.00,2.00,0.00,OK
037,037 - Lacaly AlMahmal - MAATC,336383,3.00,3.00,0.00,OK
037,037 - Lacaly AlMahmal - MAATC,336384,2.00,2.00,0.00,OK
037,037 - Lacaly AlMahmal - MAATC,336385,1.00,1.00,0.00,OK
037,037 - Lacaly AlMahmal - MAATC,336386,1.00,1.00,0.00,OK
037,037 - Lacaly AlMahmal - MAATC,336387,1.00,1.00,0.00,OK
037,037 - Lacaly AlMahmal - MAATC,336388,2.00,2.00,0.00,OK
037,037 - Lacaly AlMahmal - MAATC,336389,3.00,3.00,0.00,OK
037,037 - Lacaly AlMahmal - MAATC,336390,2.00,2.00,0.00,OK
037,037 - Lacaly AlMahmal - MAATC,336391,1.00,1.00,0.00,OK
037,037 - Lacaly AlMahmal - MAATC,336392,1.00,1.00,0.00,OK
037,037 - Lacaly AlMahmal - MAATC,336393,1.00,1.00,0.00,OK
037,037 - Lacaly AlMahmal - MAATC,336394,2.00,2.00,0.00,OK
037,037 - Lacaly AlMahmal - MAATC,336395,3.00,3.00,0.00,OK
037,037 - Lacaly AlMahmal - MAATC,336397,1.00,1.00,0.00,OK
037,037 - Lacaly AlMahmal - MAATC,336398,1.00,1.00,0.00,OK
037,037 - Lacaly AlMahmal - MAATC,336399,1.00,1.00,0.00,OK
037,037 - Lacaly AlMahmal - MAATC,336400,2.00,2.00,0.00,OK
037,037 - Lacaly AlMahmal - MAATC,336401,3.00,3.00,0.00,OK
037,037 - Lacaly AlMahmal - MAATC,336402,2.00,2.00,0.00,OK
037,037 - Lacaly AlMahmal - MAATC,336403,1.00,1.00,0.00,OK
037,037 - Lacaly AlMahmal - MAATC,336404,1.00,1.00,0.00,OK
037,037 - Lacaly AlMahmal - MAATC,336405,1.00,1.00,0.00,OK
037,037 - Lacaly AlMahmal - MAATC,336406,2.00,2.00,0.00,OK
037,037 - Lacaly AlMahmal - MAATC,336407,3.00,3.00,0.00,OK
037,037 - Lacaly AlMahmal - MAATC,336408,2.00,2.00,0.00,OK
037,037 - Lacaly AlMahmal - MAATC,336409,1.00,1.00,0.00,OK
037,037 - Lacaly AlMahmal - MAATC,336410,1.00,1.00,0.00,OK
037,037 - Lacaly AlMahmal - MAATC,336411,1.00,1.00,0.00,OK
037,037 - Lacaly AlMahmal - MAATC,336412,2.00,2.00,0.00,OK
037,037 - Lacaly AlMahmal - MAATC,336413,3.00,3.00,0.00,OK
037,037 - Lacaly AlMahmal - MAATC,336414,2.00,2.00,0.00,OK
037,037 - Lacaly AlMahmal - MAATC,336415,1.00,1.00,0.00,OK
037,037 - Lacaly AlMahmal - MAATC,336416,1.00,1.00,0.00,OK
037,037 - Lacaly AlMahmal - MAATC,336417,1.00,1.00,0.00,OK
037,037 - Lacaly AlMahmal - MAATC,336419,3.00,3.00,0.00,OK
037,037 - Lacaly AlMahmal - MAATC,336421,1.00,1.00,0.00,OK
037,037 - Lacaly AlMahmal - MAATC,336422,1.00,1.00,0.00,OK
037,037 - Lacaly AlMahmal - MAATC,336423,1.00,1.00,0.00,OK
037,037 - Lacaly AlMahmal - MAATC,336425,3.00,3.00,0.00,OK
037,037 - Lacaly AlMahmal - MAATC,336426,2.00,2.00,0.00,OK
037,037 - Lacaly AlMahmal - MAATC,336427,1.00,1.00,0.00,OK
037,037 - Lacaly AlMahmal - MAATC,336429,1.00,1.00,0.00,OK
037,037 - Lacaly AlMahmal - MAATC,336431,3.00,3.00,0.00,OK
037,037 - Lacaly AlMahmal - MAATC,336432,2.00,2.00,0.00,OK
037,037 - Lacaly AlMahmal - MAATC,336433,1.00,1.00,0.00,OK
037,037 - Lacaly AlMahmal - MAATC,336434,1.00,1.00,0.00,OK
037,037 - Lacaly AlMahmal - MAATC,336435,1.00,1.00,0.00,OK
037,037 - Lacaly AlMahmal - MAATC,336437,3.00,3.00,0.00,OK
037,037 - Lacaly AlMahmal - MAATC,336438,2.00,2.00,0.00,OK
037,037 - Lacaly AlMahmal - MAATC,336439,1.00,1.00,0.00,OK
037,037 - Lacaly AlMahmal - MAATC,336440,1.00,1.00,0.00,OK
037,037 - Lacaly AlMahmal - MAATC,336441,1.00,1.00,0.00,OK
037,037 - Lacaly AlMahmal - MAATC,336443,3.00,3.00,0.00,OK
037,037 - Lacaly AlMahmal - MAATC,336444,2.00,2.00,0.00,OK
037,037 - Lacaly AlMahmal - MAATC,336445,1.00,1.00,0.00,OK
037,037 - Lacaly AlMahmal - MAATC,336446,1.00,1.00,0.00,OK
037,037 - Lacaly AlMahmal - MAATC,336447,1.00,1.00,0.00,OK
037,037 - Lacaly AlMahmal - MAATC,336449,3.00,3.00,0.00,OK
037,037 - Lacaly AlMahmal - MAATC,336450,2.00,2.00,0.00,OK
037,037 - Lacaly AlMahmal - MAATC,336451,1.00,1.00,0.00,OK
037,037 - Lacaly AlMahmal - MAATC,336452,1.00,1.00,0.00,OK
037,037 - Lacaly AlMahmal - MAATC,336453,1.00,1.00,0.00,OK
037,037 - Lacaly AlMahmal - MAATC,336454,2.00,2.00,0.00,OK
037,037 - Lacaly AlMahmal - MAATC,336455,3.00,3.00,0.00,OK
037,037 - Lacaly AlMahmal - MAATC,336457,1.00,1.00,0.00,OK
037,037 - Lacaly AlMahmal - MAATC,336458,1.00,1.00,0.00,OK
037,037 - Lacaly AlMahmal - MAATC,336459,1.00,1.00,0.00,OK
037,037 - Lacaly AlMahmal - MAATC,336461,3.00,3.00,0.00,OK
037,037 - Lacaly AlMahmal - MAATC,336462,2.00,2.00,0.00,OK
037,037 - Lacaly AlMahmal - MAATC,336463,1.00,1.00,0.00,OK
037,037 - Lacaly AlMahmal - MAATC,336464,1.00,1.00,0.00,OK
037,037 - Lacaly AlMahmal - MAATC,336465,1.00,1.00,0.00,OK
037,037 - Lacaly AlMahmal - MAATC,336466,2.00,2.00,0.00,OK
037,037 - Lacaly AlMahmal - MAATC,336467,3.00,3.00,0.00,OK
037,037 - Lacaly AlMahmal - MAATC,336468,2.00,2.00,0.00,OK
037,037 - Lacaly AlMahmal - MAATC,336469,1.00,1.00,0.00,OK
037,037 - Lacaly AlMahmal - MAATC,336470,1.00,1.00,0.00,OK
037,037 - Lacaly AlMahmal - MAATC,336471,1.00,1.00,0.00,OK
037,037 - Lacaly AlMahmal - MAATC,336472,2.00,2.00,0.00,OK
037,037 - Lacaly AlMahmal - MAATC,336473,3.00,3.00,0.00,OK
037,037 - Lacaly AlMahmal - MAATC,336474,2.00,2.00,0.00,OK
037,037 - Lacaly AlMahmal - MAATC,336475,1.00,1.00,0.00,OK
037,037 - Lacaly AlMahmal - MAATC,336476,1.00,1.00,0.00,OK
037,037 - Lacaly AlMahmal - MAATC,336477,1.00,1.00,0.00,OK
037,037 - Lacaly AlMahmal - MAATC,336478,2.00,2.00,0.00,OK
037,037 - Lacaly AlMahmal - MAATC,336479,3.00,3.00,0.00,OK
037,037 - Lacaly AlMahmal - MAATC,336480,2.00,2.00,0.00,OK
037,037 - Lacaly AlMahmal - MAATC,336481,1.00,1.00,0.00,OK
037,037 - Lacaly AlMahmal - MAATC,336482,1.00,1.00,0.00,OK
037,037 - Lacaly AlMahmal - MAATC,336483,1.00,1.00,0.00,OK
037,037 - Lacaly AlMahmal - MAATC,336484,2.00,2.00,0.00,OK
037,037 - Lacaly AlMahmal - MAATC,336485,3.00,3.00,0.00,OK
037,037 - Lacaly AlMahmal - MAATC,336486,2.00,2.00,0.00,OK
037,037 - Lacaly AlMahmal - MAATC,336487,1.00,1.00,0.00,OK
037,037 - Lacaly AlMahmal - MAATC,336488,1.00,1.00,0.00,OK
037,037 - Lacaly AlMahmal - MAATC,336489,1.00,1.00,0.00,OK
037,037 - Lacaly AlMahmal - MAATC,336490,2.00,2.00,0.00,OK
037,037 - Lacaly AlMahmal - MAATC,336491,3.00,3.00,0.00,OK
037,037 - Lacaly AlMahmal - MAATC,336492,2.00,2.00,0.00,OK
037,037 - Lacaly AlMahmal - MAATC,336493,1.00,1.00,0.00,OK
037,037 - Lacaly AlMahmal - MAATC,336494,1.00,1.00,0.00,OK
037,037 - Lacaly AlMahmal - MAATC,336496,1.00,1.00,0.00,OK
037,037 - Lacaly AlMahmal - MAATC,336497,3.00,3.00,0.00,OK
037,037 - Lacaly AlMahmal - MAATC,336498,2.00,2.00,0.00,OK
037,037 - Lacaly AlMahmal - MAATC,336502,2.00,2.00,0.00,OK
037,037 - Lacaly AlMahmal - MAATC,336503,3.00,3.00,0.00,OK
037,037 - Lacaly AlMahmal - MAATC,336504,2.00,2.00,0.00,OK
037,037 - Lacaly AlMahmal - MAATC,336505,1.00,1.00,0.00,OK
037,037 - Lacaly AlMahmal - MAATC,336506,1.00,1.00,0.00,OK
037,037 - Lacaly AlMahmal - MAATC,336507,1.00,1.00,0.00,OK
037,037 - Lacaly AlMahmal - MAATC,336508,2.00,2.00,0.00,OK
037,037 - Lacaly AlMahmal - MAATC,336509,3.00,3.00,0.00,OK
037,037 - Lacaly AlMahmal - MAATC,336510,2.00,2.00,0.00,OK
037,037 - Lacaly AlMahmal - MAATC,336511,1.00,1.00,0.00,OK
037,037 - Lacaly AlMahmal - MAATC,336512,1.00,1.00,0.00,OK
037,037 - Lacaly AlMahmal - MAATC,336513,1.00,1.00,0.00,OK
037,037 - Lacaly AlMahmal - MAATC,336514,2.00,2.00,0.00,OK
037,037 - Lacaly AlMahmal - MAATC,336515,3.00,3.00,0.00,OK
037,037 - Lacaly AlMahmal - MAATC,336516,2.00,2.00,0.00,OK
037,037 - Lacaly AlMahmal - MAATC,336517,1.00,1.00,0.00,OK
037,037 - Lacaly AlMahmal - MAATC,336518,1.00,1.00,0.00,OK
037,037 - Lacaly AlMahmal - MAATC,336519,1.00,1.00,0.00,OK
037,037 - Lacaly AlMahmal - MAATC,336520,2.00,2.00,0.00,OK
037,037 - Lacaly AlMahmal - MAATC,336521,3.00,3.00,0.00,OK
037,037 - Lacaly AlMahmal - MAATC,336522,2.00,2.00,0.00,OK
037,037 - Lacaly AlMahmal - MAATC,336523,1.00,1.00,0.00,OK
037,037 - Lacaly AlMahmal - MAATC,336524,1.00,1.00,0.00,OK
037,037 - Lacaly AlMahmal - MAATC,336525,1.00,1.00,0.00,OK
037,037 - Lacaly AlMahmal - MAATC,336526,2.00,2.00,0.00,OK
037,037 - Lacaly AlMahmal - MAATC,336527,3.00,3.00,0.00,OK
037,037 - Lacaly AlMahmal - MAATC,336529,1.00,1.00,0.00,OK
037,037 - Lacaly AlMahmal - MAATC,336530,1.00,1.00,0.00,OK
037,037 - Lacaly AlMahmal - MAATC,336531,1.00,1.00,0.00,OK
037,037 - Lacaly AlMahmal - MAATC,336532,2.00,2.00,0.00,OK
037,037 - Lacaly AlMahmal - MAATC,336533,3.00,3.00,0.00,OK
037,037 - Lacaly AlMahmal - MAATC,336534,2.00,2.00,0.00,OK
037,037 - Lacaly AlMahmal - MAATC,336535,1.00,1.00,0.00,OK
037,037 - Lacaly AlMahmal - MAATC,336536,1.00,1.00,0.00,OK
037,037 - Lacaly AlMahmal - MAATC,336537,1.00,1.00,0.00,OK
037,037 - Lacaly AlMahmal - MAATC,336538,2.00,2.00,0.00,OK
037,037 - Lacaly AlMahmal - MAATC,336539,3.00,3.00,0.00,OK
037,037 - Lacaly AlMahmal - MAATC,336542,1.00,1.00,0.00,OK
037,037 - Lacaly AlMahmal - MAATC,336543,1.00,1.00,0.00,OK
037,037 - Lacaly AlMahmal - MAATC,336544,2.00,2.00,0.00,OK
037,037 - Lacaly AlMahmal - MAATC,336545,3.00,3.00,0.00,OK
037,037 - Lacaly AlMahmal - MAATC,336546,2.00,2.00,0.00,OK
037,037 - Lacaly AlMahmal - MAATC,336547,1.00,1.00,0.00,OK
037,037 - Lacaly AlMahmal - MAATC,336548,1.00,1.00,0.00,OK
037,037 - Lacaly AlMahmal - MAATC,336549,1.00,1.00,0.00,OK
037,037 - Lacaly AlMahmal - MAATC,336550,2.00,2.00,0.00,OK
037,037 - Lacaly AlMahmal - MAATC,336551,3.00,3.00,0.00,OK
037,037 - Lacaly AlMahmal - MAATC,336552,2.00,2.00,0.00,OK
037,037 - Lacaly AlMahmal - MAATC,336553,1.00,1.00,0.00,OK
037,037 - Lacaly AlMahmal - MAATC,336554,1.00,1.00,0.00,OK
037,037 - Lacaly AlMahmal - MAATC,336555,1.00,1.00,0.00,OK
037,037 - Lacaly AlMahmal - MAATC,336556,2.00,2.00,0.00,OK
037,037 - Lacaly AlMahmal - MAATC,336557,3.00,3.00,0.00,OK
037,037 - Lacaly AlMahmal - MAATC,336558,2.00,2.00,0.00,OK
037,037 - Lacaly AlMahmal - MAATC,336559,1.00,1.00,0.00,OK
037,037 - Lacaly AlMahmal - MAATC,336560,1.00,1.00,0.00,OK
037,037 - Lacaly AlMahmal - MAATC,336561,1.00,1.00,0.00,OK
037,037 - Lacaly AlMahmal - MAATC,336562,2.00,2.00,0.00,OK
037,037 - Lacaly AlMahmal - MAATC,336564,2.00,2.00,0.00,OK
037,037 - Lacaly AlMahmal - MAATC,336565,1.00,1.00,0.00,OK
037,037 - Lacaly AlMahmal - MAATC,336566,1.00,1.00,0.00,OK
037,037 - Lacaly AlMahmal - MAATC,336567,1.00,1.00,0.00,OK
037,037 - Lacaly AlMahmal - MAATC,336568,2.00,2.00,0.00,OK
037,037 - Lacaly AlMahmal - MAATC,336569,3.00,3.00,0.00,OK
037,037 - Lacaly AlMahmal - MAATC,336570,2.00,2.00,0.00,OK
037,037 - Lacaly AlMahmal - MAATC,336571,1.00,1.00,0.00,OK
037,037 - Lacaly AlMahmal - MAATC,336572,1.00,1.00,0.00,OK
037,037 - Lacaly AlMahmal - MAATC,336573,1.00,1.00,0.00,OK
037,037 - Lacaly AlMahmal - MAATC,336574,2.00,2.00,0.00,OK
037,037 - Lacaly AlMahmal - MAATC,336575,3.00,3.00,0.00,OK
037,037 - Lacaly AlMahmal - MAATC,336576,2.00,2.00,0.00,OK
037,037 - Lacaly AlMahmal - MAATC,336578,1.00,1.00,0.00,OK
037,037 - Lacaly AlMahmal - MAATC,336579,1.00,1.00,0.00,OK
037,037 - Lacaly AlMahmal - MAATC,336580,2.00,2.00,0.00,OK
037,037 - Lacaly AlMahmal - MAATC,336581,3.00,3.00,0.00,OK
037,037 - Lacaly AlMahmal - MAATC,336582,2.00,2.00,0.00,OK
037,037 - Lacaly AlMahmal - MAATC,336583,1.00,1.00,0.00,OK
037,037 - Lacaly AlMahmal - MAATC,336584,1.00,1.00,0.00,OK
037,037 - Lacaly AlMahmal - MAATC,336585,1.00,1.00,0.00,OK
037,037 - Lacaly AlMahmal - MAATC,336586,2.00,2.00,0.00,OK
037,037 - Lacaly AlMahmal - MAATC,336587,3.00,3.00,0.00,OK
037,037 - Lacaly AlMahmal - MAATC,336588,2.00,2.00,0.00,OK
037,037 - Lacaly AlMahmal - MAATC,336589,1.00,1.00,0.00,OK
037,037 - Lacaly AlMahmal - MAATC,336590,1.00,1.00,0.00,OK
037,037 - Lacaly AlMahmal - MAATC,336591,1.00,1.00,0.00,OK
037,037 - Lacaly AlMahmal - MAATC,336592,2.00,2.00,0.00,OK
037,037 - Lacaly AlMahmal - MAATC,336593,3.00,3.00,0.00,OK
037,037 - Lacaly AlMahmal - MAATC,336594,3.00,3.00,0.00,OK
037,037 - Lacaly AlMahmal - MAATC,336595,2.00,2.00,0.00,OK
037,037 - Lacaly AlMahmal - MAATC,336596,1.00,1.00,0.00,OK
037,037 - Lacaly AlMahmal - MAATC,336597,1.00,1.00,0.00,OK
037,037 - Lacaly AlMahmal - MAATC,336598,1.00,1.00,0.00,OK
037,037 - Lacaly AlMahmal - MAATC,336599,3.00,3.00,0.00,OK
037,037 - Lacaly AlMahmal - MAATC,336600,3.00,3.00,0.00,OK
037,037 - Lacaly AlMahmal - MAATC,336601,2.00,2.00,0.00,OK
037,037 - Lacaly AlMahmal - MAATC,336602,1.00,1.00,0.00,OK
037,037 - Lacaly AlMahmal - MAATC,336603,1.00,1.00,0.00,OK
037,037 - Lacaly AlMahmal - MAATC,336604,1.00,1.00,0.00,OK
037,037 - Lacaly AlMahmal - MAATC,336605,2.00,2.00,0.00,OK
037,037 - Lacaly AlMahmal - MAATC,336606,3.00,3.00,0.00,OK
037,037 - Lacaly AlMahmal - MAATC,336607,3.00,3.00,0.00,OK
037,037 - Lacaly AlMahmal - MAATC,336608,2.00,2.00,0.00,OK
037,037 - Lacaly AlMahmal - MAATC,336609,1.00,1.00,0.00,OK
037,037 - Lacaly AlMahmal - MAATC,336610,1.00,1.00,0.00,OK
037,037 - Lacaly AlMahmal - MAATC,336611,2.00,2.00,0.00,OK
037,037 - Lacaly AlMahmal - MAATC,336612,3.00,3.00,0.00,OK
037,037 - Lacaly AlMahmal - MAATC,336613,3.00,3.00,0.00,OK
037,037 - Lacaly AlMahmal - MAATC,336614,2.00,2.00,0.00,OK
037,037 - Lacaly AlMahmal - MAATC,336615,1.00,1.00,0.00,OK
037,037 - Lacaly AlMahmal - MAATC,336616,1.00,1.00,0.00,OK
037,037 - Lacaly AlMahmal - MAATC,336617,1.00,1.00,0.00,OK
037,037 - Lacaly AlMahmal - MAATC,336618,3.00,3.00,0.00,OK
037,037 - Lacaly AlMahmal - MAATC,336619,3.00,3.00,0.00,OK
037,037 - Lacaly AlMahmal - MAATC,336620,2.00,2.00,0.00,OK
037,037 - Lacaly AlMahmal - MAATC,336621,1.00,1.00,0.00,OK
037,037 - Lacaly AlMahmal - MAATC,336622,1.00,1.00,0.00,OK
037,037 - Lacaly AlMahmal - MAATC,336623,1.00,1.00,0.00,OK
037,037 - Lacaly AlMahmal - MAATC,336624,1.00,1.00,0.00,OK
037,037 - Lacaly AlMahmal - MAATC,336625,3.00,3.00,0.00,OK
037,037 - Lacaly AlMahmal - MAATC,336626,3.00,3.00,0.00,OK
037,037 - Lacaly AlMahmal - MAATC,336627,2.00,2.00,0.00,OK
037,037 - Lacaly AlMahmal - MAATC,336628,1.00,1.00,0.00,OK
037,037 - Lacaly AlMahmal - MAATC,336629,1.00,1.00,0.00,OK
037,037 - Lacaly AlMahmal - MAATC,336630,1.00,1.00,0.00,OK
037,037 - Lacaly AlMahmal - MAATC,336631,2.00,2.00,0.00,OK
037,037 - Lacaly AlMahmal - MAATC,336632,3.00,3.00,0.00,OK
037,037 - Lacaly AlMahmal - MAATC,336633,3.00,3.00,0.00,OK
037,037 - Lacaly AlMahmal - MAATC,336634,3.00,3.00,0.00,OK
037,037 - Lacaly AlMahmal - MAATC,336635,1.00,1.00,0.00,OK
037,037 - Lacaly AlMahmal - MAATC,336636,2.00,2.00,0.00,OK
037,037 - Lacaly AlMahmal - MAATC,336637,3.00,3.00,0.00,OK
037,037 - Lacaly AlMahmal - MAATC,336638,3.00,3.00,0.00,OK
037,037 - Lacaly AlMahmal - MAATC,336639,3.00,3.00,0.00,OK
037,037 - Lacaly AlMahmal - MAATC,336640,1.00,1.00,0.00,OK
037,037 - Lacaly AlMahmal - MAATC,336641,2.00,2.00,0.00,OK
037,037 - Lacaly AlMahmal - MAATC,336642,3.00,3.00,0.00,OK
037,037 - Lacaly AlMahmal - MAATC,336643,3.00,3.00,0.00,OK
037,037 - Lacaly AlMahmal - MAATC,336644,3.00,3.00,0.00,OK
037,037 - Lacaly AlMahmal - MAATC,336645,1.00,1.00,0.00,OK
037,037 - Lacaly AlMahmal - MAATC,336646,2.00,2.00,0.00,OK
037,037 - Lacaly AlMahmal - MAATC,336647,3.00,3.00,0.00,OK
037,037 - Lacaly AlMahmal - MAATC,336648,3.00,3.00,0.00,OK
037,037 - Lacaly AlMahmal - MAATC,336649,3.00,3.00,0.00,OK
037,037 - Lacaly AlMahmal - MAATC,336650,1.00,1.00,0.00,OK
037,037 - Lacaly AlMahmal - MAATC,336651,2.00,2.00,0.00,OK
037,037 - Lacaly AlMahmal - MAATC,336652,3.00,3.00,0.00,OK
037,037 - Lacaly AlMahmal - MAATC,336653,3.00,3.00,0.00,OK
037,037 - Lacaly AlMahmal - MAATC,336654,2.00,2.00,0.00,OK
037,037 - Lacaly AlMahmal - MAATC,336655,1.00,1.00,0.00,OK
037,037 - Lacaly AlMahmal - MAATC,336656,1.00,1.00,0.00,OK
037,037 - Lacaly AlMahmal - MAATC,336657,2.00,2.00,0.00,OK
037,037 - Lacaly AlMahmal - MAATC,336658,3.00,3.00,0.00,OK
037,037 - Lacaly AlMahmal - MAATC,336659,3.00,3.00,0.00,OK
037,037 - Lacaly AlMahmal - MAATC,336660,3.00,3.00,0.00,OK
037,037 - Lacaly AlMahmal - MAATC,336661,1.00,1.00,0.00,OK
037,037 - Lacaly AlMahmal - MAATC,336662,2.00,2.00,0.00,OK
037,037 - Lacaly AlMahmal - MAATC,336663,3.00,3.00,0.00,OK
037,037 - Lacaly AlMahmal - MAATC,336664,3.00,3.00,0.00,OK
037,037 - Lacaly AlMahmal - MAATC,336665,3.00,3.00,0.00,OK
037,037 - Lacaly AlMahmal - MAATC,336666,1.00,1.00,0.00,OK
037,037 - Lacaly AlMahmal - MAATC,336667,2.00,2.00,0.00,OK
037,037 - Lacaly AlMahmal - MAATC,336668,3.00,3.00,0.00,OK
037,037 - Lacaly AlMahmal - MAATC,336669,3.00,3.00,0.00,OK
037,037 - Lacaly AlMahmal - MAATC,336670,3.00,3.00,0.00,OK
037,037 - Lacaly AlMahmal - MAATC,336671,1.00,1.00,0.00,OK
037,037 - Lacaly AlMahmal - MAATC,336672,2.00,2.00,0.00,OK
037,037 - Lacaly AlMahmal - MAATC,336673,3.00,3.00,0.00,OK
037,037 - Lacaly AlMahmal - MAATC,336674,3.00,3.00,0.00,OK
037,037 - Lacaly AlMahmal - MAATC,336675,3.00,3.00,0.00,OK
037,037 - Lacaly AlMahmal - MAATC,336676,2.00,2.00,0.00,OK
037,037 - Lacaly AlMahmal - MAATC,336677,3.00,3.00,0.00,OK
037,037 - Lacaly AlMahmal - MAATC,336678,3.00,3.00,0.00,OK
037,037 - Lacaly AlMahmal - MAATC,336679,3.00,3.00,0.00,OK
037,037 - Lacaly AlMahmal - MAATC,336680,1.00,1.00,0.00,OK
037,037 - Lacaly AlMahmal - MAATC,336681,2.00,2.00,0.00,OK
037,037 - Lacaly AlMahmal - MAATC,336682,3.00,3.00,0.00,OK
037,037 - Lacaly AlMahmal - MAATC,336683,3.00,3.00,0.00,OK
037,037 - Lacaly AlMahmal - MAATC,336684,3.00,3.00,0.00,OK
037,037 - Lacaly AlMahmal - MAATC,336685,1.00,1.00,0.00,OK
037,037 - Lacaly AlMahmal - MAATC,336686,1.00,1.00,0.00,OK
037,037 - Lacaly AlMahmal - MAATC,336687,2.00,2.00,0.00,OK
037,037 - Lacaly AlMahmal - MAATC,336688,3.00,3.00,0.00,OK
037,037 - Lacaly AlMahmal - MAATC,336689,3.00,3.00,0.00,OK
037,037 - Lacaly AlMahmal - MAATC,336690,2.00,2.00,0.00,OK
037,037 - Lacaly AlMahmal - MAATC,336691,1.00,1.00,0.00,OK
037,037 - Lacaly AlMahmal - MAATC,336692,2.00,2.00,0.00,OK
037,037 - Lacaly AlMahmal - MAATC,336693,3.00,3.00,0.00,OK
037,037 - Lacaly AlMahmal - MAATC,336694,3.00,3.00,0.00,OK
037,037 - Lacaly AlMahmal - MAATC,336695,3.00,3.00,0.00,OK
037,037 - Lacaly AlMahmal - MAATC,336696,1.00,1.00,0.00,OK
037,037 - Lacaly AlMahmal - MAATC,336697,2.00,2.00,0.00,OK
037,037 - Lacaly AlMahmal - MAATC,336698,3.00,3.00,0.00,OK
037,037 - Lacaly AlMahmal - MAATC,336699,3.00,3.00,0.00,OK
037,037 - Lacaly AlMahmal - MAATC,336700,3.00,3.00,0.00,OK
037,037 - Lacaly AlMahmal - MAATC,336701,1.00,1.00,0.00,OK
037,037 - Lacaly AlMahmal - MAATC,336702,1.00,1.00,0.00,OK
037,037 - Lacaly AlMahmal - MAATC,336703,2.00,2.00,0.00,OK
037,037 - Lacaly AlMahmal - MAATC,336704,3.00,3.00,0.00,OK
037,037 - Lacaly AlMahmal - MAATC,336705,3.00,3.00,0.00,OK
037,037 - Lacaly AlMahmal - MAATC,336706,2.00,2.00,0.00,OK
037,037 - Lacaly AlMahmal - MAATC,336707,1.00,1.00,0.00,OK
037,037 - Lacaly AlMahmal - MAATC,336708,2.00,2.00,0.00,OK
037,037 - Lacaly AlMahmal - MAATC,336709,3.00,3.00,0.00,OK
037,037 - Lacaly AlMahmal - MAATC,336710,3.00,3.00,0.00,OK
037,037 - Lacaly AlMahmal - MAATC,336711,3.00,3.00,0.00,OK
037,037 - Lacaly AlMahmal - MAATC,336712,1.00,1.00,0.00,OK
037,037 - Lacaly AlMahmal - MAATC,336713,2.00,2.00,0.00,OK
037,037 - Lacaly AlMahmal - MAATC,336714,3.00,3.00,0.00,OK
037,037 - Lacaly AlMahmal - MAATC,336715,3.00,3.00,0.00,OK
037,037 - Lacaly AlMahmal - MAATC,336716,3.00,3.00,0.00,OK
037,037 - Lacaly AlMahmal - MAATC,336805,2.00,2.00,0.00,OK