store_code,showroom,distribution_carton,box_status,item,item_name,qty
002,002 - Unaizah - Almoosa - MAATC,002-S-20,Closed,336048,361° MEN SCK,6
002,002 - Unaizah - Almoosa - MAATC,002-S-20,Closed,336049,361° MEN SCK,6
002,002 - Unaizah - Almoosa - MAATC,002-S-20,Closed,336050,361° MEN SCK,6
002,002 - Unaizah - Almoosa - MAATC,002-S-20,Closed,336051,361° MEN SCK,6
002,002 - Unaizah - Almoosa - MAATC,002-S-20,Closed,336052,361° MEN SCK,6
002,002 - Unaizah - Almoosa - MAATC,002-S-20,Closed,336053,361° MEN SCK,6
002,002 - Unaizah - Almoosa - MAATC,002-S-20,Closed,336054,361° MEN SCK,6
002,002 - Unaizah - Almoosa - MAATC,002-S-20,Closed,336055,361° MEN SCK,6
002,002 - Unaizah - Almoosa - MAATC,002-S-20,Closed,336056,361° MEN SCK,6
002,002 - Unaizah - Almoosa - MAATC,002-S-20,Closed,336057,361° USX SCK,2
002,002 - Unaizah - Almoosa - MAATC,002-S-20,Closed,336058,361° USX SCK,4
002,002 - Unaizah - Almoosa - MAATC,002-S-20,Closed,336059,361° USX SCK,2
002,002 - Unaizah - Almoosa - MAATC,002-S-20,Closed,336060,361° USX SCK,2
002,002 - Unaizah - Almoosa - MAATC,002-S-20,Closed,336061,361° USX SCK,4
002,002 - Unaizah - Almoosa - MAATC,002-S-20,Closed,336062,361° USX SCK,2
002,002 - Unaizah - Almoosa - MAATC,002-S-20,Closed,336063,361° USX SCK,2
002,002 - Unaizah - Almoosa - MAATC,002-S-20,Closed,336064,361° USX SCK,4
002,002 - Unaizah - Almoosa - MAATC,002-S-20,Closed,336065,361° USX SCK,2
002,002 - Unaizah - Almoosa - MAATC,002-S-20,Closed,336066,361° USX SCK,2
002,002 - Unaizah - Almoosa - MAATC,002-S-20,Closed,336067,361° USX SCK,4
002,002 - Unaizah - Almoosa - MAATC,002-S-20,Closed,336068,361° USX SCK,2
002,002 - Unaizah - Almoosa - MAATC,002-S-20,Closed,336069,361° USX SCK,2
002,002 - Unaizah - Almoosa - MAATC,002-S-20,Closed,336070,361° USX SCK,4
002,002 - Unaizah - Almoosa - MAATC,002-S-20,Closed,336071,361° USX SCK,2
002,002 - Unaizah - Almoosa - MAATC,002-S-20,Closed,336072,361° USX SCK,2
002,002 - Unaizah - Almoosa - MAATC,002-S-20,Closed,336073,361° USX SCK,4
002,002 - Unaizah - Almoosa - MAATC,002-S-20,Closed,336074,361° USX SCK,2
004,004 - Alras - Almoosa - MAATC,004-S-13,Closed,336048,361° MEN SCK,6
004,004 - Alras - Almoosa - MAATC,004-S-13,Closed,336049,361° MEN SCK,6
004,004 - Alras - Almoosa - MAATC,004-S-13,Closed,336050,361° MEN SCK,6
004,004 - Alras - Almoosa - MAATC,004-S-13,Closed,336051,361° MEN SCK,6
004,004 - Alras - Almoosa - MAATC,004-S-13,Closed,336052,361° MEN SCK,6
004,004 - Alras - Almoosa - MAATC,004-S-13,Closed,336053,361° MEN SCK,6
004,004 - Alras - Almoosa - MAATC,004-S-13,Closed,336054,361° MEN SCK,6
004,004 - Alras - Almoosa - MAATC,004-S-13,Closed,336055,361° MEN SCK,6
004,004 - Alras - Almoosa - MAATC,004-S-13,Closed,336056,361° MEN SCK,6
004,004 - Alras - Almoosa - MAATC,004-S-13,Closed,336057,361° USX SCK,2
004,004 - Alras - Almoosa - MAATC,004-S-13,Closed,336058,361° USX SCK,4
004,004 - Alras - Almoosa - MAATC,004-S-13,Closed,336059,361° USX SCK,2
004,004 - Alras - Almoosa - MAATC,004-S-13,Closed,336060,361° USX SCK,2
004,004 - Alras - Almoosa - MAATC,004-S-13,Closed,336061,361° USX SCK,4
004,004 - Alras - Almoosa - MAATC,004-S-13,Closed,336062,361° USX SCK,2
004,004 - Alras - Almoosa - MAATC,004-S-13,Closed,336063,361° USX SCK,2
004,004 - Alras - Almoosa - MAATC,004-S-13,Closed,336064,361° USX SCK,4
004,004 - Alras - Almoosa - MAATC,004-S-13,Closed,336065,361° USX SCK,2
004,004 - Alras - Almoosa - MAATC,004-S-13,Closed,336066,361° USX SCK,2
004,004 - Alras - Almoosa - MAATC,004-S-13,Closed,336067,361° USX SCK,4
004,004 - Alras - Almoosa - MAATC,004-S-13,Closed,336068,361° USX SCK,2
004,004 - Alras - Almoosa - MAATC,004-S-13,Closed,336069,361° USX SCK,2
004,004 - Alras - Almoosa - MAATC,004-S-13,Closed,336070,361° USX SCK,4
004,004 - Alras - Almoosa - MAATC,004-S-13,Closed,336071,361° USX SCK,2
004,004 - Alras - Almoosa - MAATC,004-S-13,Closed,336072,361° USX SCK,2
004,004 - Alras - Almoosa - MAATC,004-S-13,Closed,336073,361° USX SCK,4
004,004 - Alras - Almoosa - MAATC,004-S-13,Closed,336074,361° USX SCK,2
006,006 - Alhfof - Almoosa - MAATC,006-A-02,Closed,336474,361° MEN TSU,2
006,006 - Alhfof - Almoosa - MAATC,006-A-03,Closed,336116,361° MEN TSU,1
006,006 - Alhfof - Almoosa - MAATC,006-A-03,Closed,336122,361° MEN TSU,1
006,006 - Alhfof - Almoosa - MAATC,006-A-03,Closed,336123,361° MEN TSS,1
006,006 - Alhfof - Almoosa - MAATC,006-A-03,Closed,336131,361° MEN TSS,3
006,006 - Alhfof - Almoosa - MAATC,006-A-03,Closed,336153,361° MEN TSS,1
006,006 - Alhfof - Almoosa - MAATC,006-A-03,Closed,336154,361° MEN TSS,2
006,006 - Alhfof - Almoosa - MAATC,006-A-03,Closed,336155,361° MEN TSS,3
006,006 - Alhfof - Almoosa - MAATC,006-A-03,Closed,336157,361° MEN TSS,1
006,006 - Alhfof - Almoosa - MAATC,006-A-03,Closed,336171,361° MEN TSS,1
006,006 - Alhfof - Almoosa - MAATC,006-A-03,Closed,336174,361° MEN TSS,2
006,006 - Alhfof - Almoosa - MAATC,006-A-03,Closed,336182,361° MEN TSS,1
006,006 - Alhfof - Almoosa - MAATC,006-A-03,Closed,336216,361° MEN TSS,2
006,006 - Alhfof - Almoosa - MAATC,006-A-03,Closed,336237,361° MEN SRT,1
006,006 - Alhfof - Almoosa - MAATC,006-A-03,Closed,336248,361° MEN SRT,1
006,006 - Alhfof - Almoosa - MAATC,006-A-03,Closed,336267,361° MEN TSU,1
006,006 - Alhfof - Almoosa - MAATC,006-A-03,Closed,336268,361° MEN TSU,2
006,006 - Alhfof - Almoosa - MAATC,006-A-03,Closed,336270,361° MEN TSU,2
006,006 - Alhfof - Almoosa - MAATC,006-A-03,Closed,336272,361° MEN TSU,1
006,006 - Alhfof - Almoosa - MAATC,006-A-03,Closed,336273,361° MEN TSU,1
006,006 - Alhfof - Almoosa - MAATC,006-A-03,Closed,336274,361° MEN TSU,2
006,006 - Alhfof - Almoosa - MAATC,006-A-03,Closed,336278,361° MEN TSU,1
006,006 - Alhfof - Almoosa - MAATC,006-A-03,Closed,336280,361° MEN TSS,2
006,006 - Alhfof - Almoosa - MAATC,006-A-03,Closed,336281,361° MEN TSS,3
006,006 - Alhfof - Almoosa - MAATC,006-A-03,Closed,336285,361° MEN TSS,1
006,006 - Alhfof - Almoosa - MAATC,006-A-03,Closed,336289,361° MEN TSS,1
006,006 - Alhfof - Almoosa - MAATC,006-A-03,Closed,336324,361° MEN CPR,2
006,006 - Alhfof - Almoosa - MAATC,006-A-03,Closed,336325,361° MEN CPR,1
006,006 - Alhfof - Almoosa - MAATC,006-A-03,Closed,336326,361° MEN CPR,1
006,006 - Alhfof - Almoosa - MAATC,006-A-03,Closed,336345,361° MEN TSU,1
006,006 - Alhfof - Almoosa - MAATC,006-A-03,Closed,336350,361° MEN TSU,1
006,006 - Alhfof - Almoosa - MAATC,006-A-03,Closed,336355,361° MEN TSU,1
006,006 - Alhfof - Almoosa - MAATC,006-A-03,Closed,336356,361° MEN TSU,1
006,006 - Alhfof - Almoosa - MAATC,006-A-03,Closed,336419,361° MEN PTK,3
006,006 - Alhfof - Almoosa - MAATC,006-A-03,Closed,336420,361° MEN PTK,2
006,006 - Alhfof - Almoosa - MAATC,006-A-03,Closed,336424,361° MEN PTK,2
006,006 - Alhfof - Almoosa - MAATC,006-A-03,Closed,336429,361° MEN PTK,1
006,006 - Alhfof - Almoosa - MAATC,006-A-03,Closed,336436,361° MEN TSS,2
006,006 - Alhfof - Almoosa - MAATC,006-A-03,Closed,336440,361° MEN TSS,1
006,006 - Alhfof - Almoosa - MAATC,006-A-03,Closed,336441,361° MEN TSS,1
006,006 - Alhfof - Almoosa - MAATC,006-A-03,Closed,336445,361° MEN TSS,1
006,006 - Alhfof - Almoosa - MAATC,006-A-03,Closed,336446,361° MEN TSS,1
006,006 - Alhfof - Almoosa - MAATC,006-A-03,Closed,336453,361° MEN TSU,1
006,006 - Alhfof - Almoosa - MAATC,006-A-03,Closed,336462,361° MEN TSS,2
006,006 - Alhfof - Almoosa - MAATC,006-A-04,Closed,336125,361° MEN TSS,3
006,006 - Alhfof - Almoosa - MAATC,006-A-04,Closed,336135,361° MEN SRT,1
006,006 - Alhfof - Almoosa - MAATC,006-A-04,Closed,336139,361° MEN SRT,1
006,006 - Alhfof - Almoosa - MAATC,006-A-04,Closed,336140,361° MEN SRT,1
006,006 - Alhfof - Almoosa - MAATC,006-A-04,Closed,336141,361° MEN SRT,1
006,006 - Alhfof - Almoosa - MAATC,006-A-04,Closed,336148,361° MEN TSS,2
006,006 - Alhfof - Almoosa - MAATC,006-A-04,Closed,336149,361° MEN TSS,3
006,006 - Alhfof - Almoosa - MAATC,006-A-04,Closed,336167,361° MEN TSS,3
006,006 - Alhfof - Almoosa - MAATC,006-A-04,Closed,336173,361° MEN TSS,3
006,006 - Alhfof - Almoosa - MAATC,006-A-04,Closed,336180,361° MEN TSS,2
006,006 - Alhfof - Almoosa - MAATC,006-A-04,Closed,336181,361° MEN TSS,1
006,006 - Alhfof - Almoosa - MAATC,006-A-04,Closed,336186,361° MEN TSS,2
006,006 - Alhfof - Almoosa - MAATC,006-A-04,Closed,336189,361° MEN TSS,1
006,006 - Alhfof - Almoosa - MAATC,006-A-04,Closed,336191,361° MEN TSS,3
006,006 - Alhfof - Almoosa - MAATC,006-A-04,Closed,336204,361° MEN TSS,2
006,006 - Alhfof - Almoosa - MAATC,006-A-04,Closed,336209,361° MEN TSS,3
006,006 - Alhfof - Almoosa - MAATC,006-A-04,Closed,336218,361° MEN TSS,1
006,006 - Alhfof - Almoosa - MAATC,006-A-04,Closed,336239,361° MEN SRT,3
006,006 - Alhfof - Almoosa - MAATC,006-A-04,Closed,336247,361° MEN SRT,1
006,006 - Alhfof - Almoosa - MAATC,006-A-04,Closed,336255,361° MEN TSU,1
006,006 - Alhfof - Almoosa - MAATC,006-A-04,Closed,336256,361° MEN TSU,2
006,006 - Alhfof - Almoosa - MAATC,006-A-04,Closed,336260,361° MEN TSU,1
006,006 - Alhfof - Almoosa - MAATC,006-A-04,Closed,336283,361° MEN TSS,1
006,006 - Alhfof - Almoosa - MAATC,006-A-04,Closed,336290,361° MEN TSS,1
006,006 - Alhfof - Almoosa - MAATC,006-A-04,Closed,336311,361° MEN TSS,3
006,006 - Alhfof - Almoosa - MAATC,006-A-04,Closed,336347,361° MEN TSU,3
006,006 - Alhfof - Almoosa - MAATC,006-A-04,Closed,336357,361° MEN TSS,1
006,006 - Alhfof - Almoosa - MAATC,006-A-04,Closed,336359,361° MEN TSS,3
006,006 - Alhfof - Almoosa - MAATC,006-A-04,Closed,336360,361° MEN TSS,2
006,006 - Alhfof - Almoosa - MAATC,006-A-04,Closed,336363,361° MEN TSS,1
006,006 - Alhfof - Almoosa - MAATC,006-A-04,Closed,336364,361° MEN TSS,2
006,006 - Alhfof - Almoosa - MAATC,006-A-04,Closed,336367,361° MEN TSS,1
006,006 - Alhfof - Almoosa - MAATC,006-A-04,Closed,336368,361° MEN TSS,1
006,006 - Alhfof - Almoosa - MAATC,006-A-04,Closed,336388,361° MEN TSS,2
006,006 - Alhfof - Almoosa - MAATC,006-A-04,Closed,336389,361° MEN TSS,3
006,006 - Alhfof - Almoosa - MAATC,006-A-04,Closed,336390,361° MEN TSS,2
006,006 - Alhfof - Almoosa - MAATC,006-A-04,Closed,336393,361° MEN TSS,1
006,006 - Alhfof - Almoosa - MAATC,006-A-04,Closed,336395,361° MEN TSS,3
006,006 - Alhfof - Almoosa - MAATC,006-A-04,Closed,336396,361° MEN TSS,2
006,006 - Alhfof - Almoosa - MAATC,006-A-04,Closed,336401,361° MEN TSS,3
006,006 - Alhfof - Almoosa - MAATC,006-A-04,Closed,336471,361° MEN TSU,1
006,006 - Alhfof - Almoosa - MAATC,006-A-04,Closed,336478,361° MEN TSU,2
006,006 - Alhfof - Almoosa - MAATC,006-A-05,Closed,336185,361° MEN TSS,3
006,006 - Alhfof - Almoosa - MAATC,006-A-05,Closed,336264,361° MEN TSU,2
006,006 - Alhfof - Almoosa - MAATC,006-A-05,Closed,336322,361° MEN CPR,2
006,006 - Alhfof - Almoosa - MAATC,006-A-05,Closed,336330,361° MEN CPR,2
006,006 - Alhfof - Almoosa - MAATC,006-A-05,Closed,336477,361° MEN TSU,1
006,006 - Alhfof - Almoosa - MAATC,006-A-06,Open,336143,361° MEN SRT,3
006,006 - Alhfof - Almoosa - MAATC,006-J-01,Closed,336113,361° MEN TSU,3
006,006 - Alhfof - Almoosa - MAATC,006-J-01,Closed,336132,361° MEN TSS,2
006,006 - Alhfof - Almoosa - MAATC,006-J-01,Closed,336138,361° MEN SRT,1
006,006 - Alhfof - Almoosa - MAATC,006-J-01,Closed,336161,361° MEN TSS,3
006,006 - Alhfof - Almoosa - MAATC,006-J-01,Closed,336162,361° MEN TSS,2
006,006 - Alhfof - Almoosa - MAATC,006-J-01,Closed,336169,361° MEN TSS,1
006,006 - Alhfof - Almoosa - MAATC,006-J-01,Closed,336170,361° MEN TSS,1
006,006 - Alhfof - Almoosa - MAATC,006-J-01,Closed,336173,361° MEN TSS,3
006,006 - Alhfof - Almoosa - MAATC,006-J-01,Closed,336195,361° MEN TSS,1
006,006 - Alhfof - Almoosa - MAATC,006-J-01,Closed,336197,361° MEN TSS,3
006,006 - Alhfof - Almoosa - MAATC,006-J-01,Closed,336203,361° MEN TSS,3
006,006 - Alhfof - Almoosa - MAATC,006-J-01,Closed,336208,361° MEN TSS,2
006,006 - Alhfof - Almoosa - MAATC,006-J-01,Closed,336212,361° MEN TSS,1
006,006 - Alhfof - Almoosa - MAATC,006-J-01,Closed,336213,361° MEN TSS,1
006,006 - Alhfof - Almoosa - MAATC,006-J-01,Closed,336217,361° MEN TSS,1
006,006 - Alhfof - Almoosa - MAATC,006-J-01,Closed,336225,361° MEN SRT,1
006,006 - Alhfof - Almoosa - MAATC,006-J-01,Closed,336227,361° MEN SRT,3
006,006 - Alhfof - Almoosa - MAATC,006-J-01,Closed,336228,361° MEN SRT,2
006,006 - Alhfof - Almoosa - MAATC,006-J-01,Closed,336233,361° MEN SRT,3
006,006 - Alhfof - Almoosa - MAATC,006-J-01,Closed,336236,361° MEN SRT,1
006,006 - Alhfof - Almoosa - MAATC,006-J-01,Closed,336257,361° MEN TSU,3
006,006 - Alhfof - Almoosa - MAATC,006-J-01,Closed,336259,361° MEN TSU,1
006,006 - Alhfof - Almoosa - MAATC,006-J-01,Closed,336266,361° MEN TSU,1
006,006 - Alhfof - Almoosa - MAATC,006-J-01,Closed,336300,361° MEN TSS,2
006,006 - Alhfof - Almoosa - MAATC,006-J-01,Closed,336321,361° MEN CPR,1
006,006 - Alhfof - Almoosa - MAATC,006-J-01,Closed,336331,361° MEN CPR,1
006,006 - Alhfof - Almoosa - MAATC,006-J-01,Closed,336337,361° MEN SRT,1
006,006 - Alhfof - Almoosa - MAATC,006-J-01,Closed,336338,361° MEN SRT,1
006,006 - Alhfof - Almoosa - MAATC,006-J-01,Closed,336343,361° MEN SRT,1
006,006 - Alhfof - Almoosa - MAATC,006-J-01,Closed,336344,361° MEN SRT,1
006,006 - Alhfof - Almoosa - MAATC,006-J-01,Closed,336387,361° MEN TSS,1
006,006 - Alhfof - Almoosa - MAATC,006-J-01,Closed,336428,361° MEN PTK,1
006,006 - Alhfof - Almoosa - MAATC,006-J-01,Closed,336447,361° MEN TSU,1
006,006 - Alhfof - Almoosa - MAATC,006-J-01,Closed,336459,361° MEN TSS,1
006,006 - Alhfof - Almoosa - MAATC,006-J-01,Closed,336460,361° MEN TSS,2
006,006 - Alhfof - Almoosa - MAATC,006-J-01,Closed,336461,361° MEN TSS,3
006,006 - Alhfof - Almoosa - MAATC,006-J-01,Closed,336467,361° MEN TSS,3
006,006 - Alhfof - Almoosa - MAATC,006-J-02,Closed,336118,361° MEN TSU,2
006,006 - Alhfof - Almoosa - MAATC,006-J-02,Closed,336119,361° MEN TSU,3
006,006 - Alhfof - Almoosa - MAATC,006-J-02,Closed,336127,361° MEN TSS,1
006,006 - Alhfof - Almoosa - MAATC,006-J-02,Closed,336128,361° MEN TSS,1
006,006 - Alhfof - Almoosa - MAATC,006-J-02,Closed,336134,361° MEN TSS,1
006,006 - Alhfof - Almoosa - MAATC,006-J-02,Closed,336163,361° MEN TSS,1
006,006 - Alhfof - Almoosa - MAATC,006-J-02,Closed,336166,361° MEN TSS,2
006,006 - Alhfof - Almoosa - MAATC,006-J-02,Closed,336184,361° MEN TSS,2
006,006 - Alhfof - Almoosa - MAATC,006-J-02,Closed,336187,361° MEN TSS,1
006,006 - Alhfof - Almoosa - MAATC,006-J-02,Closed,336219,361° MEN SRT,1
006,006 - Alhfof - Almoosa - MAATC,006-J-02,Closed,336231,361° MEN SRT,1
006,006 - Alhfof - Almoosa - MAATC,006-J-02,Closed,336232,361° MEN SRT,2
006,006 - Alhfof - Almoosa - MAATC,006-J-02,Closed,336237,361° MEN SRT,1
006,006 - Alhfof - Almoosa - MAATC,006-J-02,Closed,336241,361° MEN SRT,1
006,006 - Alhfof - Almoosa - MAATC,006-J-02,Closed,336242,361° MEN SRT,1
006,006 - Alhfof - Almoosa - MAATC,006-J-02,Closed,336249,361° MEN SRT,1
006,006 - Alhfof - Almoosa - MAATC,006-J-02,Closed,336254,361° MEN SRT,1
006,006 - Alhfof - Almoosa - MAATC,006-J-02,Closed,336261,361° MEN TSU,1
006,006 - Alhfof - Almoosa - MAATC,006-J-02,Closed,336265,361° MEN TSU,1
006,006 - Alhfof - Almoosa - MAATC,006-J-02,Closed,336275,361° MEN TSU,3
006,006 - Alhfof - Almoosa - MAATC,006-J-02,Closed,336276,361° MEN TSU,2
006,006 - Alhfof - Almoosa - MAATC,006-J-02,Closed,336290,361° MEN TSS,1
006,006 - Alhfof - Almoosa - MAATC,006-J-02,Closed,336294,361° MEN TSS,2
006,006 - Alhfof - Almoosa - MAATC,006-J-02,Closed,336301,361° MEN TSS,1
006,006 - Alhfof - Almoosa - MAATC,006-J-02,Closed,336339,361° MEN SRT,1
006,006 - Alhfof - Almoosa - MAATC,006-J-02,Closed,336411,361° MEN PTK,1
006,006 - Alhfof - Almoosa - MAATC,006-J-02,Closed,336415,361° MEN PTK,1
006,006 - Alhfof - Almoosa - MAATC,006-J-02,Closed,336417,361° MEN PTK,1
006,006 - Alhfof - Almoosa - MAATC,006-J-02,Closed,336434,361° MEN PTK,1
006,006 - Alhfof - Almoosa - MAATC,006-J-02,Closed,336436,361° MEN TSS,2
006,006 - Alhfof - Almoosa - MAATC,006-J-02,Closed,336448,361° MEN TSU,2
006,006 - Alhfof - Almoosa - MAATC,006-J-02,Closed,336451,361° MEN TSU,1
006,006 - Alhfof - Almoosa - MAATC,006-J-02,Closed,336452,361° MEN TSU,1
006,006 - Alhfof - Almoosa - MAATC,006-J-02,Closed,336456,361° MEN TSU,2
006,006 - Alhfof - Almoosa - MAATC,006-J-02,Closed,336458,361° MEN TSU,1
006,006 - Alhfof - Almoosa - MAATC,006-J-02,Closed,336470,361° MEN TSS,1
006,006 - Alhfof - Almoosa - MAATC,006-J-02,Closed,336481,361° MEN TSU,1
006,006 - Alhfof - Almoosa - MAATC,006-J-03,Closed,336124,361° MEN TSS,2
006,006 - Alhfof - Almoosa - MAATC,006-J-03,Closed,336133,361° MEN TSS,1
006,006 - Alhfof - Almoosa - MAATC,006-J-03,Closed,336164,361° MEN TSS,1
006,006 - Alhfof - Almoosa - MAATC,006-J-03,Closed,336167,361° MEN TSS,3
006,006 - Alhfof - Almoosa - MAATC,006-J-03,Closed,336248,361° MEN SRT,1
006,006 - Alhfof - Almoosa - MAATC,006-J-03,Closed,336279,361° MEN TSS,1
006,006 - Alhfof - Almoosa - MAATC,006-J-03,Closed,336281,361° MEN TSS,1
006,006 - Alhfof - Almoosa - MAATC,006-J-03,Closed,336298,361° MEN TSS,2
006,006 - Alhfof - Almoosa - MAATC,006-J-03,Closed,336313,361° MEN TSS,1
006,006 - Alhfof - Almoosa - MAATC,006-J-03,Closed,336316,361° MEN TSS,2
006,006 - Alhfof - Almoosa - MAATC,006-J-03,Closed,336333,361° MEN SRT,1
006,006 - Alhfof - Almoosa - MAATC,006-J-03,Closed,336334,361° MEN SRT,2
006,006 - Alhfof - Almoosa - MAATC,006-J-03,Closed,336341,361° MEN SRT,3
006,006 - Alhfof - Almoosa - MAATC,006-J-03,Closed,336346,361° MEN TSU,2
006,006 - Alhfof - Almoosa - MAATC,006-J-03,Closed,336347,361° MEN TSU,1
006,006 - Alhfof - Almoosa - MAATC,006-J-03,Closed,336348,361° MEN TSU,2
006,006 - Alhfof - Almoosa - MAATC,006-J-03,Closed,336350,361° MEN TSU,1
006,006 - Alhfof - Almoosa - MAATC,006-J-03,Closed,336354,361° MEN TSU,2
006,006 - Alhfof - Almoosa - MAATC,006-J-03,Closed,336356,361° MEN TSU,1
006,006 - Alhfof - Almoosa - MAATC,006-J-03,Closed,336394,361° MEN TSS,2
006,006 - Alhfof - Almoosa - MAATC,006-J-03,Closed,336396,361° MEN TSS,2
006,006 - Alhfof - Almoosa - MAATC,006-J-03,Closed,336421,361° MEN PTK,1
006,006 - Alhfof - Almoosa - MAATC,006-J-03,Closed,336450,361° MEN TSU,2
006,006 - Alhfof - Almoosa - MAATC,006-U-1,Open,336128,361° MEN TSS,1
006,006 - Alhfof - Almoosa - MAATC,006-U-1,Open,336129,361° MEN TSS,1
006,006 - Alhfof - Almoosa - MAATC,006-U-1,Open,336130,361° MEN TSS,2
006,006 - Alhfof - Almoosa - MAATC,006-U-1,Open,336138,361° MEN SRT,1
006,006 - Alhfof - Almoosa - MAATC,006-U-1,Open,336146,361° MEN SRT,1
006,006 - Alhfof - Almoosa - MAATC,006-U-1,Open,336152,361° MEN TSS,1
006,006 - Alhfof - Almoosa - MAATC,006-U-1,Open,336162,361° MEN TSS,2
006,006 - Alhfof - Almoosa - MAATC,006-U-1,Open,336165,361° MEN TSS,1
006,006 - Alhfof - Almoosa - MAATC,006-U-1,Open,336168,361° MEN TSS,2
006,006 - Alhfof - Almoosa - MAATC,006-U-1,Open,336269,361° MEN TSU,3
006,006 - Alhfof - Almoosa - MAATC,006-U-1,Open,336425,361° MEN PTK,3
006,006 - Alhfof - Almoosa - MAATC,006-U-1,Open,336442,361° MEN TSS,2
006,006 - Alhfof - Almoosa - MAATC,006-U-1,Open,336443,361° MEN TSS,3
006,006 - Alhfof - Almoosa - MAATC,006-U-1,Open,336475,361° MEN TSU,1
006,006 - Alhfof - Almoosa - MAATC,006-U-1,Open,336476,361° MEN TSU,1
006,006 - Alhfof - Almoosa - MAATC,006-U-1,Open,336479,361° MEN TSU,3
006,006 - Alhfof - Almoosa - MAATC,006-U-10,Closed,336007,361° MEN SRT,3
006,006 - Alhfof - Almoosa - MAATC,006-U-10,Closed,336010,361° MEN SRT,1
006,006 - Alhfof - Almoosa - MAATC,006-U-10,Closed,336011,361° MEN SRT,1
006,006 - Alhfof - Almoosa - MAATC,006-U-10,Closed,336017,361° MEN SRT,1
006,006 - Alhfof - Almoosa - MAATC,006-U-10,Closed,336160,361° MEN TSS,2
006,006 - Alhfof - Almoosa - MAATC,006-U-10,Closed,336172,361° MEN TSS,2
006,006 - Alhfof - Almoosa - MAATC,006-U-10,Closed,336176,361° MEN TSS,1
006,006 - Alhfof - Almoosa - MAATC,006-U-10,Closed,336178,361° MEN TSS,2
006,006 - Alhfof - Almoosa - MAATC,006-U-10,Closed,336188,361° MEN TSS,1
006,006 - Alhfof - Almoosa - MAATC,006-U-10,Closed,336190,361° MEN TSS,2
006,006 - Alhfof - Almoosa - MAATC,006-U-10,Closed,336191,361° MEN TSS,3
006,006 - Alhfof - Almoosa - MAATC,006-U-10,Closed,336196,361° MEN TSS,2
006,006 - Alhfof - Almoosa - MAATC,006-U-10,Closed,336198,361° MEN TSS,1
006,006 - Alhfof - Almoosa - MAATC,006-U-10,Closed,336199,361° MEN TSS,1
006,006 - Alhfof - Almoosa - MAATC,006-U-10,Closed,336201,361° MEN TSS,1
006,006 - Alhfof - Almoosa - MAATC,006-U-10,Closed,336204,361° MEN TSS,2
006,006 - Alhfof - Almoosa - MAATC,006-U-10,Closed,336206,361° MEN TSS,1
006,006 - Alhfof - Almoosa - MAATC,006-U-10,Closed,336208,361° MEN TSS,2
006,006 - Alhfof - Almoosa - MAATC,006-U-10,Closed,336210,361° MEN TSS,2
006,006 - Alhfof - Almoosa - MAATC,006-U-10,Closed,336214,361° MEN TSS,2
006,006 - Alhfof - Almoosa - MAATC,006-U-10,Closed,336226,361° MEN SRT,2
006,006 - Alhfof - Almoosa - MAATC,006-U-10,Closed,336229,361° MEN SRT,1
006,006 - Alhfof - Almoosa - MAATC,006-U-10,Closed,336230,361° MEN SRT,1
006,006 - Alhfof - Almoosa - MAATC,006-U-10,Closed,336234,361° MEN SRT,2
006,006 - Alhfof - Almoosa - MAATC,006-U-10,Closed,336235,361° MEN SRT,1
006,006 - Alhfof - Almoosa - MAATC,006-U-10,Closed,336244,361° MEN SRT,2
006,006 - Alhfof - Almoosa - MAATC,006-U-10,Closed,336258,361° MEN TSU,2
006,006 - Alhfof - Almoosa - MAATC,006-U-10,Closed,336318,361° MEN TSS,2
006,006 - Alhfof - Almoosa - MAATC,006-U-10,Closed,336336,361° MEN SRT,2
006,006 - Alhfof - Almoosa - MAATC,006-U-10,Closed,336342,361° MEN SRT,2
006,006 - Alhfof - Almoosa - MAATC,006-U-10,Closed,336351,361° MEN TSU,1
006,006 - Alhfof - Almoosa - MAATC,006-U-10,Closed,336353,361° MEN TSU,3
006,006 - Alhfof - Almoosa - MAATC,006-U-10,Closed,336401,361° MEN TSS,3
006,006 - Alhfof - Almoosa - MAATC,006-U-10,Closed,336402,361° MEN TSS,2
006,006 - Alhfof - Almoosa - MAATC,006-U-10,Closed,336414,361° MEN PTK,2
006,006 - Alhfof - Almoosa - MAATC,006-U-10,Closed,336423,361° MEN PTK,1
006,006 - Alhfof - Almoosa - MAATC,006-U-10,Closed,336430,361° MEN PTK,2
006,006 - Alhfof - Almoosa - MAATC,006-U-10,Closed,336433,361° MEN PTK,1
006,006 - Alhfof - Almoosa - MAATC,006-U-10,Closed,336442,361° MEN TSS,2
006,006 - Alhfof - Almoosa - MAATC,006-U-10,Closed,336460,361° MEN TSS,2
006,006 - Alhfof - Almoosa - MAATC,006-U-10,Closed,336464,361° MEN TSS,1
006,006 - Alhfof - Almoosa - MAATC,006-U-10,Closed,336465,361° MEN TSS,1
006,006 - Alhfof - Almoosa - MAATC,006-U-10,Closed,336466,361° MEN TSS,2
006,006 - Alhfof - Almoosa - MAATC,006-U-10,Closed,336469,361° MEN TSS,1
006,006 - Alhfof - Almoosa - MAATC,006-U-10,Closed,336472,361° MEN TSU,2
006,006 - Alhfof - Almoosa - MAATC,006-U-10,Closed,336482,361° MEN TSU,1
006,006 - Alhfof - Almoosa - MAATC,006-U-11,Closed,336018,361° MEN SHO,1
006,006 - Alhfof - Almoosa - MAATC,006-U-11,Closed,336019,361° MEN SHO,2
006,006 - Alhfof - Almoosa - MAATC,006-U-11,Closed,336020,361° MEN SHO,3
006,006 - Alhfof - Almoosa - MAATC,006-U-11,Closed,336021,361° MEN SHO,3
006,006 - Alhfof - Almoosa - MAATC,006-U-11,Closed,336022,361° MEN SHO,3
006,006 - Alhfof - Almoosa - MAATC,006-U-12,Closed,336023,361° MEN SHO,1
006,006 - Alhfof - Almoosa - MAATC,006-U-12,Closed,336024,361° MEN SHO,2
006,006 - Alhfof - Almoosa - MAATC,006-U-12,Closed,336025,361° MEN SHO,3
006,006 - Alhfof - Almoosa - MAATC,006-U-12,Closed,336026,361° MEN SHO,3
006,006 - Alhfof - Almoosa - MAATC,006-U-12,Closed,336027,361° MEN SHO,3
006,006 - Alhfof - Almoosa - MAATC,006-U-13,Closed,336028,361° MEN SHO,1
006,006 - Alhfof - Almoosa - MAATC,006-U-13,Closed,336029,361° MEN SHO,2
006,006 - Alhfof - Almoosa - MAATC,006-U-13,Closed,336030,361° MEN SHO,3
006,006 - Alhfof - Almoosa - MAATC,006-U-13,Closed,336031,361° MEN SHO,3
006,006 - Alhfof - Almoosa - MAATC,006-U-13,Closed,336032,361° MEN SHO,3
006,006 - Alhfof - Almoosa - MAATC,006-U-14,Closed,336006,361° MEN SRT,1
006,006 - Alhfof - Almoosa - MAATC,006-U-14,Closed,336008,361° MEN SRT,3
006,006 - Alhfof - Almoosa - MAATC,006-U-14,Closed,336014,361° MEN SRT,3
006,006 - Alhfof - Almoosa - MAATC,006-U-14,Closed,336015,361° MEN SRT,2
006,006 - Alhfof - Almoosa - MAATC,006-U-14,Closed,336132,361° MEN TSS,2
006,006 - Alhfof - Almoosa - MAATC,006-U-14,Closed,336137,361° MEN SRT,3
006,006 - Alhfof - Almoosa - MAATC,006-U-14,Closed,336139,361° MEN SRT,1
006,006 - Alhfof - Almoosa - MAATC,006-U-14,Closed,336143,361° MEN SRT,3
006,006 - Alhfof - Almoosa - MAATC,006-U-14,Closed,336144,361° MEN SRT,1
006,006 - Alhfof - Almoosa - MAATC,006-U-14,Closed,336198,361° MEN TSS,2
006,006 - Alhfof - Almoosa - MAATC,006-U-14,Closed,336199,361° MEN TSS,1
006,006 - Alhfof - Almoosa - MAATC,006-U-14,Closed,336201,361° MEN TSS,1
006,006 - Alhfof - Almoosa - MAATC,006-U-14,Closed,336207,361° MEN TSS,1
006,006 - Alhfof - Almoosa - MAATC,006-U-14,Closed,336210,361° MEN TSS,2
006,006 - Alhfof - Almoosa - MAATC,006-U-14,Closed,336238,361° MEN SRT,2
006,006 - Alhfof - Almoosa - MAATC,006-U-14,Closed,336271,361° MEN TSU,1
006,006 - Alhfof - Almoosa - MAATC,006-U-14,Closed,336288,361° MEN TSS,2
006,006 - Alhfof - Almoosa - MAATC,006-U-14,Closed,336309,361° MEN TSS,1
006,006 - Alhfof - Almoosa - MAATC,006-U-14,Closed,336310,361° MEN TSS,2
006,006 - Alhfof - Almoosa - MAATC,006-U-14,Closed,336312,361° MEN TSS,2
006,006 - Alhfof - Almoosa - MAATC,006-U-14,Closed,336314,361° MEN TSS,1
006,006 - Alhfof - Almoosa - MAATC,006-U-14,Closed,336319,361° MEN TSS,1
006,006 - Alhfof - Almoosa - MAATC,006-U-14,Closed,336320,361° MEN TSS,1
006,006 - Alhfof - Almoosa - MAATC,006-U-14,Closed,336366,361° MEN TSS,2
006,006 - Alhfof - Almoosa - MAATC,006-U-14,Closed,336399,361° MEN TSS,1
006,006 - Alhfof - Almoosa - MAATC,006-U-14,Closed,336404,361° MEN TSS,1
006,006 - Alhfof - Almoosa - MAATC,006-U-14,Closed,336409,361° MEN TSS,1
006,006 - Alhfof - Almoosa - MAATC,006-U-14,Closed,336427,361° MEN PTK,1
006,006 - Alhfof - Almoosa - MAATC,006-U-14,Closed,336428,361° MEN PTK,1
006,006 - Alhfof - Almoosa - MAATC,006-U-14,Closed,336431,361° MEN PTK,3
006,006 - Alhfof - Almoosa - MAATC,006-U-14,Closed,336435,361° MEN TSS,1
006,006 - Alhfof - Almoosa - MAATC,006-U-14,Closed,336437,361° MEN TSS,3
006,006 - Alhfof - Almoosa - MAATC,006-U-14,Closed,336439,361° MEN TSS,1
006,006 - Alhfof - Almoosa - MAATC,006-U-14,Closed,336469,361° MEN TSS,1
006,006 - Alhfof - Almoosa - MAATC,006-U-20,Closed,336038,361° USX CAP,6
006,006 - Alhfof - Almoosa - MAATC,006-U-20,Closed,336039,361° USX CAP,6
006,006 - Alhfof - Almoosa - MAATC,006-U-20,Closed,336040,361° USX CAP,6
006,006 - Alhfof - Almoosa - MAATC,006-U-20,Closed,336041,361° USX CAP,6
006,006 - Alhfof - Almoosa - MAATC,006-U-20,Closed,336042,361° USX CAP,6
006,006 - Alhfof - Almoosa - MAATC,006-U-20,Closed,336043,361° USX CAP,6
006,006 - Alhfof - Almoosa - MAATC,006-U-20,Closed,336044,361° USX CAP,6
006,006 - Alhfof - Almoosa - MAATC,006-U-20,Closed,336045,361° USX CAP,6
006,006 - Alhfof - Almoosa - MAATC,006-U-20,Closed,336046,361° USX CAP,6
006,006 - Alhfof - Almoosa - MAATC,006-U-20,Closed,336047,361° USX CAP,6
006,006 - Alhfof - Almoosa - MAATC,006-U-20,Closed,336048,361° MEN SCK,9
006,006 - Alhfof - Almoosa - MAATC,006-U-20,Closed,336049,361° MEN SCK,9
006,006 - Alhfof - Almoosa - MAATC,006-U-20,Closed,336050,361° MEN SCK,9
006,006 - Alhfof - Almoosa - MAATC,006-U-20,Closed,336051,361° MEN SCK,9
006,006 - Alhfof - Almoosa - MAATC,006-U-20,Closed,336052,361° MEN SCK,9
006,006 - Alhfof - Almoosa - MAATC,006-U-20,Closed,336053,361° MEN SCK,9
006,006 - Alhfof - Almoosa - MAATC,006-U-20,Closed,336054,361° MEN SCK,9
006,006 - Alhfof - Almoosa - MAATC,006-U-20,Closed,336055,361° MEN SCK,9
006,006 - Alhfof - Almoosa - MAATC,006-U-20,Closed,336056,361° MEN SCK,9
006,006 - Alhfof - Almoosa - MAATC,006-U-20,Closed,336057,361° USX SCK,2
006,006 - Alhfof - Almoosa - MAATC,006-U-20,Closed,336058,361° USX SCK,4
006,006 - Alhfof - Almoosa - MAATC,006-U-20,Closed,336059,361° USX SCK,2
006,006 - Alhfof - Almoosa - MAATC,006-U-20,Closed,336060,361° USX SCK,2
006,006 - Alhfof - Almoosa - MAATC,006-U-20,Closed,336061,361° USX SCK,4
006,006 - Alhfof - Almoosa - MAATC,006-U-20,Closed,336062,361° USX SCK,2
006,006 - Alhfof - Almoosa - MAATC,006-U-20,Closed,336063,361° USX SCK,2
006,006 - Alhfof - Almoosa - MAATC,006-U-20,Closed,336064,361° USX SCK,4
006,006 - Alhfof - Almoosa - MAATC,006-U-20,Closed,336065,361° USX SCK,2
006,006 - Alhfof - Almoosa - MAATC,006-U-20,Closed,336066,361° USX SCK,2
006,006 - Alhfof - Almoosa - MAATC,006-U-20,Closed,336067,361° USX SCK,4
006,006 - Alhfof - Almoosa - MAATC,006-U-20,Closed,336068,361° USX SCK,2
006,006 - Alhfof - Almoosa - MAATC,006-U-20,Closed,336069,361° USX SCK,2
006,006 - Alhfof - Almoosa - MAATC,006-U-20,Closed,336070,361° USX SCK,4
006,006 - Alhfof - Almoosa - MAATC,006-U-20,Closed,336071,361° USX SCK,2
006,006 - Alhfof - Almoosa - MAATC,006-U-20,Closed,336072,361° USX SCK,2
006,006 - Alhfof - Almoosa - MAATC,006-U-20,Closed,336073,361° USX SCK,4
006,006 - Alhfof - Almoosa - MAATC,006-U-20,Closed,336074,361° USX SCK,2
006,006 - Alhfof - Almoosa - MAATC,006-U-20,Closed,336075,361° USX INS,1
006,006 - Alhfof - Almoosa - MAATC,006-U-20,Closed,336076,361° USX INS,2
006,006 - Alhfof - Almoosa - MAATC,006-U-20,Closed,336077,361° USX INS,3
006,006 - Alhfof - Almoosa - MAATC,006-U-20,Closed,336078,361° USX INS,3
006,006 - Alhfof - Almoosa - MAATC,006-U-20,Closed,336079,361° USX INS,2
006,006 - Alhfof - Almoosa - MAATC,006-U-20,Closed,336080,361° USX INS,1
006,006 - Alhfof - Almoosa - MAATC,006-U-21,Closed,336126,361° MEN TSS,2
006,006 - Alhfof - Almoosa - MAATC,006-U-21,Closed,336131,361° MEN TSS,3
006,006 - Alhfof - Almoosa - MAATC,006-U-21,Closed,336172,361° MEN TSS,2
006,006 - Alhfof - Almoosa - MAATC,006-U-21,Closed,336175,361° MEN TSS,1
006,006 - Alhfof - Almoosa - MAATC,006-U-21,Closed,336222,361° MEN SRT,2
006,006 - Alhfof - Almoosa - MAATC,006-U-21,Closed,336240,361° MEN SRT,2
006,006 - Alhfof - Almoosa - MAATC,006-U-21,Closed,336243,361° MEN SRT,1
006,006 - Alhfof - Almoosa - MAATC,006-U-21,Closed,336245,361° MEN SRT,3
006,006 - Alhfof - Almoosa - MAATC,006-U-21,Closed,336246,361° MEN SRT,2
006,006 - Alhfof - Almoosa - MAATC,006-U-21,Closed,336250,361° MEN SRT,2
006,006 - Alhfof - Almoosa - MAATC,006-U-21,Closed,336252,361° MEN SRT,2
006,006 - Alhfof - Almoosa - MAATC,006-U-21,Closed,336253,361° MEN SRT,1
006,006 - Alhfof - Almoosa - MAATC,006-U-21,Closed,336263,361° MEN TSU,3
006,006 - Alhfof - Almoosa - MAATC,006-U-21,Closed,336277,361° MEN TSU,1
006,006 - Alhfof - Almoosa - MAATC,006-U-21,Closed,336315,361° MEN TSS,1
006,006 - Alhfof - Almoosa - MAATC,006-U-21,Closed,336317,361° MEN TSS,3
006,006 - Alhfof - Almoosa - MAATC,006-U-21,Closed,336328,361° MEN CPR,2
006,006 - Alhfof - Almoosa - MAATC,006-U-21,Closed,336335,361° MEN SRT,3
006,006 - Alhfof - Almoosa - MAATC,006-U-21,Closed,336449,361° MEN TSU,3
006,006 - Alhfof - Almoosa - MAATC,006-U-21,Closed,336456,361° MEN TSU,2
006,006 - Alhfof - Almoosa - MAATC,006-U-21,Closed,336457,361° MEN TSU,1
006,006 - Alhfof - Almoosa - MAATC,006-U-21,Closed,336473,361° MEN TSU,2
006,006 - Alhfof - Almoosa - MAATC,006-U-21,Closed,336480,361° MEN TSU,2
006,006 - Alhfof - Almoosa - MAATC,006-U-22,Closed,336121,361° MEN TSU,1
006,006 - Alhfof - Almoosa - MAATC,006-U-22,Closed,336136,361° MEN SRT,2
006,006 - Alhfof - Almoosa - MAATC,006-U-22,Closed,336150,361° MEN TSS,2
006,006 - Alhfof - Almoosa - MAATC,006-U-22,Closed,336159,361° MEN TSS,1
006,006 - Alhfof - Almoosa - MAATC,006-U-22,Closed,336179,361° MEN TSS,3
006,006 - Alhfof - Almoosa - MAATC,006-U-22,Closed,336192,361° MEN TSS,2
006,006 - Alhfof - Almoosa - MAATC,006-U-22,Closed,336262,361° MEN TSU,2
006,006 - Alhfof - Almoosa - MAATC,006-U-22,Closed,336327,361° MEN CPR,1
006,006 - Alhfof - Almoosa - MAATC,006-U-22,Closed,336365,361° MEN TSS,3
006,006 - Alhfof - Almoosa - MAATC,006-U-22,Closed,336397,361° MEN TSS,1
006,006 - Alhfof - Almoosa - MAATC,006-U-22,Closed,336455,361° MEN TSU,3
006,006 - Alhfof - Almoosa - MAATC,006-U-8,Closed,336009,361° MEN SRT,2
006,006 - Alhfof - Almoosa - MAATC,006-U-8,Closed,336013,361° MEN SRT,3
006,006 - Alhfof - Almoosa - MAATC,006-U-8,Closed,336016,361° MEN SRT,1
006,006 - Alhfof - Almoosa - MAATC,006-U-8,Closed,336111,361° MEN TSU,1
006,006 - Alhfof - Almoosa - MAATC,006-U-8,Closed,336112,361° MEN TSU,2
006,006 - Alhfof - Almoosa - MAATC,006-U-8,Closed,336114,361° MEN TSU,2
006,006 - Alhfof - Almoosa - MAATC,006-U-8,Closed,336115,361° MEN TSU,1
006,006 - Alhfof - Almoosa - MAATC,006-U-8,Closed,336117,361° MEN TSU,1
006,006 - Alhfof - Almoosa - MAATC,006-U-8,Closed,336120,361° MEN TSU,2
006,006 - Alhfof - Almoosa - MAATC,006-U-8,Closed,336156,361° MEN TSS,2
006,006 - Alhfof - Almoosa - MAATC,006-U-8,Closed,336158,361° MEN TSS,1
006,006 - Alhfof - Almoosa - MAATC,006-U-8,Closed,336177,361° MEN TSS,1
006,006 - Alhfof - Almoosa - MAATC,006-U-8,Closed,336183,361° MEN TSS,1
006,006 - Alhfof - Almoosa - MAATC,006-U-8,Closed,336193,361° MEN TSS,1
006,006 - Alhfof - Almoosa - MAATC,006-U-8,Closed,336194,361° MEN TSS,1
006,006 - Alhfof - Almoosa - MAATC,006-U-8,Closed,336195,361° MEN TSS,1
006,006 - Alhfof - Almoosa - MAATC,006-U-8,Closed,336198,361° MEN TSS,1
006,006 - Alhfof - Almoosa - MAATC,006-U-8,Closed,336223,361° MEN SRT,1
006,006 - Alhfof - Almoosa - MAATC,006-U-8,Closed,336224,361° MEN SRT,1
006,006 - Alhfof - Almoosa - MAATC,006-U-8,Closed,336237,361° MEN SRT,1
006,006 - Alhfof - Almoosa - MAATC,006-U-8,Closed,336249,361° MEN SRT,1
006,006 - Alhfof - Almoosa - MAATC,006-U-8,Closed,336250,361° MEN SRT,2
006,006 - Alhfof - Almoosa - MAATC,006-U-8,Closed,336251,361° MEN SRT,3
006,006 - Alhfof - Almoosa - MAATC,006-U-8,Closed,336257,361° MEN TSU,3
006,006 - Alhfof - Almoosa - MAATC,006-U-8,Closed,336282,361° MEN TSS,2
006,006 - Alhfof - Almoosa - MAATC,006-U-8,Closed,336284,361° MEN TSS,1
006,006 - Alhfof - Almoosa - MAATC,006-U-8,Closed,336291,361° MEN TSS,1
006,006 - Alhfof - Almoosa - MAATC,006-U-8,Closed,336292,361° MEN TSS,2
006,006 - Alhfof - Almoosa - MAATC,006-U-8,Closed,336293,361° MEN TSS,3
006,006 - Alhfof - Almoosa - MAATC,006-U-8,Closed,336296,361° MEN TSS,1
006,006 - Alhfof - Almoosa - MAATC,006-U-8,Closed,336297,361° MEN TSS,1
006,006 - Alhfof - Almoosa - MAATC,006-U-8,Closed,336299,361° MEN TSS,3
006,006 - Alhfof - Almoosa - MAATC,006-U-8,Closed,336302,361° MEN TSS,1
006,006 - Alhfof - Almoosa - MAATC,006-U-8,Closed,336303,361° MEN TSS,1
006,006 - Alhfof - Almoosa - MAATC,006-U-8,Closed,336305,361° MEN TSS,3
006,006 - Alhfof - Almoosa - MAATC,006-U-8,Closed,336329,361° MEN CPR,3
006,006 - Alhfof - Almoosa - MAATC,006-U-8,Closed,336345,361° MEN TSU,1
006,006 - Alhfof - Almoosa - MAATC,006-U-8,Closed,336347,361° MEN TSU,3
006,006 - Alhfof - Almoosa - MAATC,006-U-8,Closed,336348,361° MEN TSU,1
006,006 - Alhfof - Almoosa - MAATC,006-U-8,Closed,336349,361° MEN TSU,1
006,006 - Alhfof - Almoosa - MAATC,006-U-8,Closed,336408,361° MEN TSS,2
006,006 - Alhfof - Almoosa - MAATC,006-U-8,Closed,336412,361° MEN PTK,2
006,006 - Alhfof - Almoosa - MAATC,006-U-8,Closed,336413,361° MEN PTK,3
006,006 - Alhfof - Almoosa - MAATC,006-U-8,Closed,336416,361° MEN PTK,1
006,006 - Alhfof - Almoosa - MAATC,006-U-8,Closed,336420,361° MEN PTK,2
006,006 - Alhfof - Almoosa - MAATC,006-U-8,Closed,336424,361° MEN PTK,2
006,006 - Alhfof - Almoosa - MAATC,006-U-8,Closed,336426,361° MEN PTK,2
006,006 - Alhfof - Almoosa - MAATC,006-U-8,Closed,336438,361° MEN TSS,2
006,006 - Alhfof - Almoosa - MAATC,006-U-8,Closed,336444,361° MEN TSS,2
006,006 - Alhfof - Almoosa - MAATC,006-U-8,Closed,336448,361° MEN TSU,2
006,006 - Alhfof - Almoosa - MAATC,006-U-8,Closed,336461,361° MEN TSS,3
006,006 - Alhfof - Almoosa - MAATC,006-U-8,Closed,336467,361° MEN TSS,3
006,006 - Alhfof - Almoosa - MAATC,006-U-8,Closed,336468,361° MEN TSS,2
006,006 - Alhfof - Almoosa - MAATC,006-U-9,Closed,336118,361° MEN TSU,2
006,006 - Alhfof - Almoosa - MAATC,006-U-9,Closed,336142,361° MEN SRT,2
006,006 - Alhfof - Almoosa - MAATC,006-U-9,Closed,336144,361° MEN SRT,2
006,006 - Alhfof - Almoosa - MAATC,006-U-9,Closed,336147,361° MEN TSS,1
006,006 - Alhfof - Almoosa - MAATC,006-U-9,Closed,336149,361° MEN TSS,3
006,006 - Alhfof - Almoosa - MAATC,006-U-9,Closed,336200,361° MEN TSS,1
006,006 - Alhfof - Almoosa - MAATC,006-U-9,Closed,336202,361° MEN TSS,2
006,006 - Alhfof - Almoosa - MAATC,006-U-9,Closed,336203,361° MEN TSS,3
006,006 - Alhfof - Almoosa - MAATC,006-U-9,Closed,336205,361° MEN TSS,1
006,006 - Alhfof - Almoosa - MAATC,006-U-9,Closed,336211,361° MEN TSS,1
006,006 - Alhfof - Almoosa - MAATC,006-U-9,Closed,336215,361° MEN TSS,3
006,006 - Alhfof - Almoosa - MAATC,006-U-9,Closed,336216,361° MEN TSS,2
006,006 - Alhfof - Almoosa - MAATC,006-U-9,Closed,336220,361° MEN SRT,2
006,006 - Alhfof - Almoosa - MAATC,006-U-9,Closed,336221,361° MEN SRT,3
006,006 - Alhfof - Almoosa - MAATC,006-U-9,Closed,336238,361° MEN SRT,2
006,006 - Alhfof - Almoosa - MAATC,006-U-9,Closed,336268,361° MEN TSU,2
006,006 - Alhfof - Almoosa - MAATC,006-U-9,Closed,336286,361° MEN TSS,2
006,006 - Alhfof - Almoosa - MAATC,006-U-9,Closed,336287,361° MEN TSS,3
006,006 - Alhfof - Almoosa - MAATC,006-U-9,Closed,336295,361° MEN TSS,1
006,006 - Alhfof - Almoosa - MAATC,006-U-9,Closed,336304,361° MEN TSS,2
006,006 - Alhfof - Almoosa - MAATC,006-U-9,Closed,336306,361° MEN TSS,2
006,006 - Alhfof - Almoosa - MAATC,006-U-9,Closed,336307,361° MEN TSS,1
006,006 - Alhfof - Almoosa - MAATC,006-U-9,Closed,336308,361° MEN TSS,1
006,006 - Alhfof - Almoosa - MAATC,006-U-9,Closed,336323,361° MEN CPR,3
006,006 - Alhfof - Almoosa - MAATC,006-U-9,Closed,336332,361° MEN CPR,1
006,006 - Alhfof - Almoosa - MAATC,006-U-9,Closed,336340,361° MEN SRT,2
006,006 - Alhfof - Almoosa - MAATC,006-U-9,Closed,336352,361° MEN TSU,2
006,006 - Alhfof - Almoosa - MAATC,006-U-9,Closed,336354,361° MEN TSU,2
006,006 - Alhfof - Almoosa - MAATC,006-U-9,Closed,336358,361° MEN TSS,2
006,006 - Alhfof - Almoosa - MAATC,006-U-9,Closed,336361,361° MEN TSS,1
006,006 - Alhfof - Almoosa - MAATC,006-U-9,Closed,336362,361° MEN TSS,1
006,006 - Alhfof - Almoosa - MAATC,006-U-9,Closed,336388,361° MEN TSS,2
006,006 - Alhfof - Almoosa - MAATC,006-U-9,Closed,336389,361° MEN TSS,3
006,006 - Alhfof - Almoosa - MAATC,006-U-9,Closed,336391,361° MEN TSS,1
006,006 - Alhfof - Almoosa - MAATC,006-U-9,Closed,336392,361° MEN TSS,1
006,006 - Alhfof - Almoosa - MAATC,006-U-9,Closed,336398,361° MEN TSS,1
006,006 - Alhfof - Almoosa - MAATC,006-U-9,Closed,336400,361° MEN TSS,2
006,006 - Alhfof - Almoosa - MAATC,006-U-9,Closed,336403,361° MEN TSS,1
006,006 - Alhfof - Almoosa - MAATC,006-U-9,Closed,336405,361° MEN TSS,1
006,006 - Alhfof - Almoosa - MAATC,006-U-9,Closed,336406,361° MEN TSS,2
006,006 - Alhfof - Almoosa - MAATC,006-U-9,Closed,336407,361° MEN TSS,3
006,006 - Alhfof - Almoosa - MAATC,006-U-9,Closed,336410,361° MEN TSS,1
006,006 - Alhfof - Almoosa - MAATC,006-U-9,Closed,336418,361° MEN PTK,2
006,006 - Alhfof - Almoosa - MAATC,006-U-9,Closed,336422,361° MEN PTK,1
006,006 - Alhfof - Almoosa - MAATC,006-U-9,Closed,336432,361° MEN PTK,2
006,006 - Alhfof - Almoosa - MAATC,006-U-9,Closed,336454,361° MEN TSU,2
006,006 - Alhfof - Almoosa - MAATC,006-U-9,Closed,336463,361° MEN TSS,1
007,007 - Buridah - Almoosa - MAATC,007-A-01,Closed,336151,361° MEN TSS,1
007,007 - Buridah - Almoosa - MAATC,007-A-01,Closed,336185,361° MEN TSS,3
007,007 - Buridah - Almoosa - MAATC,007-A-01,Closed,336264,361° MEN TSU,2
007,007 - Buridah - Almoosa - MAATC,007-A-01,Closed,336474,361° MEN TSU,2
007,007 - Buridah - Almoosa - MAATC,007-A-02,Closed,336116,361° MEN TSU,1
007,007 - Buridah - Almoosa - MAATC,007-A-02,Closed,336123,361° MEN TSS,1
007,007 - Buridah - Almoosa - MAATC,007-A-02,Closed,336131,361° MEN TSS,3
007,007 - Buridah - Almoosa - MAATC,007-A-02,Closed,336153,361° MEN TSS,1
007,007 - Buridah - Almoosa - MAATC,007-A-02,Closed,336154,361° MEN TSS,2
007,007 - Buridah - Almoosa - MAATC,007-A-02,Closed,336155,361° MEN TSS,3
007,007 - Buridah - Almoosa - MAATC,007-A-02,Closed,336157,361° MEN TSS,1
007,007 - Buridah - Almoosa - MAATC,007-A-02,Closed,336171,361° MEN TSS,1
007,007 - Buridah - Almoosa - MAATC,007-A-02,Closed,336174,361° MEN TSS,2
007,007 - Buridah - Almoosa - MAATC,007-A-02,Closed,336182,361° MEN TSS,1
007,007 - Buridah - Almoosa - MAATC,007-A-02,Closed,336216,361° MEN TSS,2
007,007 - Buridah - Almoosa - MAATC,007-A-02,Closed,336237,361° MEN SRT,1
007,007 - Buridah - Almoosa - MAATC,007-A-02,Closed,336248,361° MEN SRT,1
007,007 - Buridah - Almoosa - MAATC,007-A-02,Closed,336267,361° MEN TSU,1
007,007 - Buridah - Almoosa - MAATC,007-A-02,Closed,336268,361° MEN TSU,2
007,007 - Buridah - Almoosa - MAATC,007-A-02,Closed,336270,361° MEN TSU,2
007,007 - Buridah - Almoosa - MAATC,007-A-02,Closed,336272,361° MEN TSU,1
007,007 - Buridah - Almoosa - MAATC,007-A-02,Closed,336273,361° MEN TSU,1
007,007 - Buridah - Almoosa - MAATC,007-A-02,Closed,336274,361° MEN TSU,2
007,007 - Buridah - Almoosa - MAATC,007-A-02,Closed,336278,361° MEN TSU,1
007,007 - Buridah - Almoosa - MAATC,007-A-02,Closed,336280,361° MEN TSS,2
007,007 - Buridah - Almoosa - MAATC,007-A-02,Closed,336281,361° MEN TSS,3
007,007 - Buridah - Almoosa - MAATC,007-A-02,Closed,336285,361° MEN TSS,1
007,007 - Buridah - Almoosa - MAATC,007-A-02,Closed,336289,361° MEN TSS,1
007,007 - Buridah - Almoosa - MAATC,007-A-02,Closed,336324,361° MEN CPR,2
007,007 - Buridah - Almoosa - MAATC,007-A-02,Closed,336325,361° MEN CPR,1
007,007 - Buridah - Almoosa - MAATC,007-A-02,Closed,336326,361° MEN CPR,1
007,007 - Buridah - Almoosa - MAATC,007-A-02,Closed,336345,361° MEN TSU,1
007,007 - Buridah - Almoosa - MAATC,007-A-02,Closed,336350,361° MEN TSU,1
007,007 - Buridah - Almoosa - MAATC,007-A-02,Closed,336355,361° MEN TSU,1
007,007 - Buridah - Almoosa - MAATC,007-A-02,Closed,336356,361° MEN TSU,1
007,007 - Buridah - Almoosa - MAATC,007-A-02,Closed,336419,361° MEN PTK,3
007,007 - Buridah - Almoosa - MAATC,007-A-02,Closed,336420,361° MEN PTK,2
007,007 - Buridah - Almoosa - MAATC,007-A-02,Closed,336424,361° MEN PTK,2
007,007 - Buridah - Almoosa - MAATC,007-A-02,Closed,336429,361° MEN PTK,1
007,007 - Buridah - Almoosa - MAATC,007-A-02,Closed,336436,361° MEN TSS,2
007,007 - Buridah - Almoosa - MAATC,007-A-02,Closed,336440,361° MEN TSS,1
007,007 - Buridah - Almoosa - MAATC,007-A-02,Closed,336441,361° MEN TSS,1
007,007 - Buridah - Almoosa - MAATC,007-A-02,Closed,336445,361° MEN TSS,1
007,007 - Buridah - Almoosa - MAATC,007-A-02,Closed,336446,361° MEN TSS,1
007,007 - Buridah - Almoosa - MAATC,007-A-02,Closed,336453,361° MEN TSU,1
007,007 - Buridah - Almoosa - MAATC,007-A-02,Closed,336462,361° MEN TSS,2
007,007 - Buridah - Almoosa - MAATC,007-A-03,Closed,336125,361° MEN TSS,3
007,007 - Buridah - Almoosa - MAATC,007-A-03,Closed,336135,361° MEN SRT,1
007,007 - Buridah - Almoosa - MAATC,007-A-03,Closed,336139,361° MEN SRT,1
007,007 - Buridah - Almoosa - MAATC,007-A-03,Closed,336140,361° MEN SRT,1
007,007 - Buridah - Almoosa - MAATC,007-A-03,Closed,336141,361° MEN SRT,1
007,007 - Buridah - Almoosa - MAATC,007-A-03,Closed,336148,361° MEN TSS,2
007,007 - Buridah - Almoosa - MAATC,007-A-03,Closed,336149,361° MEN TSS,3
007,007 - Buridah - Almoosa - MAATC,007-A-03,Closed,336167,361° MEN TSS,3
007,007 - Buridah - Almoosa - MAATC,007-A-03,Closed,336173,361° MEN TSS,3
007,007 - Buridah - Almoosa - MAATC,007-A-03,Closed,336180,361° MEN TSS,2
007,007 - Buridah - Almoosa - MAATC,007-A-03,Closed,336181,361° MEN TSS,1
007,007 - Buridah - Almoosa - MAATC,007-A-03,Closed,336185,361° MEN TSS,3
007,007 - Buridah - Almoosa - MAATC,007-A-03,Closed,336186,361° MEN TSS,2
007,007 - Buridah - Almoosa - MAATC,007-A-03,Closed,336189,361° MEN TSS,1
007,007 - Buridah - Almoosa - MAATC,007-A-03,Closed,336191,361° MEN TSS,3
007,007 - Buridah - Almoosa - MAATC,007-A-03,Closed,336204,361° MEN TSS,2
007,007 - Buridah - Almoosa - MAATC,007-A-03,Closed,336209,361° MEN TSS,3
007,007 - Buridah - Almoosa - MAATC,007-A-03,Closed,336218,361° MEN TSS,1
007,007 - Buridah - Almoosa - MAATC,007-A-03,Closed,336239,361° MEN SRT,3
007,007 - Buridah - Almoosa - MAATC,007-A-03,Closed,336247,361° MEN SRT,1
007,007 - Buridah - Almoosa - MAATC,007-A-03,Closed,336255,361° MEN TSU,1
007,007 - Buridah - Almoosa - MAATC,007-A-03,Closed,336256,361° MEN TSU,2
007,007 - Buridah - Almoosa - MAATC,007-A-03,Closed,336260,361° MEN TSU,1
007,007 - Buridah - Almoosa - MAATC,007-A-03,Closed,336283,361° MEN TSS,1
007,007 - Buridah - Almoosa - MAATC,007-A-03,Closed,336290,361° MEN TSS,1
007,007 - Buridah - Almoosa - MAATC,007-A-03,Closed,336311,361° MEN TSS,3
007,007 - Buridah - Almoosa - MAATC,007-A-03,Closed,336322,361° MEN CPR,2
007,007 - Buridah - Almoosa - MAATC,007-A-03,Closed,336330,361° MEN CPR,2
007,007 - Buridah - Almoosa - MAATC,007-A-03,Closed,336347,361° MEN TSU,3
007,007 - Buridah - Almoosa - MAATC,007-A-03,Closed,336357,361° MEN TSS,1
007,007 - Buridah - Almoosa - MAATC,007-A-03,Closed,336359,361° MEN TSS,3
007,007 - Buridah - Almoosa - MAATC,007-A-03,Closed,336360,361° MEN TSS,2
007,007 - Buridah - Almoosa - MAATC,007-A-03,Closed,336363,361° MEN TSS,1
007,007 - Buridah - Almoosa - MAATC,007-A-03,Closed,336364,361° MEN TSS,2
007,007 - Buridah - Almoosa - MAATC,007-A-03,Closed,336367,361° MEN TSS,1
007,007 - Buridah - Almoosa - MAATC,007-A-03,Closed,336368,361° MEN TSS,1
007,007 - Buridah - Almoosa - MAATC,007-A-03,Closed,336388,361° MEN TSS,2
007,007 - Buridah - Almoosa - MAATC,007-A-03,Closed,336389,361° MEN TSS,3
007,007 - Buridah - Almoosa - MAATC,007-A-03,Closed,336390,361° MEN TSS,2
007,007 - Buridah - Almoosa - MAATC,007-A-03,Closed,336393,361° MEN TSS,1
007,007 - Buridah - Almoosa - MAATC,007-A-03,Closed,336395,361° MEN TSS,3
007,007 - Buridah - Almoosa - MAATC,007-A-03,Closed,336396,361° MEN TSS,2
007,007 - Buridah - Almoosa - MAATC,007-A-03,Closed,336401,361° MEN TSS,3
007,007 - Buridah - Almoosa - MAATC,007-A-03,Closed,336471,361° MEN TSU,1
007,007 - Buridah - Almoosa - MAATC,007-A-03,Closed,336477,361° MEN TSU,1
007,007 - Buridah - Almoosa - MAATC,007-A-03,Closed,336478,361° MEN TSU,2
007,007 - Buridah - Almoosa - MAATC,007-A-06,Open,336143,361° MEN SRT,3
007,007 - Buridah - Almoosa - MAATC,007-J-01,Closed,336113,361° MEN TSU,3
007,007 - Buridah - Almoosa - MAATC,007-J-01,Closed,336132,361° MEN TSS,2
007,007 - Buridah - Almoosa - MAATC,007-J-01,Closed,336138,361° MEN SRT,2
007,007 - Buridah - Almoosa - MAATC,007-J-01,Closed,336161,361° MEN TSS,3
007,007 - Buridah - Almoosa - MAATC,007-J-01,Closed,336162,361° MEN TSS,2
007,007 - Buridah - Almoosa - MAATC,007-J-01,Closed,336169,361° MEN TSS,1
007,007 - Buridah - Almoosa - MAATC,007-J-01,Closed,336170,361° MEN TSS,1
007,007 - Buridah - Almoosa - MAATC,007-J-01,Closed,336173,361° MEN TSS,3
007,007 - Buridah - Almoosa - MAATC,007-J-01,Closed,336195,361° MEN TSS,1
007,007 - Buridah - Almoosa - MAATC,007-J-01,Closed,336197,361° MEN TSS,3
007,007 - Buridah - Almoosa - MAATC,007-J-01,Closed,336203,361° MEN TSS,3
007,007 - Buridah - Almoosa - MAATC,007-J-01,Closed,336212,361° MEN TSS,1
007,007 - Buridah - Almoosa - MAATC,007-J-01,Closed,336213,361° MEN TSS,1
007,007 - Buridah - Almoosa - MAATC,007-J-01,Closed,336217,361° MEN TSS,1
007,007 - Buridah - Almoosa - MAATC,007-J-01,Closed,336225,361° MEN SRT,1
007,007 - Buridah - Almoosa - MAATC,007-J-01,Closed,336227,361° MEN SRT,3
007,007 - Buridah - Almoosa - MAATC,007-J-01,Closed,336228,361° MEN SRT,2
007,007 - Buridah - Almoosa - MAATC,007-J-01,Closed,336233,361° MEN SRT,3
007,007 - Buridah - Almoosa - MAATC,007-J-01,Closed,336236,361° MEN SRT,1
007,007 - Buridah - Almoosa - MAATC,007-J-01,Closed,336257,361° MEN TSU,3
007,007 - Buridah - Almoosa - MAATC,007-J-01,Closed,336259,361° MEN TSU,1
007,007 - Buridah - Almoosa - MAATC,007-J-01,Closed,336266,361° MEN TSU,1
007,007 - Buridah - Almoosa - MAATC,007-J-01,Closed,336300,361° MEN TSS,2
007,007 - Buridah - Almoosa - MAATC,007-J-01,Closed,336321,361° MEN CPR,1
007,007 - Buridah - Almoosa - MAATC,007-J-01,Closed,336331,361° MEN CPR,1
007,007 - Buridah - Almoosa - MAATC,007-J-01,Closed,336337,361° MEN SRT,1
007,007 - Buridah - Almoosa - MAATC,007-J-01,Closed,336338,361° MEN SRT,1
007,007 - Buridah - Almoosa - MAATC,007-J-01,Closed,336343,361° MEN SRT,1
007,007 - Buridah - Almoosa - MAATC,007-J-01,Closed,336344,361° MEN SRT,1
007,007 - Buridah - Almoosa - MAATC,007-J-01,Closed,336387,361° MEN TSS,1
007,007 - Buridah - Almoosa - MAATC,007-J-01,Closed,336428,361° MEN PTK,1
007,007 - Buridah - Almoosa - MAATC,007-J-01,Closed,336447,361° MEN TSU,1
007,007 - Buridah - Almoosa - MAATC,007-J-01,Closed,336459,361° MEN TSS,1
007,007 - Buridah - Almoosa - MAATC,007-J-01,Closed,336460,361° MEN TSS,2
007,007 - Buridah - Almoosa - MAATC,007-J-01,Closed,336461,361° MEN TSS,3
007,007 - Buridah - Almoosa - MAATC,007-J-01,Closed,336467,361° MEN TSS,3
007,007 - Buridah - Almoosa - MAATC,007-J-02,Closed,336127,361° MEN TSS,1
007,007 - Buridah - Almoosa - MAATC,007-J-02,Closed,336128,361° MEN TSS,1
007,007 - Buridah - Almoosa - MAATC,007-J-02,Closed,336134,361° MEN TSS,1
007,007 - Buridah - Almoosa - MAATC,007-J-02,Closed,336163,361° MEN TSS,1
007,007 - Buridah - Almoosa - MAATC,007-J-02,Closed,336166,361° MEN TSS,2
007,007 - Buridah - Almoosa - MAATC,007-J-02,Closed,336184,361° MEN TSS,2
007,007 - Buridah - Almoosa - MAATC,007-J-02,Closed,336187,361° MEN TSS,1
007,007 - Buridah - Almoosa - MAATC,007-J-02,Closed,336219,361° MEN SRT,1
007,007 - Buridah - Almoosa - MAATC,007-J-02,Closed,336231,361° MEN SRT,1
007,007 - Buridah - Almoosa - MAATC,007-J-02,Closed,336232,361° MEN SRT,2
007,007 - Buridah - Almoosa - MAATC,007-J-02,Closed,336241,361° MEN SRT,1
007,007 - Buridah - Almoosa - MAATC,007-J-02,Closed,336242,361° MEN SRT,1
007,007 - Buridah - Almoosa - MAATC,007-J-02,Closed,336249,361° MEN SRT,1
007,007 - Buridah - Almoosa - MAATC,007-J-02,Closed,336254,361° MEN SRT,1
007,007 - Buridah - Almoosa - MAATC,007-J-02,Closed,336261,361° MEN TSU,1
007,007 - Buridah - Almoosa - MAATC,007-J-02,Closed,336265,361° MEN TSU,1
007,007 - Buridah - Almoosa - MAATC,007-J-02,Closed,336275,361° MEN TSU,3
007,007 - Buridah - Almoosa - MAATC,007-J-02,Closed,336276,361° MEN TSU,2
007,007 - Buridah - Almoosa - MAATC,007-J-02,Closed,336290,361° MEN TSS,1
007,007 - Buridah - Almoosa - MAATC,007-J-02,Closed,336294,361° MEN TSS,2
007,007 - Buridah - Almoosa - MAATC,007-J-02,Closed,336301,361° MEN TSS,1
007,007 - Buridah - Almoosa - MAATC,007-J-02,Closed,336339,361° MEN SRT,1
007,007 - Buridah - Almoosa - MAATC,007-J-02,Closed,336411,361° MEN PTK,1
007,007 - Buridah - Almoosa - MAATC,007-J-02,Closed,336415,361° MEN PTK,1
007,007 - Buridah - Almoosa - MAATC,007-J-02,Closed,336417,361° MEN PTK,1
007,007 - Buridah - Almoosa - MAATC,007-J-02,Closed,336434,361° MEN PTK,1
007,007 - Buridah - Almoosa - MAATC,007-J-02,Closed,336436,361° MEN TSS,2
007,007 - Buridah - Almoosa - MAATC,007-J-02,Closed,336448,361° MEN TSU,2
007,007 - Buridah - Almoosa - MAATC,007-J-02,Closed,336451,361° MEN TSU,1
007,007 - Buridah - Almoosa - MAATC,007-J-02,Closed,336452,361° MEN TSU,1
007,007 - Buridah - Almoosa - MAATC,007-J-02,Closed,336456,361° MEN TSU,2
007,007 - Buridah - Almoosa - MAATC,007-J-02,Closed,336458,361° MEN TSU,1
007,007 - Buridah - Almoosa - MAATC,007-J-02,Closed,336470,361° MEN TSS,1
007,007 - Buridah - Almoosa - MAATC,007-J-02,Closed,336481,361° MEN TSU,1
007,007 - Buridah - Almoosa - MAATC,007-J-03,Closed,336124,361° MEN TSS,2
007,007 - Buridah - Almoosa - MAATC,007-J-03,Closed,336133,361° MEN TSS,1
007,007 - Buridah - Almoosa - MAATC,007-J-03,Closed,336164,361° MEN TSS,1
007,007 - Buridah - Almoosa - MAATC,007-J-03,Closed,336167,361° MEN TSS,3
007,007 - Buridah - Almoosa - MAATC,007-J-03,Closed,336248,361° MEN SRT,1
007,007 - Buridah - Almoosa - MAATC,007-J-03,Closed,336279,361° MEN TSS,1
007,007 - Buridah - Almoosa - MAATC,007-J-03,Closed,336298,361° MEN TSS,2
007,007 - Buridah - Almoosa - MAATC,007-J-03,Closed,336313,361° MEN TSS,1
007,007 - Buridah - Almoosa - MAATC,007-J-03,Closed,336316,361° MEN TSS,2
007,007 - Buridah - Almoosa - MAATC,007-J-03,Closed,336333,361° MEN SRT,1
007,007 - Buridah - Almoosa - MAATC,007-J-03,Closed,336334,361° MEN SRT,2
007,007 - Buridah - Almoosa - MAATC,007-J-03,Closed,336341,361° MEN SRT,3
007,007 - Buridah - Almoosa - MAATC,007-J-03,Closed,336346,361° MEN TSU,2
007,007 - Buridah - Almoosa - MAATC,007-J-03,Closed,336348,361° MEN TSU,2
007,007 - Buridah - Almoosa - MAATC,007-J-03,Closed,336350,361° MEN TSU,1
007,007 - Buridah - Almoosa - MAATC,007-J-03,Closed,336354,361° MEN TSU,2
007,007 - Buridah - Almoosa - MAATC,007-J-03,Closed,336356,361° MEN TSU,1
007,007 - Buridah - Almoosa - MAATC,007-J-03,Closed,336394,361° MEN TSS,2
007,007 - Buridah - Almoosa - MAATC,007-J-03,Closed,336396,361° MEN TSS,2
007,007 - Buridah - Almoosa - MAATC,007-J-03,Closed,336421,361° MEN PTK,1
007,007 - Buridah - Almoosa - MAATC,007-J-03,Closed,336450,361° MEN TSU,2
007,007 - Buridah - Almoosa - MAATC,007-S-1,Closed,336038,361° USX CAP,6
007,007 - Buridah - Almoosa - MAATC,007-S-1,Closed,336039,361° USX CAP,6
007,007 - Buridah - Almoosa - MAATC,007-S-1,Closed,336040,361° USX CAP,6
007,007 - Buridah - Almoosa - MAATC,007-S-1,Closed,336041,361° USX CAP,6
007,007 - Buridah - Almoosa - MAATC,007-S-1,Closed,336042,361° USX CAP,4
007,007 - Buridah - Almoosa - MAATC,007-S-1,Closed,336043,361° USX CAP,6
007,007 - Buridah - Almoosa - MAATC,007-S-1,Closed,336044,361° USX CAP,6
007,007 - Buridah - Almoosa - MAATC,007-S-1,Closed,336045,361° USX CAP,6
007,007 - Buridah - Almoosa - MAATC,007-S-1,Closed,336046,361° USX CAP,6
007,007 - Buridah - Almoosa - MAATC,007-S-1,Closed,336047,361° USX CAP,6
007,007 - Buridah - Almoosa - MAATC,007-S-1,Closed,336048,361° MEN SCK,9
007,007 - Buridah - Almoosa - MAATC,007-S-1,Closed,336049,361° MEN SCK,9
007,007 - Buridah - Almoosa - MAATC,007-S-1,Closed,336050,361° MEN SCK,9
007,007 - Buridah - Almoosa - MAATC,007-S-1,Closed,336051,361° MEN SCK,9
007,007 - Buridah - Almoosa - MAATC,007-S-1,Closed,336052,361° MEN SCK,9
007,007 - Buridah - Almoosa - MAATC,007-S-1,Closed,336053,361° MEN SCK,9
007,007 - Buridah - Almoosa - MAATC,007-S-1,Closed,336055,361° MEN SCK,9
007,007 - Buridah - Almoosa - MAATC,007-S-1,Closed,336056,361° MEN SCK,9
007,007 - Buridah - Almoosa - MAATC,007-S-1,Closed,336057,361° USX SCK,2
007,007 - Buridah - Almoosa - MAATC,007-S-1,Closed,336058,361° USX SCK,4
007,007 - Buridah - Almoosa - MAATC,007-S-1,Closed,336059,361° USX SCK,2
007,007 - Buridah - Almoosa - MAATC,007-S-1,Closed,336060,361° USX SCK,2
007,007 - Buridah - Almoosa - MAATC,007-S-1,Closed,336061,361° USX SCK,4
007,007 - Buridah - Almoosa - MAATC,007-S-1,Closed,336062,361° USX SCK,2
007,007 - Buridah - Almoosa - MAATC,007-S-1,Closed,336063,361° USX SCK,2
007,007 - Buridah - Almoosa - MAATC,007-S-1,Closed,336064,361° USX SCK,4
007,007 - Buridah - Almoosa - MAATC,007-S-1,Closed,336065,361° USX SCK,2
007,007 - Buridah - Almoosa - MAATC,007-S-1,Closed,336066,361° USX SCK,2
007,007 - Buridah - Almoosa - MAATC,007-S-1,Closed,336067,361° USX SCK,4
007,007 - Buridah - Almoosa - MAATC,007-S-1,Closed,336068,361° USX SCK,2
007,007 - Buridah - Almoosa - MAATC,007-S-1,Closed,336069,361° USX SCK,2
007,007 - Buridah - Almoosa - MAATC,007-S-1,Closed,336070,361° USX SCK,4
007,007 - Buridah - Almoosa - MAATC,007-S-1,Closed,336071,361° USX SCK,2
007,007 - Buridah - Almoosa - MAATC,007-S-1,Closed,336072,361° USX SCK,2
007,007 - Buridah - Almoosa - MAATC,007-S-1,Closed,336073,361° USX SCK,4
007,007 - Buridah - Almoosa - MAATC,007-S-1,Closed,336074,361° USX SCK,2
007,007 - Buridah - Almoosa - MAATC,007-S-1,Closed,336075,361° USX INS,1
007,007 - Buridah - Almoosa - MAATC,007-S-1,Closed,336076,361° USX INS,2
007,007 - Buridah - Almoosa - MAATC,007-S-1,Closed,336077,361° USX INS,3
007,007 - Buridah - Almoosa - MAATC,007-S-1,Closed,336078,361° USX INS,3
007,007 - Buridah - Almoosa - MAATC,007-S-1,Closed,336079,361° USX INS,2
007,007 - Buridah - Almoosa - MAATC,007-S-1,Closed,336080,361° USX INS,1
007,007 - Buridah - Almoosa - MAATC,007-S-11,Closed,336142,361° MEN SRT,2
007,007 - Buridah - Almoosa - MAATC,007-S-11,Closed,336144,361° MEN SRT,2
007,007 - Buridah - Almoosa - MAATC,007-S-11,Closed,336147,361° MEN TSS,1
007,007 - Buridah - Almoosa - MAATC,007-S-11,Closed,336149,361° MEN TSS,2
007,007 - Buridah - Almoosa - MAATC,007-S-11,Closed,336200,361° MEN TSS,1
007,007 - Buridah - Almoosa - MAATC,007-S-11,Closed,336202,361° MEN TSS,2
007,007 - Buridah - Almoosa - MAATC,007-S-11,Closed,336203,361° MEN TSS,3
007,007 - Buridah - Almoosa - MAATC,007-S-11,Closed,336205,361° MEN TSS,1
007,007 - Buridah - Almoosa - MAATC,007-S-11,Closed,336211,361° MEN TSS,1
007,007 - Buridah - Almoosa - MAATC,007-S-11,Closed,336215,361° MEN TSS,3
007,007 - Buridah - Almoosa - MAATC,007-S-11,Closed,336216,361° MEN TSS,2
007,007 - Buridah - Almoosa - MAATC,007-S-11,Closed,336220,361° MEN SRT,2
007,007 - Buridah - Almoosa - MAATC,007-S-11,Closed,336221,361° MEN SRT,3
007,007 - Buridah - Almoosa - MAATC,007-S-11,Closed,336238,361° MEN SRT,2
007,007 - Buridah - Almoosa - MAATC,007-S-11,Closed,336268,361° MEN TSU,2
007,007 - Buridah - Almoosa - MAATC,007-S-11,Closed,336286,361° MEN TSS,2
007,007 - Buridah - Almoosa - MAATC,007-S-11,Closed,336287,361° MEN TSS,3
007,007 - Buridah - Almoosa - MAATC,007-S-11,Closed,336295,361° MEN TSS,1
007,007 - Buridah - Almoosa - MAATC,007-S-11,Closed,336304,361° MEN TSS,2
007,007 - Buridah - Almoosa - MAATC,007-S-11,Closed,336306,361° MEN TSS,2
007,007 - Buridah - Almoosa - MAATC,007-S-11,Closed,336307,361° MEN TSS,1
007,007 - Buridah - Almoosa - MAATC,007-S-11,Closed,336308,361° MEN TSS,1
007,007 - Buridah - Almoosa - MAATC,007-S-11,Closed,336323,361° MEN CPR,2
007,007 - Buridah - Almoosa - MAATC,007-S-11,Closed,336332,361° MEN CPR,1
007,007 - Buridah - Almoosa - MAATC,007-S-11,Closed,336340,361° MEN SRT,2
007,007 - Buridah - Almoosa - MAATC,007-S-11,Closed,336352,361° MEN TSU,2
007,007 - Buridah - Almoosa - MAATC,007-S-11,Closed,336354,361° MEN TSU,2
007,007 - Buridah - Almoosa - MAATC,007-S-11,Closed,336358,361° MEN TSS,2
007,007 - Buridah - Almoosa - MAATC,007-S-11,Closed,336361,361° MEN TSS,1
007,007 - Buridah - Almoosa - MAATC,007-S-11,Closed,336362,361° MEN TSS,1
007,007 - Buridah - Almoosa - MAATC,007-S-11,Closed,336389,361° MEN TSS,3
007,007 - Buridah - Almoosa - MAATC,007-S-11,Closed,336391,361° MEN TSS,1
007,007 - Buridah - Almoosa - MAATC,007-S-11,Closed,336392,361° MEN TSS,1
007,007 - Buridah - Almoosa - MAATC,007-S-11,Closed,336398,361° MEN TSS,1
007,007 - Buridah - Almoosa - MAATC,007-S-11,Closed,336400,361° MEN TSS,2
007,007 - Buridah - Almoosa - MAATC,007-S-11,Closed,336403,361° MEN TSS,1
007,007 - Buridah - Almoosa - MAATC,007-S-11,Closed,336405,361° MEN TSS,1
007,007 - Buridah - Almoosa - MAATC,007-S-11,Closed,336406,361° MEN TSS,2
007,007 - Buridah - Almoosa - MAATC,007-S-11,Closed,336407,361° MEN TSS,3
007,007 - Buridah - Almoosa - MAATC,007-S-11,Closed,336410,361° MEN TSS,1
007,007 - Buridah - Almoosa - MAATC,007-S-11,Closed,336418,361° MEN PTK,2
007,007 - Buridah - Almoosa - MAATC,007-S-11,Closed,336422,361° MEN PTK,1
007,007 - Buridah - Almoosa - MAATC,007-S-11,Closed,336432,361° MEN PTK,2
007,007 - Buridah - Almoosa - MAATC,007-S-11,Closed,336448,361° MEN TSU,2
007,007 - Buridah - Almoosa - MAATC,007-S-11,Closed,336454,361° MEN TSU,2
007,007 - Buridah - Almoosa - MAATC,007-S-11,Closed,336463,361° MEN TSS,1
007,007 - Buridah - Almoosa - MAATC,007-S-14,Closed,336111,361° MEN TSU,1
007,007 - Buridah - Almoosa - MAATC,007-S-14,Closed,336112,361° MEN TSU,2
007,007 - Buridah - Almoosa - MAATC,007-S-14,Closed,336114,361° MEN TSU,2
007,007 - Buridah - Almoosa - MAATC,007-S-14,Closed,336115,361° MEN TSU,1
007,007 - Buridah - Almoosa - MAATC,007-S-14,Closed,336156,361° MEN TSS,2
007,007 - Buridah - Almoosa - MAATC,007-S-14,Closed,336158,361° MEN TSS,1
007,007 - Buridah - Almoosa - MAATC,007-S-14,Closed,336177,361° MEN TSS,1
007,007 - Buridah - Almoosa - MAATC,007-S-14,Closed,336195,361° MEN TSS,1
007,007 - Buridah - Almoosa - MAATC,007-S-14,Closed,336198,361° MEN TSS,1
007,007 - Buridah - Almoosa - MAATC,007-S-14,Closed,336223,361° MEN SRT,1
007,007 - Buridah - Almoosa - MAATC,007-S-14,Closed,336237,361° MEN SRT,1
007,007 - Buridah - Almoosa - MAATC,007-S-14,Closed,336249,361° MEN SRT,1
007,007 - Buridah - Almoosa - MAATC,007-S-14,Closed,336250,361° MEN SRT,2
007,007 - Buridah - Almoosa - MAATC,007-S-14,Closed,336251,361° MEN SRT,3
007,007 - Buridah - Almoosa - MAATC,007-S-14,Closed,336257,361° MEN TSU,3
007,007 - Buridah - Almoosa - MAATC,007-S-14,Closed,336282,361° MEN TSS,2
007,007 - Buridah - Almoosa - MAATC,007-S-14,Closed,336284,361° MEN TSS,1
007,007 - Buridah - Almoosa - MAATC,007-S-14,Closed,336291,361° MEN TSS,1
007,007 - Buridah - Almoosa - MAATC,007-S-14,Closed,336292,361° MEN TSS,2
007,007 - Buridah - Almoosa - MAATC,007-S-14,Closed,336293,361° MEN TSS,3
007,007 - Buridah - Almoosa - MAATC,007-S-14,Closed,336296,361° MEN TSS,1
007,007 - Buridah - Almoosa - MAATC,007-S-14,Closed,336297,361° MEN TSS,1
007,007 - Buridah - Almoosa - MAATC,007-S-14,Closed,336299,361° MEN TSS,3
007,007 - Buridah - Almoosa - MAATC,007-S-14,Closed,336302,361° MEN TSS,1
007,007 - Buridah - Almoosa - MAATC,007-S-14,Closed,336305,361° MEN TSS,3
007,007 - Buridah - Almoosa - MAATC,007-S-14,Closed,336329,361° MEN CPR,3
007,007 - Buridah - Almoosa - MAATC,007-S-14,Closed,336345,361° MEN TSU,1
007,007 - Buridah - Almoosa - MAATC,007-S-14,Closed,336347,361° MEN TSU,3
007,007 - Buridah - Almoosa - MAATC,007-S-14,Closed,336348,361° MEN TSU,1
007,007 - Buridah - Almoosa - MAATC,007-S-14,Closed,336349,361° MEN TSU,1
007,007 - Buridah - Almoosa - MAATC,007-S-14,Closed,336408,361° MEN TSS,2
007,007 - Buridah - Almoosa - MAATC,007-S-14,Closed,336413,361° MEN PTK,3
007,007 - Buridah - Almoosa - MAATC,007-S-14,Closed,336416,361° MEN PTK,1
007,007 - Buridah - Almoosa - MAATC,007-S-14,Closed,336420,361° MEN PTK,2
007,007 - Buridah - Almoosa - MAATC,007-S-14,Closed,336424,361° MEN PTK,2
007,007 - Buridah - Almoosa - MAATC,007-S-14,Closed,336426,361° MEN PTK,2
007,007 - Buridah - Almoosa - MAATC,007-S-14,Closed,336438,361° MEN TSS,2
007,007 - Buridah - Almoosa - MAATC,007-S-14,Closed,336444,361° MEN TSS,2
007,007 - Buridah - Almoosa - MAATC,007-S-14,Closed,336461,361° MEN TSS,3
007,007 - Buridah - Almoosa - MAATC,007-S-14,Closed,336467,361° MEN TSS,3
007,007 - Buridah - Almoosa - MAATC,007-S-14,Closed,336468,361° MEN TSS,2
007,007 - Buridah - Almoosa - MAATC,007-S-15,Closed,336160,361° MEN TSS,2
007,007 - Buridah - Almoosa - MAATC,007-S-15,Closed,336172,361° MEN TSS,2
007,007 - Buridah - Almoosa - MAATC,007-S-15,Closed,336176,361° MEN TSS,1
007,007 - Buridah - Almoosa - MAATC,007-S-15,Closed,336178,361° MEN TSS,2
007,007 - Buridah - Almoosa - MAATC,007-S-15,Closed,336183,361° MEN TSS,1
007,007 - Buridah - Almoosa - MAATC,007-S-15,Closed,336188,361° MEN TSS,1
007,007 - Buridah - Almoosa - MAATC,007-S-15,Closed,336190,361° MEN TSS,2
007,007 - Buridah - Almoosa - MAATC,007-S-15,Closed,336191,361° MEN TSS,3
007,007 - Buridah - Almoosa - MAATC,007-S-15,Closed,336193,361° MEN TSS,1
007,007 - Buridah - Almoosa - MAATC,007-S-15,Closed,336194,361° MEN TSS,1
007,007 - Buridah - Almoosa - MAATC,007-S-15,Closed,336196,361° MEN TSS,2
007,007 - Buridah - Almoosa - MAATC,007-S-15,Closed,336198,361° MEN TSS,1
007,007 - Buridah - Almoosa - MAATC,007-S-15,Closed,336199,361° MEN TSS,1
007,007 - Buridah - Almoosa - MAATC,007-S-15,Closed,336201,361° MEN TSS,1
007,007 - Buridah - Almoosa - MAATC,007-S-15,Closed,336204,361° MEN TSS,2
007,007 - Buridah - Almoosa - MAATC,007-S-15,Closed,336206,361° MEN TSS,1
007,007 - Buridah - Almoosa - MAATC,007-S-15,Closed,336208,361° MEN TSS,2
007,007 - Buridah - Almoosa - MAATC,007-S-15,Closed,336210,361° MEN TSS,1
007,007 - Buridah - Almoosa - MAATC,007-S-15,Closed,336214,361° MEN TSS,2
007,007 - Buridah - Almoosa - MAATC,007-S-15,Closed,336224,361° MEN SRT,1
007,007 - Buridah - Almoosa - MAATC,007-S-15,Closed,336226,361° MEN SRT,2
007,007 - Buridah - Almoosa - MAATC,007-S-15,Closed,336229,361° MEN SRT,1
007,007 - Buridah - Almoosa - MAATC,007-S-15,Closed,336230,361° MEN SRT,1
007,007 - Buridah - Almoosa - MAATC,007-S-15,Closed,336234,361° MEN SRT,2
007,007 - Buridah - Almoosa - MAATC,007-S-15,Closed,336235,361° MEN SRT,1
007,007 - Buridah - Almoosa - MAATC,007-S-15,Closed,336244,361° MEN SRT,2
007,007 - Buridah - Almoosa - MAATC,007-S-15,Closed,336258,361° MEN TSU,2
007,007 - Buridah - Almoosa - MAATC,007-S-15,Closed,336303,361° MEN TSS,1
007,007 - Buridah - Almoosa - MAATC,007-S-15,Closed,336318,361° MEN TSS,2
007,007 - Buridah - Almoosa - MAATC,007-S-15,Closed,336323,361° MEN CPR,1
007,007 - Buridah - Almoosa - MAATC,007-S-15,Closed,336336,361° MEN SRT,2
007,007 - Buridah - Almoosa - MAATC,007-S-15,Closed,336342,361° MEN SRT,2
007,007 - Buridah - Almoosa - MAATC,007-S-15,Closed,336351,361° MEN TSU,1
007,007 - Buridah - Almoosa - MAATC,007-S-15,Closed,336353,361° MEN TSU,3
007,007 - Buridah - Almoosa - MAATC,007-S-15,Closed,336401,361° MEN TSS,2
007,007 - Buridah - Almoosa - MAATC,007-S-15,Closed,336402,361° MEN TSS,2
007,007 - Buridah - Almoosa - MAATC,007-S-15,Closed,336412,361° MEN PTK,2
007,007 - Buridah - Almoosa - MAATC,007-S-15,Closed,336414,361° MEN PTK,2
007,007 - Buridah - Almoosa - MAATC,007-S-15,Closed,336423,361° MEN PTK,1
007,007 - Buridah - Almoosa - MAATC,007-S-15,Closed,336430,361° MEN PTK,2
007,007 - Buridah - Almoosa - MAATC,007-S-15,Closed,336433,361° MEN PTK,1
007,007 - Buridah - Almoosa - MAATC,007-S-15,Closed,336442,361° MEN TSS,2
007,007 - Buridah - Almoosa - MAATC,007-S-15,Closed,336460,361° MEN TSS,2
007,007 - Buridah - Almoosa - MAATC,007-S-15,Closed,336464,361° MEN TSS,1
007,007 - Buridah - Almoosa - MAATC,007-S-15,Closed,336465,361° MEN TSS,1
007,007 - Buridah - Almoosa - MAATC,007-S-15,Closed,336466,361° MEN TSS,2
007,007 - Buridah - Almoosa - MAATC,007-S-15,Closed,336469,361° MEN TSS,1
007,007 - Buridah - Almoosa - MAATC,007-S-15,Closed,336472,361° MEN TSU,2
007,007 - Buridah - Almoosa - MAATC,007-S-15,Closed,336482,361° MEN TSU,1
007,007 - Buridah - Almoosa - MAATC,007-S-16,Closed,336018,361° MEN SHO,1
007,007 - Buridah - Almoosa - MAATC,007-S-16,Closed,336019,361° MEN SHO,2
007,007 - Buridah - Almoosa - MAATC,007-S-16,Closed,336020,361° MEN SHO,3
007,007 - Buridah - Almoosa - MAATC,007-S-16,Closed,336021,361° MEN SHO,3
007,007 - Buridah - Almoosa - MAATC,007-S-16,Closed,336022,361° MEN SHO,3
007,007 - Buridah - Almoosa - MAATC,007-S-17,Closed,336023,361° MEN SHO,1
007,007 - Buridah - Almoosa - MAATC,007-S-17,Closed,336024,361° MEN SHO,2
007,007 - Buridah - Almoosa - MAATC,007-S-17,Closed,336025,361° MEN SHO,3
007,007 - Buridah - Almoosa - MAATC,007-S-17,Closed,336026,361° MEN SHO,3
007,007 - Buridah - Almoosa - MAATC,007-S-17,Closed,336027,361° MEN SHO,3
007,007 - Buridah - Almoosa - MAATC,007-S-18,Closed,336028,361° MEN SHO,1
007,007 - Buridah - Almoosa - MAATC,007-S-18,Closed,336029,361° MEN SHO,2
007,007 - Buridah - Almoosa - MAATC,007-S-18,Closed,336030,361° MEN SHO,3
007,007 - Buridah - Almoosa - MAATC,007-S-18,Closed,336031,361° MEN SHO,3
007,007 - Buridah - Almoosa - MAATC,007-S-18,Closed,336032,361° MEN SHO,3
007,007 - Buridah - Almoosa - MAATC,007-S-19,Closed,336126,361° MEN TSS,2
007,007 - Buridah - Almoosa - MAATC,007-S-19,Closed,336131,361° MEN TSS,3
007,007 - Buridah - Almoosa - MAATC,007-S-19,Closed,336172,361° MEN TSS,2
007,007 - Buridah - Almoosa - MAATC,007-S-19,Closed,336175,361° MEN TSS,1
007,007 - Buridah - Almoosa - MAATC,007-S-19,Closed,336222,361° MEN SRT,2
007,007 - Buridah - Almoosa - MAATC,007-S-19,Closed,336240,361° MEN SRT,2
007,007 - Buridah - Almoosa - MAATC,007-S-19,Closed,336243,361° MEN SRT,1
007,007 - Buridah - Almoosa - MAATC,007-S-19,Closed,336245,361° MEN SRT,3
007,007 - Buridah - Almoosa - MAATC,007-S-19,Closed,336246,361° MEN SRT,2
007,007 - Buridah - Almoosa - MAATC,007-S-19,Closed,336250,361° MEN SRT,2
007,007 - Buridah - Almoosa - MAATC,007-S-19,Closed,336252,361° MEN SRT,2
007,007 - Buridah - Almoosa - MAATC,007-S-19,Closed,336253,361° MEN SRT,1
007,007 - Buridah - Almoosa - MAATC,007-S-19,Closed,336263,361° MEN TSU,3
007,007 - Buridah - Almoosa - MAATC,007-S-19,Closed,336277,361° MEN TSU,1
007,007 - Buridah - Almoosa - MAATC,007-S-19,Closed,336315,361° MEN TSS,1
007,007 - Buridah - Almoosa - MAATC,007-S-19,Closed,336317,361° MEN TSS,3
007,007 - Buridah - Almoosa - MAATC,007-S-19,Closed,336328,361° MEN CPR,2
007,007 - Buridah - Almoosa - MAATC,007-S-19,Closed,336335,361° MEN SRT,3
007,007 - Buridah - Almoosa - MAATC,007-S-19,Closed,336449,361° MEN TSU,3
007,007 - Buridah - Almoosa - MAATC,007-S-19,Closed,336456,361° MEN TSU,2
007,007 - Buridah - Almoosa - MAATC,007-S-19,Closed,336457,361° MEN TSU,1
007,007 - Buridah - Almoosa - MAATC,007-S-19,Closed,336473,361° MEN TSU,2
007,007 - Buridah - Almoosa - MAATC,007-S-19,Closed,336480,361° MEN TSU,2
007,007 - Buridah - Almoosa - MAATC,007-S-6,Open,336128,361° MEN TSS,1
007,007 - Buridah - Almoosa - MAATC,007-S-6,Open,336129,361° MEN TSS,1
007,007 - Buridah - Almoosa - MAATC,007-S-6,Open,336130,361° MEN TSS,2
007,007 - Buridah - Almoosa - MAATC,007-S-6,Open,336152,361° MEN TSS,1
007,007 - Buridah - Almoosa - MAATC,007-S-6,Open,336269,361° MEN TSU,3
007,007 - Buridah - Almoosa - MAATC,007-S-6,Open,336425,361° MEN PTK,3
007,007 - Buridah - Almoosa - MAATC,007-S-6,Open,336442,361° MEN TSS,2
007,007 - Buridah - Almoosa - MAATC,007-S-6,Open,336443,361° MEN TSS,3
007,007 - Buridah - Almoosa - MAATC,007-S-6,Open,336475,361° MEN TSU,1
007,007 - Buridah - Almoosa - MAATC,007-S-6,Open,336476,361° MEN TSU,1
007,007 - Buridah - Almoosa - MAATC,007-S-6,Open,336479,361° MEN TSU,3
007,007 - Buridah - Almoosa - MAATC,007-U-21,Closed,336132,361° MEN TSS,2
007,007 - Buridah - Almoosa - MAATC,007-U-21,Closed,336137,361° MEN SRT,3
007,007 - Buridah - Almoosa - MAATC,007-U-21,Closed,336139,361° MEN SRT,1
007,007 - Buridah - Almoosa - MAATC,007-U-21,Closed,336198,361° MEN TSS,2
007,007 - Buridah - Almoosa - MAATC,007-U-21,Closed,336199,361° MEN TSS,1
007,007 - Buridah - Almoosa - MAATC,007-U-21,Closed,336201,361° MEN TSS,1
007,007 - Buridah - Almoosa - MAATC,007-U-21,Closed,336207,361° MEN TSS,1
007,007 - Buridah - Almoosa - MAATC,007-U-21,Closed,336210,361° MEN TSS,2
007,007 - Buridah - Almoosa - MAATC,007-U-21,Closed,336238,361° MEN SRT,2
007,007 - Buridah - Almoosa - MAATC,007-U-21,Closed,336271,361° MEN TSU,1
007,007 - Buridah - Almoosa - MAATC,007-U-21,Closed,336288,361° MEN TSS,2
007,007 - Buridah - Almoosa - MAATC,007-U-21,Closed,336309,361° MEN TSS,1
007,007 - Buridah - Almoosa - MAATC,007-U-21,Closed,336310,361° MEN TSS,2
007,007 - Buridah - Almoosa - MAATC,007-U-21,Closed,336312,361° MEN TSS,2
007,007 - Buridah - Almoosa - MAATC,007-U-21,Closed,336314,361° MEN TSS,1
007,007 - Buridah - Almoosa - MAATC,007-U-21,Closed,336319,361° MEN TSS,1
007,007 - Buridah - Almoosa - MAATC,007-U-21,Closed,336320,361° MEN TSS,1
007,007 - Buridah - Almoosa - MAATC,007-U-21,Closed,336366,361° MEN TSS,2
007,007 - Buridah - Almoosa - MAATC,007-U-21,Closed,336399,361° MEN TSS,1
007,007 - Buridah - Almoosa - MAATC,007-U-21,Closed,336404,361° MEN TSS,1
007,007 - Buridah - Almoosa - MAATC,007-U-21,Closed,336409,361° MEN TSS,1
007,007 - Buridah - Almoosa - MAATC,007-U-21,Closed,336427,361° MEN PTK,1
007,007 - Buridah - Almoosa - MAATC,007-U-21,Closed,336428,361° MEN PTK,1
007,007 - Buridah - Almoosa - MAATC,007-U-21,Closed,336431,361° MEN PTK,3
007,007 - Buridah - Almoosa - MAATC,007-U-21,Closed,336435,361° MEN TSS,1
007,007 - Buridah - Almoosa - MAATC,007-U-21,Closed,336437,361° MEN TSS,3
007,007 - Buridah - Almoosa - MAATC,007-U-21,Closed,336439,361° MEN TSS,1
007,007 - Buridah - Almoosa - MAATC,007-U-22,Closed,336136,361° MEN SRT,2
007,007 - Buridah - Almoosa - MAATC,007-U-22,Closed,336150,361° MEN TSS,2
007,007 - Buridah - Almoosa - MAATC,007-U-22,Closed,336159,361° MEN TSS,1
007,007 - Buridah - Almoosa - MAATC,007-U-22,Closed,336179,361° MEN TSS,3
007,007 - Buridah - Almoosa - MAATC,007-U-22,Closed,336192,361° MEN TSS,2
007,007 - Buridah - Almoosa - MAATC,007-U-22,Closed,336262,361° MEN TSU,2
007,007 - Buridah - Almoosa - MAATC,007-U-22,Closed,336327,361° MEN CPR,1
007,007 - Buridah - Almoosa - MAATC,007-U-22,Closed,336365,361° MEN TSS,3
007,007 - Buridah - Almoosa - MAATC,007-U-22,Closed,336397,361° MEN TSS,1
007,007 - Buridah - Almoosa - MAATC,007-U-22,Closed,336455,361° MEN TSU,3
011,011 - Hail - Almoosa - MAATC,011-A-01,Closed,336151,361° MEN TSS,1
011,011 - Hail - Almoosa - MAATC,011-A-01,Closed,336185,361° MEN TSS,3
011,011 - Hail - Almoosa - MAATC,011-A-01,Closed,336264,361° MEN TSU,2
011,011 - Hail - Almoosa - MAATC,011-A-01,Closed,336474,361° MEN TSU,2
011,011 - Hail - Almoosa - MAATC,011-A-02,Closed,336116,361° MEN TSU,1
011,011 - Hail - Almoosa - MAATC,011-A-02,Closed,336122,361° MEN TSU,1
011,011 - Hail - Almoosa - MAATC,011-A-02,Closed,336123,361° MEN TSS,1
011,011 - Hail - Almoosa - MAATC,011-A-02,Closed,336131,361° MEN TSS,3
011,011 - Hail - Almoosa - MAATC,011-A-02,Closed,336153,361° MEN TSS,1
011,011 - Hail - Almoosa - MAATC,011-A-02,Closed,336154,361° MEN TSS,2
011,011 - Hail - Almoosa - MAATC,011-A-02,Closed,336155,361° MEN TSS,3
011,011 - Hail - Almoosa - MAATC,011-A-02,Closed,336157,361° MEN TSS,1
011,011 - Hail - Almoosa - MAATC,011-A-02,Closed,336171,361° MEN TSS,1
011,011 - Hail - Almoosa - MAATC,011-A-02,Closed,336174,361° MEN TSS,2
011,011 - Hail - Almoosa - MAATC,011-A-02,Closed,336182,361° MEN TSS,1
011,011 - Hail - Almoosa - MAATC,011-A-02,Closed,336216,361° MEN TSS,2
011,011 - Hail - Almoosa - MAATC,011-A-02,Closed,336237,361° MEN SRT,1
011,011 - Hail - Almoosa - MAATC,011-A-02,Closed,336248,361° MEN SRT,1
011,011 - Hail - Almoosa - MAATC,011-A-02,Closed,336267,361° MEN TSU,1
011,011 - Hail - Almoosa - MAATC,011-A-02,Closed,336268,361° MEN TSU,2
011,011 - Hail - Almoosa - MAATC,011-A-02,Closed,336270,361° MEN TSU,2
011,011 - Hail - Almoosa - MAATC,011-A-02,Closed,336272,361° MEN TSU,1
011,011 - Hail - Almoosa - MAATC,011-A-02,Closed,336273,361° MEN TSU,1
011,011 - Hail - Almoosa - MAATC,011-A-02,Closed,336274,361° MEN TSU,2
011,011 - Hail - Almoosa - MAATC,011-A-02,Closed,336278,361° MEN TSU,1
011,011 - Hail - Almoosa - MAATC,011-A-02,Closed,336280,361° MEN TSS,2
011,011 - Hail - Almoosa - MAATC,011-A-02,Closed,336281,361° MEN TSS,3
011,011 - Hail - Almoosa - MAATC,011-A-02,Closed,336285,361° MEN TSS,1
011,011 - Hail - Almoosa - MAATC,011-A-02,Closed,336289,361° MEN TSS,1
011,011 - Hail - Almoosa - MAATC,011-A-02,Closed,336324,361° MEN CPR,2
011,011 - Hail - Almoosa - MAATC,011-A-02,Closed,336325,361° MEN CPR,1
011,011 - Hail - Almoosa - MAATC,011-A-02,Closed,336326,361° MEN CPR,1
011,011 - Hail - Almoosa - MAATC,011-A-02,Closed,336345,361° MEN TSU,1
011,011 - Hail - Almoosa - MAATC,011-A-02,Closed,336350,361° MEN TSU,1
011,011 - Hail - Almoosa - MAATC,011-A-02,Closed,336355,361° MEN TSU,1
011,011 - Hail - Almoosa - MAATC,011-A-02,Closed,336356,361° MEN TSU,1
011,011 - Hail - Almoosa - MAATC,011-A-02,Closed,336419,361° MEN PTK,3
011,011 - Hail - Almoosa - MAATC,011-A-02,Closed,336420,361° MEN PTK,2
011,011 - Hail - Almoosa - MAATC,011-A-02,Closed,336424,361° MEN PTK,2
011,011 - Hail - Almoosa - MAATC,011-A-02,Closed,336429,361° MEN PTK,1
011,011 - Hail - Almoosa - MAATC,011-A-02,Closed,336436,361° MEN TSS,2
011,011 - Hail - Almoosa - MAATC,011-A-02,Closed,336440,361° MEN TSS,1
011,011 - Hail - Almoosa - MAATC,011-A-02,Closed,336441,361° MEN TSS,1
011,011 - Hail - Almoosa - MAATC,011-A-02,Closed,336445,361° MEN TSS,1
011,011 - Hail - Almoosa - MAATC,011-A-02,Closed,336446,361° MEN TSS,1
011,011 - Hail - Almoosa - MAATC,011-A-02,Closed,336453,361° MEN TSU,1
011,011 - Hail - Almoosa - MAATC,011-A-02,Closed,336462,361° MEN TSS,2
011,011 - Hail - Almoosa - MAATC,011-A-03,Closed,336125,361° MEN TSS,3
011,011 - Hail - Almoosa - MAATC,011-A-03,Closed,336135,361° MEN SRT,1
011,011 - Hail - Almoosa - MAATC,011-A-03,Closed,336140,361° MEN SRT,1
011,011 - Hail - Almoosa - MAATC,011-A-03,Closed,336141,361° MEN SRT,1
011,011 - Hail - Almoosa - MAATC,011-A-03,Closed,336148,361° MEN TSS,2
011,011 - Hail - Almoosa - MAATC,011-A-03,Closed,336149,361° MEN TSS,3
011,011 - Hail - Almoosa - MAATC,011-A-03,Closed,336167,361° MEN TSS,3
011,011 - Hail - Almoosa - MAATC,011-A-03,Closed,336173,361° MEN TSS,3
011,011 - Hail - Almoosa - MAATC,011-A-03,Closed,336180,361° MEN TSS,2
011,011 - Hail - Almoosa - MAATC,011-A-03,Closed,336181,361° MEN TSS,1
011,011 - Hail - Almoosa - MAATC,011-A-03,Closed,336185,361° MEN TSS,3
011,011 - Hail - Almoosa - MAATC,011-A-03,Closed,336186,361° MEN TSS,2
011,011 - Hail - Almoosa - MAATC,011-A-03,Closed,336189,361° MEN TSS,1
011,011 - Hail - Almoosa - MAATC,011-A-03,Closed,336191,361° MEN TSS,2
011,011 - Hail - Almoosa - MAATC,011-A-03,Closed,336204,361° MEN TSS,2
011,011 - Hail - Almoosa - MAATC,011-A-03,Closed,336209,361° MEN TSS,3
011,011 - Hail - Almoosa - MAATC,011-A-03,Closed,336218,361° MEN TSS,1
011,011 - Hail - Almoosa - MAATC,011-A-03,Closed,336239,361° MEN SRT,3
011,011 - Hail - Almoosa - MAATC,011-A-03,Closed,336247,361° MEN SRT,1
011,011 - Hail - Almoosa - MAATC,011-A-03,Closed,336255,361° MEN TSU,1
011,011 - Hail - Almoosa - MAATC,011-A-03,Closed,336256,361° MEN TSU,2
011,011 - Hail - Almoosa - MAATC,011-A-03,Closed,336260,361° MEN TSU,1
011,011 - Hail - Almoosa - MAATC,011-A-03,Closed,336283,361° MEN TSS,1
011,011 - Hail - Almoosa - MAATC,011-A-03,Closed,336311,361° MEN TSS,3
011,011 - Hail - Almoosa - MAATC,011-A-03,Closed,336322,361° MEN CPR,2
011,011 - Hail - Almoosa - MAATC,011-A-03,Closed,336330,361° MEN CPR,2
011,011 - Hail - Almoosa - MAATC,011-A-03,Closed,336347,361° MEN TSU,3
011,011 - Hail - Almoosa - MAATC,011-A-03,Closed,336357,361° MEN TSS,1
011,011 - Hail - Almoosa - MAATC,011-A-03,Closed,336359,361° MEN TSS,3
011,011 - Hail - Almoosa - MAATC,011-A-03,Closed,336360,361° MEN TSS,2
011,011 - Hail - Almoosa - MAATC,011-A-03,Closed,336363,361° MEN TSS,1
011,011 - Hail - Almoosa - MAATC,011-A-03,Closed,336364,361° MEN TSS,2
011,011 - Hail - Almoosa - MAATC,011-A-03,Closed,336367,361° MEN TSS,1
011,011 - Hail - Almoosa - MAATC,011-A-03,Closed,336368,361° MEN TSS,1
011,011 - Hail - Almoosa - MAATC,011-A-03,Closed,336388,361° MEN TSS,2
011,011 - Hail - Almoosa - MAATC,011-A-03,Closed,336389,361° MEN TSS,3
011,011 - Hail - Almoosa - MAATC,011-A-03,Closed,336390,361° MEN TSS,2
011,011 - Hail - Almoosa - MAATC,011-A-03,Closed,336393,361° MEN TSS,1
011,011 - Hail - Almoosa - MAATC,011-A-03,Closed,336395,361° MEN TSS,3
011,011 - Hail - Almoosa - MAATC,011-A-03,Closed,336396,361° MEN TSS,2
011,011 - Hail - Almoosa - MAATC,011-A-03,Closed,336401,361° MEN TSS,3
011,011 - Hail - Almoosa - MAATC,011-A-03,Closed,336430,361° MEN PTK,2
011,011 - Hail - Almoosa - MAATC,011-A-03,Closed,336471,361° MEN TSU,1
011,011 - Hail - Almoosa - MAATC,011-A-03,Closed,336477,361° MEN TSU,1
011,011 - Hail - Almoosa - MAATC,011-A-03,Closed,336478,361° MEN TSU,2
011,011 - Hail - Almoosa - MAATC,011-A-06,Open,336012,361° MEN SRT,1
011,011 - Hail - Almoosa - MAATC,011-A-06,Open,336143,361° MEN SRT,3
011,011 - Hail - Almoosa - MAATC,011-J-01,Closed,336113,361° MEN TSU,3
011,011 - Hail - Almoosa - MAATC,011-J-01,Closed,336132,361° MEN TSS,2
011,011 - Hail - Almoosa - MAATC,011-J-01,Closed,336138,361° MEN SRT,2
011,011 - Hail - Almoosa - MAATC,011-J-01,Closed,336161,361° MEN TSS,3
011,011 - Hail - Almoosa - MAATC,011-J-01,Closed,336162,361° MEN TSS,2
011,011 - Hail - Almoosa - MAATC,011-J-01,Closed,336169,361° MEN TSS,1
011,011 - Hail - Almoosa - MAATC,011-J-01,Closed,336170,361° MEN TSS,1
011,011 - Hail - Almoosa - MAATC,011-J-01,Closed,336173,361° MEN TSS,3
011,011 - Hail - Almoosa - MAATC,011-J-01,Closed,336197,361° MEN TSS,3
011,011 - Hail - Almoosa - MAATC,011-J-01,Closed,336203,361° MEN TSS,3
011,011 - Hail - Almoosa - MAATC,011-J-01,Closed,336210,361° MEN TSS,2
011,011 - Hail - Almoosa - MAATC,011-J-01,Closed,336212,361° MEN TSS,1
011,011 - Hail - Almoosa - MAATC,011-J-01,Closed,336213,361° MEN TSS,1
011,011 - Hail - Almoosa - MAATC,011-J-01,Closed,336217,361° MEN TSS,1
011,011 - Hail - Almoosa - MAATC,011-J-01,Closed,336225,361° MEN SRT,1
011,011 - Hail - Almoosa - MAATC,011-J-01,Closed,336227,361° MEN SRT,3
011,011 - Hail - Almoosa - MAATC,011-J-01,Closed,336228,361° MEN SRT,2
011,011 - Hail - Almoosa - MAATC,011-J-01,Closed,336233,361° MEN SRT,3
011,011 - Hail - Almoosa - MAATC,011-J-01,Closed,336236,361° MEN SRT,1
011,011 - Hail - Almoosa - MAATC,011-J-01,Closed,336257,361° MEN TSU,3
011,011 - Hail - Almoosa - MAATC,011-J-01,Closed,336259,361° MEN TSU,1
011,011 - Hail - Almoosa - MAATC,011-J-01,Closed,336266,361° MEN TSU,1
011,011 - Hail - Almoosa - MAATC,011-J-01,Closed,336300,361° MEN TSS,2
011,011 - Hail - Almoosa - MAATC,011-J-01,Closed,336321,361° MEN CPR,1
011,011 - Hail - Almoosa - MAATC,011-J-01,Closed,336331,361° MEN CPR,1
011,011 - Hail - Almoosa - MAATC,011-J-01,Closed,336337,361° MEN SRT,1
011,011 - Hail - Almoosa - MAATC,011-J-01,Closed,336338,361° MEN SRT,1
011,011 - Hail - Almoosa - MAATC,011-J-01,Closed,336343,361° MEN SRT,1
011,011 - Hail - Almoosa - MAATC,011-J-01,Closed,336344,361° MEN SRT,1
011,011 - Hail - Almoosa - MAATC,011-J-01,Closed,336387,361° MEN TSS,1
011,011 - Hail - Almoosa - MAATC,011-J-01,Closed,336428,361° MEN PTK,1
011,011 - Hail - Almoosa - MAATC,011-J-01,Closed,336447,361° MEN TSU,1
011,011 - Hail - Almoosa - MAATC,011-J-01,Closed,336459,361° MEN TSS,1
011,011 - Hail - Almoosa - MAATC,011-J-01,Closed,336460,361° MEN TSS,2
011,011 - Hail - Almoosa - MAATC,011-J-01,Closed,336461,361° MEN TSS,3
011,011 - Hail - Almoosa - MAATC,011-J-02,Closed,336118,361° MEN TSU,2
011,011 - Hail - Almoosa - MAATC,011-J-02,Closed,336119,361° MEN TSU,3
011,011 - Hail - Almoosa - MAATC,011-J-02,Closed,336127,361° MEN TSS,1
011,011 - Hail - Almoosa - MAATC,011-J-02,Closed,336128,361° MEN TSS,1
011,011 - Hail - Almoosa - MAATC,011-J-02,Closed,336134,361° MEN TSS,1
011,011 - Hail - Almoosa - MAATC,011-J-02,Closed,336163,361° MEN TSS,1
011,011 - Hail - Almoosa - MAATC,011-J-02,Closed,336166,361° MEN TSS,2
011,011 - Hail - Almoosa - MAATC,011-J-02,Closed,336184,361° MEN TSS,2
011,011 - Hail - Almoosa - MAATC,011-J-02,Closed,336187,361° MEN TSS,1
011,011 - Hail - Almoosa - MAATC,011-J-02,Closed,336219,361° MEN SRT,1
011,011 - Hail - Almoosa - MAATC,011-J-02,Closed,336231,361° MEN SRT,1
011,011 - Hail - Almoosa - MAATC,011-J-02,Closed,336232,361° MEN SRT,2
011,011 - Hail - Almoosa - MAATC,011-J-02,Closed,336241,361° MEN SRT,1
011,011 - Hail - Almoosa - MAATC,011-J-02,Closed,336242,361° MEN SRT,1
011,011 - Hail - Almoosa - MAATC,011-J-02,Closed,336249,361° MEN SRT,1
011,011 - Hail - Almoosa - MAATC,011-J-02,Closed,336254,361° MEN SRT,1
011,011 - Hail - Almoosa - MAATC,011-J-02,Closed,336261,361° MEN TSU,1
011,011 - Hail - Almoosa - MAATC,011-J-02,Closed,336265,361° MEN TSU,1
011,011 - Hail - Almoosa - MAATC,011-J-02,Closed,336275,361° MEN TSU,3
011,011 - Hail - Almoosa - MAATC,011-J-02,Closed,336276,361° MEN TSU,2
011,011 - Hail - Almoosa - MAATC,011-J-02,Closed,336290,361° MEN TSS,1
011,011 - Hail - Almoosa - MAATC,011-J-02,Closed,336294,361° MEN TSS,2
011,011 - Hail - Almoosa - MAATC,011-J-02,Closed,336301,361° MEN TSS,1
011,011 - Hail - Almoosa - MAATC,011-J-02,Closed,336339,361° MEN SRT,1
011,011 - Hail - Almoosa - MAATC,011-J-02,Closed,336411,361° MEN PTK,1
011,011 - Hail - Almoosa - MAATC,011-J-02,Closed,336415,361° MEN PTK,1
011,011 - Hail - Almoosa - MAATC,011-J-02,Closed,336417,361° MEN PTK,1
011,011 - Hail - Almoosa - MAATC,011-J-02,Closed,336434,361° MEN PTK,1
011,011 - Hail - Almoosa - MAATC,011-J-02,Closed,336436,361° MEN TSS,2
011,011 - Hail - Almoosa - MAATC,011-J-02,Closed,336448,361° MEN TSU,2
011,011 - Hail - Almoosa - MAATC,011-J-02,Closed,336451,361° MEN TSU,1
011,011 - Hail - Almoosa - MAATC,011-J-02,Closed,336452,361° MEN TSU,1
011,011 - Hail - Almoosa - MAATC,011-J-02,Closed,336456,361° MEN TSU,1
011,011 - Hail - Almoosa - MAATC,011-J-02,Closed,336458,361° MEN TSU,1
011,011 - Hail - Almoosa - MAATC,011-J-02,Closed,336470,361° MEN TSS,1
011,011 - Hail - Almoosa - MAATC,011-J-02,Closed,336481,361° MEN TSU,1
011,011 - Hail - Almoosa - MAATC,011-J-03,Closed,336124,361° MEN TSS,2
011,011 - Hail - Almoosa - MAATC,011-J-03,Closed,336133,361° MEN TSS,1
011,011 - Hail - Almoosa - MAATC,011-J-03,Closed,336164,361° MEN TSS,1
011,011 - Hail - Almoosa - MAATC,011-J-03,Closed,336167,361° MEN TSS,3
011,011 - Hail - Almoosa - MAATC,011-J-03,Closed,336248,361° MEN SRT,1
011,011 - Hail - Almoosa - MAATC,011-J-03,Closed,336279,361° MEN TSS,1
011,011 - Hail - Almoosa - MAATC,011-J-03,Closed,336298,361° MEN TSS,2
011,011 - Hail - Almoosa - MAATC,011-J-03,Closed,336313,361° MEN TSS,1
011,011 - Hail - Almoosa - MAATC,011-J-03,Closed,336316,361° MEN TSS,2
011,011 - Hail - Almoosa - MAATC,011-J-03,Closed,336333,361° MEN SRT,1
011,011 - Hail - Almoosa - MAATC,011-J-03,Closed,336334,361° MEN SRT,2
011,011 - Hail - Almoosa - MAATC,011-J-03,Closed,336341,361° MEN SRT,3
011,011 - Hail - Almoosa - MAATC,011-J-03,Closed,336346,361° MEN TSU,2
011,011 - Hail - Almoosa - MAATC,011-J-03,Closed,336348,361° MEN TSU,2
011,011 - Hail - Almoosa - MAATC,011-J-03,Closed,336350,361° MEN TSU,1
011,011 - Hail - Almoosa - MAATC,011-J-03,Closed,336354,361° MEN TSU,2
011,011 - Hail - Almoosa - MAATC,011-J-03,Closed,336356,361° MEN TSU,1
011,011 - Hail - Almoosa - MAATC,011-J-03,Closed,336394,361° MEN TSS,2
011,011 - Hail - Almoosa - MAATC,011-J-03,Closed,336396,361° MEN TSS,2
011,011 - Hail - Almoosa - MAATC,011-J-03,Closed,336421,361° MEN PTK,1
011,011 - Hail - Almoosa - MAATC,011-J-03,Closed,336450,361° MEN TSU,2
011,011 - Hail - Almoosa - MAATC,011-U-1,Closed,336038,361° USX CAP,6
011,011 - Hail - Almoosa - MAATC,011-U-1,Closed,336039,361° USX CAP,6
011,011 - Hail - Almoosa - MAATC,011-U-1,Closed,336040,361° USX CAP,6
011,011 - Hail - Almoosa - MAATC,011-U-1,Closed,336041,361° USX CAP,6
011,011 - Hail - Almoosa - MAATC,011-U-1,Closed,336043,361° USX CAP,6
011,011 - Hail - Almoosa - MAATC,011-U-1,Closed,336044,361° USX CAP,6
011,011 - Hail - Almoosa - MAATC,011-U-1,Closed,336045,361° USX CAP,6
011,011 - Hail - Almoosa - MAATC,011-U-1,Closed,336046,361° USX CAP,6
011,011 - Hail - Almoosa - MAATC,011-U-1,Closed,336047,361° USX CAP,6
011,011 - Hail - Almoosa - MAATC,011-U-1,Closed,336048,361° MEN SCK,9
011,011 - Hail - Almoosa - MAATC,011-U-1,Closed,336049,361° MEN SCK,9
011,011 - Hail - Almoosa - MAATC,011-U-1,Closed,336050,361° MEN SCK,9
011,011 - Hail - Almoosa - MAATC,011-U-1,Closed,336051,361° MEN SCK,9
011,011 - Hail - Almoosa - MAATC,011-U-1,Closed,336052,361° MEN SCK,9
011,011 - Hail - Almoosa - MAATC,011-U-1,Closed,336053,361° MEN SCK,9
011,011 - Hail - Almoosa - MAATC,011-U-1,Closed,336055,361° MEN SCK,9
011,011 - Hail - Almoosa - MAATC,011-U-1,Closed,336056,361° MEN SCK,10
011,011 - Hail - Almoosa - MAATC,011-U-1,Closed,336057,361° USX SCK,2
011,011 - Hail - Almoosa - MAATC,011-U-1,Closed,336058,361° USX SCK,4
011,011 - Hail - Almoosa - MAATC,011-U-1,Closed,336059,361° USX SCK,2
011,011 - Hail - Almoosa - MAATC,011-U-1,Closed,336060,361° USX SCK,2
011,011 - Hail - Almoosa - MAATC,011-U-1,Closed,336061,361° USX SCK,4
011,011 - Hail - Almoosa - MAATC,011-U-1,Closed,336062,361° USX SCK,2
011,011 - Hail - Almoosa - MAATC,011-U-1,Closed,336063,361° USX SCK,2
011,011 - Hail - Almoosa - MAATC,011-U-1,Closed,336064,361° USX SCK,4
011,011 - Hail - Almoosa - MAATC,011-U-1,Closed,336065,361° USX SCK,2
011,011 - Hail - Almoosa - MAATC,011-U-1,Closed,336066,361° USX SCK,2
011,011 - Hail - Almoosa - MAATC,011-U-1,Closed,336067,361° USX SCK,4
011,011 - Hail - Almoosa - MAATC,011-U-1,Closed,336068,361° USX SCK,2
011,011 - Hail - Almoosa - MAATC,011-U-1,Closed,336069,361° USX SCK,2
011,011 - Hail - Almoosa - MAATC,011-U-1,Closed,336070,361° USX SCK,4
011,011 - Hail - Almoosa - MAATC,011-U-1,Closed,336071,361° USX SCK,2
011,011 - Hail - Almoosa - MAATC,011-U-1,Closed,336072,361° USX SCK,2
011,011 - Hail - Almoosa - MAATC,011-U-1,Closed,336073,361° USX SCK,4
011,011 - Hail - Almoosa - MAATC,011-U-1,Closed,336074,361° USX SCK,2
011,011 - Hail - Almoosa - MAATC,011-U-1,Closed,336075,361° USX INS,1
011,011 - Hail - Almoosa - MAATC,011-U-1,Closed,336076,361° USX INS,2
011,011 - Hail - Almoosa - MAATC,011-U-1,Closed,336077,361° USX INS,3
011,011 - Hail - Almoosa - MAATC,011-U-1,Closed,336078,361° USX INS,3
011,011 - Hail - Almoosa - MAATC,011-U-1,Closed,336079,361° USX INS,2
011,011 - Hail - Almoosa - MAATC,011-U-1,Closed,336080,361° USX INS,1
011,011 - Hail - Almoosa - MAATC,011-U-16,Closed,336018,361° MEN SHO,1
011,011 - Hail - Almoosa - MAATC,011-U-16,Closed,336019,361° MEN SHO,2
011,011 - Hail - Almoosa - MAATC,011-U-16,Closed,336020,361° MEN SHO,3
011,011 - Hail - Almoosa - MAATC,011-U-16,Closed,336021,361° MEN SHO,3
011,011 - Hail - Almoosa - MAATC,011-U-16,Closed,336022,361° MEN SHO,3
011,011 - Hail - Almoosa - MAATC,011-U-17,Closed,336023,361° MEN SHO,1
011,011 - Hail - Almoosa - MAATC,011-U-17,Closed,336024,361° MEN SHO,2
011,011 - Hail - Almoosa - MAATC,011-U-17,Closed,336025,361° MEN SHO,3
011,011 - Hail - Almoosa - MAATC,011-U-17,Closed,336026,361° MEN SHO,3
011,011 - Hail - Almoosa - MAATC,011-U-17,Closed,336027,361° MEN SHO,3
011,011 - Hail - Almoosa - MAATC,011-U-18,Closed,336028,361° MEN SHO,1
011,011 - Hail - Almoosa - MAATC,011-U-18,Closed,336029,361° MEN SHO,2
011,011 - Hail - Almoosa - MAATC,011-U-18,Closed,336030,361° MEN SHO,3
011,011 - Hail - Almoosa - MAATC,011-U-18,Closed,336031,361° MEN SHO,3
011,011 - Hail - Almoosa - MAATC,011-U-18,Closed,336032,361° MEN SHO,3
011,011 - Hail - Almoosa - MAATC,011-U-19,Closed,336126,361° MEN TSS,2
011,011 - Hail - Almoosa - MAATC,011-U-19,Closed,336131,361° MEN TSS,3
011,011 - Hail - Almoosa - MAATC,011-U-19,Closed,336172,361° MEN TSS,2
011,011 - Hail - Almoosa - MAATC,011-U-19,Closed,336175,361° MEN TSS,1
011,011 - Hail - Almoosa - MAATC,011-U-19,Closed,336222,361° MEN SRT,2
011,011 - Hail - Almoosa - MAATC,011-U-19,Closed,336240,361° MEN SRT,2
011,011 - Hail - Almoosa - MAATC,011-U-19,Closed,336243,361° MEN SRT,1
011,011 - Hail - Almoosa - MAATC,011-U-19,Closed,336245,361° MEN SRT,3
011,011 - Hail - Almoosa - MAATC,011-U-19,Closed,336246,361° MEN SRT,2
011,011 - Hail - Almoosa - MAATC,011-U-19,Closed,336250,361° MEN SRT,2
011,011 - Hail - Almoosa - MAATC,011-U-19,Closed,336252,361° MEN SRT,2
011,011 - Hail - Almoosa - MAATC,011-U-19,Closed,336253,361° MEN SRT,1
011,011 - Hail - Almoosa - MAATC,011-U-19,Closed,336263,361° MEN TSU,3
011,011 - Hail - Almoosa - MAATC,011-U-19,Closed,336277,361° MEN TSU,1
011,011 - Hail - Almoosa - MAATC,011-U-19,Closed,336315,361° MEN TSS,1
011,011 - Hail - Almoosa - MAATC,011-U-19,Closed,336317,361° MEN TSS,3
011,011 - Hail - Almoosa - MAATC,011-U-19,Closed,336328,361° MEN CPR,2
011,011 - Hail - Almoosa - MAATC,011-U-19,Closed,336335,361° MEN SRT,3
011,011 - Hail - Almoosa - MAATC,011-U-19,Closed,336449,361° MEN TSU,3
011,011 - Hail - Almoosa - MAATC,011-U-19,Closed,336456,361° MEN TSU,2
011,011 - Hail - Almoosa - MAATC,011-U-19,Closed,336457,361° MEN TSU,1
011,011 - Hail - Almoosa - MAATC,011-U-19,Closed,336473,361° MEN TSU,2
011,011 - Hail - Almoosa - MAATC,011-U-19,Closed,336480,361° MEN TSU,2
011,011 - Hail - Almoosa - MAATC,011-U-2,Open,336128,361° MEN TSS,1
011,011 - Hail - Almoosa - MAATC,011-U-2,Open,336129,361° MEN TSS,1
011,011 - Hail - Almoosa - MAATC,011-U-2,Open,336130,361° MEN TSS,2
011,011 - Hail - Almoosa - MAATC,011-U-2,Open,336152,361° MEN TSS,1
011,011 - Hail - Almoosa - MAATC,011-U-2,Open,336269,361° MEN TSU,3
011,011 - Hail - Almoosa - MAATC,011-U-2,Open,336425,361° MEN PTK,3
011,011 - Hail - Almoosa - MAATC,011-U-2,Open,336442,361° MEN TSS,2
011,011 - Hail - Almoosa - MAATC,011-U-2,Open,336443,361° MEN TSS,3
011,011 - Hail - Almoosa - MAATC,011-U-2,Open,336475,361° MEN TSU,1
011,011 - Hail - Almoosa - MAATC,011-U-2,Open,336476,361° MEN TSU,1
011,011 - Hail - Almoosa - MAATC,011-U-2,Open,336479,361° MEN TSU,3
011,011 - Hail - Almoosa - MAATC,011-U-21,Closed,336008,361° MEN SRT,3
011,011 - Hail - Almoosa - MAATC,011-U-21,Closed,336014,361° MEN SRT,3
011,011 - Hail - Almoosa - MAATC,011-U-21,Closed,336015,361° MEN SRT,2
011,011 - Hail - Almoosa - MAATC,011-U-21,Closed,336132,361° MEN TSS,2
011,011 - Hail - Almoosa - MAATC,011-U-21,Closed,336137,361° MEN SRT,3
011,011 - Hail - Almoosa - MAATC,011-U-21,Closed,336139,361° MEN SRT,1
011,011 - Hail - Almoosa - MAATC,011-U-21,Closed,336199,361° MEN TSS,1
011,011 - Hail - Almoosa - MAATC,011-U-21,Closed,336201,361° MEN TSS,1
011,011 - Hail - Almoosa - MAATC,011-U-21,Closed,336207,361° MEN TSS,1
011,011 - Hail - Almoosa - MAATC,011-U-21,Closed,336210,361° MEN TSS,2
011,011 - Hail - Almoosa - MAATC,011-U-21,Closed,336238,361° MEN SRT,2
011,011 - Hail - Almoosa - MAATC,011-U-21,Closed,336271,361° MEN TSU,1
011,011 - Hail - Almoosa - MAATC,011-U-21,Closed,336288,361° MEN TSS,2
011,011 - Hail - Almoosa - MAATC,011-U-21,Closed,336309,361° MEN TSS,1
011,011 - Hail - Almoosa - MAATC,011-U-21,Closed,336310,361° MEN TSS,2
011,011 - Hail - Almoosa - MAATC,011-U-21,Closed,336312,361° MEN TSS,2
011,011 - Hail - Almoosa - MAATC,011-U-21,Closed,336314,361° MEN TSS,1
011,011 - Hail - Almoosa - MAATC,011-U-21,Closed,336319,361° MEN TSS,1
011,011 - Hail - Almoosa - MAATC,011-U-21,Closed,336320,361° MEN TSS,1
011,011 - Hail - Almoosa - MAATC,011-U-21,Closed,336366,361° MEN TSS,2
011,011 - Hail - Almoosa - MAATC,011-U-21,Closed,336399,361° MEN TSS,1
011,011 - Hail - Almoosa - MAATC,011-U-21,Closed,336404,361° MEN TSS,1
011,011 - Hail - Almoosa - MAATC,011-U-21,Closed,336409,361° MEN TSS,1
011,011 - Hail - Almoosa - MAATC,011-U-21,Closed,336427,361° MEN PTK,1
011,011 - Hail - Almoosa - MAATC,011-U-21,Closed,336428,361° MEN PTK,1
011,011 - Hail - Almoosa - MAATC,011-U-21,Closed,336431,361° MEN PTK,3
011,011 - Hail - Almoosa - MAATC,011-U-21,Closed,336435,361° MEN TSS,1
011,011 - Hail - Almoosa - MAATC,011-U-21,Closed,336437,361° MEN TSS,3
011,011 - Hail - Almoosa - MAATC,011-U-21,Closed,336439,361° MEN TSS,1
011,011 - Hail - Almoosa - MAATC,011-U-22,Closed,336121,361° MEN TSU,1
011,011 - Hail - Almoosa - MAATC,011-U-22,Closed,336136,361° MEN SRT,2
011,011 - Hail - Almoosa - MAATC,011-U-22,Closed,336150,361° MEN TSS,2
011,011 - Hail - Almoosa - MAATC,011-U-22,Closed,336159,361° MEN TSS,1
011,011 - Hail - Almoosa - MAATC,011-U-22,Closed,336179,361° MEN TSS,3
011,011 - Hail - Almoosa - MAATC,011-U-22,Closed,336192,361° MEN TSS,2
011,011 - Hail - Almoosa - MAATC,011-U-22,Closed,336262,361° MEN TSU,2
011,011 - Hail - Almoosa - MAATC,011-U-22,Closed,336327,361° MEN CPR,1
011,011 - Hail - Almoosa - MAATC,011-U-22,Closed,336365,361° MEN TSS,3
011,011 - Hail - Almoosa - MAATC,011-U-22,Closed,336397,361° MEN TSS,1
011,011 - Hail - Almoosa - MAATC,011-U-22,Closed,336455,361° MEN TSU,3
011,011 - Hail - Almoosa - MAATC,011-U-6,Closed,336118,361° MEN TSU,2
011,011 - Hail - Almoosa - MAATC,011-U-6,Closed,336142,361° MEN SRT,2
011,011 - Hail - Almoosa - MAATC,011-U-6,Closed,336144,361° MEN SRT,2
011,011 - Hail - Almoosa - MAATC,011-U-6,Closed,336147,361° MEN TSS,1
011,011 - Hail - Almoosa - MAATC,011-U-6,Closed,336200,361° MEN TSS,1
011,011 - Hail - Almoosa - MAATC,011-U-6,Closed,336202,361° MEN TSS,2
011,011 - Hail - Almoosa - MAATC,011-U-6,Closed,336203,361° MEN TSS,3
011,011 - Hail - Almoosa - MAATC,011-U-6,Closed,336205,361° MEN TSS,1
011,011 - Hail - Almoosa - MAATC,011-U-6,Closed,336211,361° MEN TSS,1
011,011 - Hail - Almoosa - MAATC,011-U-6,Closed,336215,361° MEN TSS,3
011,011 - Hail - Almoosa - MAATC,011-U-6,Closed,336216,361° MEN TSS,2
011,011 - Hail - Almoosa - MAATC,011-U-6,Closed,336220,361° MEN SRT,2
011,011 - Hail - Almoosa - MAATC,011-U-6,Closed,336221,361° MEN SRT,3
011,011 - Hail - Almoosa - MAATC,011-U-6,Closed,336238,361° MEN SRT,2
011,011 - Hail - Almoosa - MAATC,011-U-6,Closed,336268,361° MEN TSU,2
011,011 - Hail - Almoosa - MAATC,011-U-6,Closed,336286,361° MEN TSS,2
011,011 - Hail - Almoosa - MAATC,011-U-6,Closed,336287,361° MEN TSS,3
011,011 - Hail - Almoosa - MAATC,011-U-6,Closed,336295,361° MEN TSS,1
011,011 - Hail - Almoosa - MAATC,011-U-6,Closed,336304,361° MEN TSS,2
011,011 - Hail - Almoosa - MAATC,011-U-6,Closed,336306,361° MEN TSS,2
011,011 - Hail - Almoosa - MAATC,011-U-6,Closed,336307,361° MEN TSS,1
011,011 - Hail - Almoosa - MAATC,011-U-6,Closed,336308,361° MEN TSS,1
011,011 - Hail - Almoosa - MAATC,011-U-6,Closed,336332,361° MEN CPR,1
011,011 - Hail - Almoosa - MAATC,011-U-6,Closed,336336,361° MEN SRT,2
011,011 - Hail - Almoosa - MAATC,011-U-6,Closed,336340,361° MEN SRT,2
011,011 - Hail - Almoosa - MAATC,011-U-6,Closed,336342,361° MEN SRT,2
011,011 - Hail - Almoosa - MAATC,011-U-6,Closed,336352,361° MEN TSU,2
011,011 - Hail - Almoosa - MAATC,011-U-6,Closed,336354,361° MEN TSU,2
011,011 - Hail - Almoosa - MAATC,011-U-6,Closed,336358,361° MEN TSS,2
011,011 - Hail - Almoosa - MAATC,011-U-6,Closed,336361,361° MEN TSS,1
011,011 - Hail - Almoosa - MAATC,011-U-6,Closed,336362,361° MEN TSS,1
011,011 - Hail - Almoosa - MAATC,011-U-6,Closed,336389,361° MEN TSS,3
011,011 - Hail - Almoosa - MAATC,011-U-6,Closed,336391,361° MEN TSS,1
011,011 - Hail - Almoosa - MAATC,011-U-6,Closed,336392,361° MEN TSS,1
011,011 - Hail - Almoosa - MAATC,011-U-6,Closed,336398,361° MEN TSS,1
011,011 - Hail - Almoosa - MAATC,011-U-6,Closed,336400,361° MEN TSS,2
011,011 - Hail - Almoosa - MAATC,011-U-6,Closed,336403,361° MEN TSS,1
011,011 - Hail - Almoosa - MAATC,011-U-6,Closed,336405,361° MEN TSS,1
011,011 - Hail - Almoosa - MAATC,011-U-6,Closed,336406,361° MEN TSS,2
011,011 - Hail - Almoosa - MAATC,011-U-6,Closed,336407,361° MEN TSS,3
011,011 - Hail - Almoosa - MAATC,011-U-6,Closed,336410,361° MEN TSS,1
011,011 - Hail - Almoosa - MAATC,011-U-6,Closed,336422,361° MEN PTK,1
011,011 - Hail - Almoosa - MAATC,011-U-6,Closed,336432,361° MEN PTK,2
011,011 - Hail - Almoosa - MAATC,011-U-6,Closed,336448,361° MEN TSU,2
011,011 - Hail - Almoosa - MAATC,011-U-6,Closed,336454,361° MEN TSU,2
011,011 - Hail - Almoosa - MAATC,011-U-6,Closed,336463,361° MEN TSS,1
011,011 - Hail - Almoosa - MAATC,011-U-7,Closed,336007,361° MEN SRT,3
011,011 - Hail - Almoosa - MAATC,011-U-7,Closed,336010,361° MEN SRT,1
011,011 - Hail - Almoosa - MAATC,011-U-7,Closed,336011,361° MEN SRT,1
011,011 - Hail - Almoosa - MAATC,011-U-7,Closed,336017,361° MEN SRT,1
011,011 - Hail - Almoosa - MAATC,011-U-7,Closed,336160,361° MEN TSS,2
011,011 - Hail - Almoosa - MAATC,011-U-7,Closed,336172,361° MEN TSS,2
011,011 - Hail - Almoosa - MAATC,011-U-7,Closed,336176,361° MEN TSS,1
011,011 - Hail - Almoosa - MAATC,011-U-7,Closed,336178,361° MEN TSS,2
011,011 - Hail - Almoosa - MAATC,011-U-7,Closed,336183,361° MEN TSS,1
011,011 - Hail - Almoosa - MAATC,011-U-7,Closed,336188,361° MEN TSS,1
011,011 - Hail - Almoosa - MAATC,011-U-7,Closed,336190,361° MEN TSS,2
011,011 - Hail - Almoosa - MAATC,011-U-7,Closed,336191,361° MEN TSS,3
011,011 - Hail - Almoosa - MAATC,011-U-7,Closed,336193,361° MEN TSS,1
011,011 - Hail - Almoosa - MAATC,011-U-7,Closed,336194,361° MEN TSS,1
011,011 - Hail - Almoosa - MAATC,011-U-7,Closed,336196,361° MEN TSS,2
011,011 - Hail - Almoosa - MAATC,011-U-7,Closed,336198,361° MEN TSS,1
011,011 - Hail - Almoosa - MAATC,011-U-7,Closed,336199,361° MEN TSS,1
011,011 - Hail - Almoosa - MAATC,011-U-7,Closed,336201,361° MEN TSS,1
011,011 - Hail - Almoosa - MAATC,011-U-7,Closed,336204,361° MEN TSS,2
011,011 - Hail - Almoosa - MAATC,011-U-7,Closed,336206,361° MEN TSS,1
011,011 - Hail - Almoosa - MAATC,011-U-7,Closed,336208,361° MEN TSS,2
011,011 - Hail - Almoosa - MAATC,011-U-7,Closed,336214,361° MEN TSS,2
011,011 - Hail - Almoosa - MAATC,011-U-7,Closed,336224,361° MEN SRT,1
011,011 - Hail - Almoosa - MAATC,011-U-7,Closed,336226,361° MEN SRT,2
011,011 - Hail - Almoosa - MAATC,011-U-7,Closed,336229,361° MEN SRT,1
011,011 - Hail - Almoosa - MAATC,011-U-7,Closed,336230,361° MEN SRT,1
011,011 - Hail - Almoosa - MAATC,011-U-7,Closed,336234,361° MEN SRT,2
011,011 - Hail - Almoosa - MAATC,011-U-7,Closed,336235,361° MEN SRT,1
011,011 - Hail - Almoosa - MAATC,011-U-7,Closed,336244,361° MEN SRT,2
011,011 - Hail - Almoosa - MAATC,011-U-7,Closed,336258,361° MEN TSU,2
011,011 - Hail - Almoosa - MAATC,011-U-7,Closed,336303,361° MEN TSS,1
011,011 - Hail - Almoosa - MAATC,011-U-7,Closed,336318,361° MEN TSS,2
011,011 - Hail - Almoosa - MAATC,011-U-7,Closed,336323,361° MEN CPR,3
011,011 - Hail - Almoosa - MAATC,011-U-7,Closed,336351,361° MEN TSU,1
011,011 - Hail - Almoosa - MAATC,011-U-7,Closed,336353,361° MEN TSU,3
011,011 - Hail - Almoosa - MAATC,011-U-7,Closed,336402,361° MEN TSS,2
011,011 - Hail - Almoosa - MAATC,011-U-7,Closed,336412,361° MEN PTK,2
011,011 - Hail - Almoosa - MAATC,011-U-7,Closed,336414,361° MEN PTK,2
011,011 - Hail - Almoosa - MAATC,011-U-7,Closed,336418,361° MEN PTK,2
011,011 - Hail - Almoosa - MAATC,011-U-7,Closed,336423,361° MEN PTK,1
011,011 - Hail - Almoosa - MAATC,011-U-7,Closed,336430,361° MEN PTK,2
011,011 - Hail - Almoosa - MAATC,011-U-7,Closed,336433,361° MEN PTK,1
011,011 - Hail - Almoosa - MAATC,011-U-7,Closed,336442,361° MEN TSS,2
011,011 - Hail - Almoosa - MAATC,011-U-7,Closed,336460,361° MEN TSS,2
011,011 - Hail - Almoosa - MAATC,011-U-7,Closed,336464,361° MEN TSS,1
011,011 - Hail - Almoosa - MAATC,011-U-7,Closed,336465,361° MEN TSS,1
011,011 - Hail - Almoosa - MAATC,011-U-7,Closed,336466,361° MEN TSS,2
011,011 - Hail - Almoosa - MAATC,011-U-7,Closed,336469,361° MEN TSS,1
011,011 - Hail - Almoosa - MAATC,011-U-7,Closed,336472,361° MEN TSU,2
011,011 - Hail - Almoosa - MAATC,011-U-7,Closed,336482,361° MEN TSU,1
011,011 - Hail - Almoosa - MAATC,011-U-8,Closed,336009,361° MEN SRT,2
011,011 - Hail - Almoosa - MAATC,011-U-8,Closed,336013,361° MEN SRT,3
011,011 - Hail - Almoosa - MAATC,011-U-8,Closed,336016,361° MEN SRT,1
011,011 - Hail - Almoosa - MAATC,011-U-8,Closed,336111,361° MEN TSU,1
011,011 - Hail - Almoosa - MAATC,011-U-8,Closed,336112,361° MEN TSU,2
011,011 - Hail - Almoosa - MAATC,011-U-8,Closed,336114,361° MEN TSU,2
011,011 - Hail - Almoosa - MAATC,011-U-8,Closed,336115,361° MEN TSU,1
011,011 - Hail - Almoosa - MAATC,011-U-8,Closed,336117,361° MEN TSU,1
011,011 - Hail - Almoosa - MAATC,011-U-8,Closed,336120,361° MEN TSU,2
011,011 - Hail - Almoosa - MAATC,011-U-8,Closed,336156,361° MEN TSS,2
011,011 - Hail - Almoosa - MAATC,011-U-8,Closed,336158,361° MEN TSS,1
011,011 - Hail - Almoosa - MAATC,011-U-8,Closed,336177,361° MEN TSS,1
011,011 - Hail - Almoosa - MAATC,011-U-8,Closed,336195,361° MEN TSS,1
011,011 - Hail - Almoosa - MAATC,011-U-8,Closed,336198,361° MEN TSS,1
011,011 - Hail - Almoosa - MAATC,011-U-8,Closed,336223,361° MEN SRT,1
011,011 - Hail - Almoosa - MAATC,011-U-8,Closed,336237,361° MEN SRT,1
011,011 - Hail - Almoosa - MAATC,011-U-8,Closed,336249,361° MEN SRT,1
011,011 - Hail - Almoosa - MAATC,011-U-8,Closed,336251,361° MEN SRT,3
011,011 - Hail - Almoosa - MAATC,011-U-8,Closed,336257,361° MEN TSU,3
011,011 - Hail - Almoosa - MAATC,011-U-8,Closed,336282,361° MEN TSS,2
011,011 - Hail - Almoosa - MAATC,011-U-8,Closed,336284,361° MEN TSS,1
011,011 - Hail - Almoosa - MAATC,011-U-8,Closed,336291,361° MEN TSS,1
011,011 - Hail - Almoosa - MAATC,011-U-8,Closed,336292,361° MEN TSS,2
011,011 - Hail - Almoosa - MAATC,011-U-8,Closed,336293,361° MEN TSS,3
011,011 - Hail - Almoosa - MAATC,011-U-8,Closed,336296,361° MEN TSS,1
011,011 - Hail - Almoosa - MAATC,011-U-8,Closed,336297,361° MEN TSS,1
011,011 - Hail - Almoosa - MAATC,011-U-8,Closed,336299,361° MEN TSS,3
011,011 - Hail - Almoosa - MAATC,011-U-8,Closed,336302,361° MEN TSS,1
011,011 - Hail - Almoosa - MAATC,011-U-8,Closed,336305,361° MEN TSS,3
011,011 - Hail - Almoosa - MAATC,011-U-8,Closed,336329,361° MEN CPR,3
011,011 - Hail - Almoosa - MAATC,011-U-8,Closed,336345,361° MEN TSU,1
011,011 - Hail - Almoosa - MAATC,011-U-8,Closed,336347,361° MEN TSU,3
011,011 - Hail - Almoosa - MAATC,011-U-8,Closed,336348,361° MEN TSU,1
011,011 - Hail - Almoosa - MAATC,011-U-8,Closed,336349,361° MEN TSU,1
011,011 - Hail - Almoosa - MAATC,011-U-8,Closed,336408,361° MEN TSS,2
011,011 - Hail - Almoosa - MAATC,011-U-8,Closed,336413,361° MEN PTK,3
011,011 - Hail - Almoosa - MAATC,011-U-8,Closed,336416,361° MEN PTK,1
011,011 - Hail - Almoosa - MAATC,011-U-8,Closed,336424,361° MEN PTK,2
011,011 - Hail - Almoosa - MAATC,011-U-8,Closed,336426,361° MEN PTK,2
011,011 - Hail - Almoosa - MAATC,011-U-8,Closed,336438,361° MEN TSS,2
011,011 - Hail - Almoosa - MAATC,011-U-8,Closed,336444,361° MEN TSS,2
011,011 - Hail - Almoosa - MAATC,011-U-8,Closed,336467,361° MEN TSS,3
011,011 - Hail - Almoosa - MAATC,011-U-8,Closed,336468,361° MEN TSS,2
019,019 - Geel Alnaka - MAATC,019-A-01,Closed,336151,361° MEN TSS,1
019,019 - Geel Alnaka - MAATC,019-A-01,Closed,336185,361° MEN TSS,3
019,019 - Geel Alnaka - MAATC,019-A-01,Closed,336264,361° MEN TSU,2
019,019 - Geel Alnaka - MAATC,019-A-01,Closed,336474,361° MEN TSU,2
019,019 - Geel Alnaka - MAATC,019-A-02,Closed,336116,361° MEN TSU,1
019,019 - Geel Alnaka - MAATC,019-A-02,Closed,336122,361° MEN TSU,1
019,019 - Geel Alnaka - MAATC,019-A-02,Closed,336123,361° MEN TSS,1
019,019 - Geel Alnaka - MAATC,019-A-02,Closed,336131,361° MEN TSS,3
019,019 - Geel Alnaka - MAATC,019-A-02,Closed,336153,361° MEN TSS,1
019,019 - Geel Alnaka - MAATC,019-A-02,Closed,336154,361° MEN TSS,2
019,019 - Geel Alnaka - MAATC,019-A-02,Closed,336155,361° MEN TSS,3
019,019 - Geel Alnaka - MAATC,019-A-02,Closed,336157,361° MEN TSS,1
019,019 - Geel Alnaka - MAATC,019-A-02,Closed,336171,361° MEN TSS,1
019,019 - Geel Alnaka - MAATC,019-A-02,Closed,336174,361° MEN TSS,2
019,019 - Geel Alnaka - MAATC,019-A-02,Closed,336182,361° MEN TSS,1
019,019 - Geel Alnaka - MAATC,019-A-02,Closed,336216,361° MEN TSS,2
019,019 - Geel Alnaka - MAATC,019-A-02,Closed,336237,361° MEN SRT,1
019,019 - Geel Alnaka - MAATC,019-A-02,Closed,336248,361° MEN SRT,1
019,019 - Geel Alnaka - MAATC,019-A-02,Closed,336267,361° MEN TSU,1
019,019 - Geel Alnaka - MAATC,019-A-02,Closed,336270,361° MEN TSU,2
019,019 - Geel Alnaka - MAATC,019-A-02,Closed,336272,361° MEN TSU,1
019,019 - Geel Alnaka - MAATC,019-A-02,Closed,336273,361° MEN TSU,1
019,019 - Geel Alnaka - MAATC,019-A-02,Closed,336274,361° MEN TSU,1
019,019 - Geel Alnaka - MAATC,019-A-02,Closed,336278,361° MEN TSU,1
019,019 - Geel Alnaka - MAATC,019-A-02,Closed,336280,361° MEN TSS,2
019,019 - Geel Alnaka - MAATC,019-A-02,Closed,336281,361° MEN TSS,3
019,019 - Geel Alnaka - MAATC,019-A-02,Closed,336285,361° MEN TSS,1
019,019 - Geel Alnaka - MAATC,019-A-02,Closed,336289,361° MEN TSS,1
019,019 - Geel Alnaka - MAATC,019-A-02,Closed,336324,361° MEN CPR,2
019,019 - Geel Alnaka - MAATC,019-A-02,Closed,336325,361° MEN CPR,1
019,019 - Geel Alnaka - MAATC,019-A-02,Closed,336326,361° MEN CPR,1
019,019 - Geel Alnaka - MAATC,019-A-02,Closed,336345,361° MEN TSU,1
019,019 - Geel Alnaka - MAATC,019-A-02,Closed,336350,361° MEN TSU,1
019,019 - Geel Alnaka - MAATC,019-A-02,Closed,336355,361° MEN TSU,1
019,019 - Geel Alnaka - MAATC,019-A-02,Closed,336419,361° MEN PTK,3
019,019 - Geel Alnaka - MAATC,019-A-02,Closed,336420,361° MEN PTK,2
019,019 - Geel Alnaka - MAATC,019-A-02,Closed,336424,361° MEN PTK,1
019,019 - Geel Alnaka - MAATC,019-A-02,Closed,336429,361° MEN PTK,1
019,019 - Geel Alnaka - MAATC,019-A-02,Closed,336436,361° MEN TSS,2
019,019 - Geel Alnaka - MAATC,019-A-02,Closed,336440,361° MEN TSS,1
019,019 - Geel Alnaka - MAATC,019-A-02,Closed,336441,361° MEN TSS,1
019,019 - Geel Alnaka - MAATC,019-A-02,Closed,336445,361° MEN TSS,1
019,019 - Geel Alnaka - MAATC,019-A-02,Closed,336446,361° MEN TSS,1
019,019 - Geel Alnaka - MAATC,019-A-02,Closed,336453,361° MEN TSU,1
019,019 - Geel Alnaka - MAATC,019-A-02,Closed,336462,361° MEN TSS,2
019,019 - Geel Alnaka - MAATC,019-A-02,Closed,336504,361° WMN TSU,2
019,019 - Geel Alnaka - MAATC,019-A-02,Closed,336511,361° WMN TSU,1
019,019 - Geel Alnaka - MAATC,019-A-02,Closed,336514,361° WMN TSS,2
019,019 - Geel Alnaka - MAATC,019-A-02,Closed,336515,361° WMN TSS,2
019,019 - Geel Alnaka - MAATC,019-A-02,Closed,336517,361° WMN TSS,1
019,019 - Geel Alnaka - MAATC,019-A-02,Closed,336521,361° WMN TSS,2
019,019 - Geel Alnaka - MAATC,019-A-02,Closed,336524,361° WMN TSS,1
019,019 - Geel Alnaka - MAATC,019-A-02,Closed,336537,361° WMN TSU,1
019,019 - Geel Alnaka - MAATC,019-A-02,Closed,336545,361° WMN TSU,2
019,019 - Geel Alnaka - MAATC,019-A-02,Closed,336582,361° WMN TSU,2
019,019 - Geel Alnaka - MAATC,019-A-02,Closed,336583,361° WMN TSU,1
019,019 - Geel Alnaka - MAATC,019-A-02,Closed,336587,361° WMN TSU,2
019,019 - Geel Alnaka - MAATC,019-A-02,Closed,336589,361° WMN TSU,1
019,019 - Geel Alnaka - MAATC,019-A-03,Closed,336098,361° MEN WST,1
019,019 - Geel Alnaka - MAATC,019-A-03,Closed,336125,361° MEN TSS,3
019,019 - Geel Alnaka - MAATC,019-A-03,Closed,336135,361° MEN SRT,1
019,019 - Geel Alnaka - MAATC,019-A-03,Closed,336140,361° MEN SRT,1
019,019 - Geel Alnaka - MAATC,019-A-03,Closed,336141,361° MEN SRT,1
019,019 - Geel Alnaka - MAATC,019-A-03,Closed,336148,361° MEN TSS,2
019,019 - Geel Alnaka - MAATC,019-A-03,Closed,336149,361° MEN TSS,3
019,019 - Geel Alnaka - MAATC,019-A-03,Closed,336167,361° MEN TSS,3
019,019 - Geel Alnaka - MAATC,019-A-03,Closed,336173,361° MEN TSS,3
019,019 - Geel Alnaka - MAATC,019-A-03,Closed,336180,361° MEN TSS,2
019,019 - Geel Alnaka - MAATC,019-A-03,Closed,336181,361° MEN TSS,1
019,019 - Geel Alnaka - MAATC,019-A-03,Closed,336185,361° MEN TSS,3
019,019 - Geel Alnaka - MAATC,019-A-03,Closed,336186,361° MEN TSS,2
019,019 - Geel Alnaka - MAATC,019-A-03,Closed,336189,361° MEN TSS,1
019,019 - Geel Alnaka - MAATC,019-A-03,Closed,336204,361° MEN TSS,2
019,019 - Geel Alnaka - MAATC,019-A-03,Closed,336209,361° MEN TSS,3
019,019 - Geel Alnaka - MAATC,019-A-03,Closed,336218,361° MEN TSS,1
019,019 - Geel Alnaka - MAATC,019-A-03,Closed,336239,361° MEN SRT,3
019,019 - Geel Alnaka - MAATC,019-A-03,Closed,336247,361° MEN SRT,1
019,019 - Geel Alnaka - MAATC,019-A-03,Closed,336255,361° MEN TSU,1
019,019 - Geel Alnaka - MAATC,019-A-03,Closed,336256,361° MEN TSU,1
019,019 - Geel Alnaka - MAATC,019-A-03,Closed,336260,361° MEN TSU,1
019,019 - Geel Alnaka - MAATC,019-A-03,Closed,336283,361° MEN TSS,1
019,019 - Geel Alnaka - MAATC,019-A-03,Closed,336311,361° MEN TSS,3
019,019 - Geel Alnaka - MAATC,019-A-03,Closed,336322,361° MEN CPR,1
019,019 - Geel Alnaka - MAATC,019-A-03,Closed,336330,361° MEN CPR,2
019,019 - Geel Alnaka - MAATC,019-A-03,Closed,336347,361° MEN TSU,1
019,019 - Geel Alnaka - MAATC,019-A-03,Closed,336357,361° MEN TSS,1
019,019 - Geel Alnaka - MAATC,019-A-03,Closed,336359,361° MEN TSS,3
019,019 - Geel Alnaka - MAATC,019-A-03,Closed,336360,361° MEN TSS,2
019,019 - Geel Alnaka - MAATC,019-A-03,Closed,336363,361° MEN TSS,1
019,019 - Geel Alnaka - MAATC,019-A-03,Closed,336364,361° MEN TSS,2
019,019 - Geel Alnaka - MAATC,019-A-03,Closed,336367,361° MEN TSS,1
019,019 - Geel Alnaka - MAATC,019-A-03,Closed,336368,361° MEN TSS,1
019,019 - Geel Alnaka - MAATC,019-A-03,Closed,336388,361° MEN TSS,2
019,019 - Geel Alnaka - MAATC,019-A-03,Closed,336389,361° MEN TSS,3
019,019 - Geel Alnaka - MAATC,019-A-03,Closed,336390,361° MEN TSS,2
019,019 - Geel Alnaka - MAATC,019-A-03,Closed,336393,361° MEN TSS,1
019,019 - Geel Alnaka - MAATC,019-A-03,Closed,336395,361° MEN TSS,3
019,019 - Geel Alnaka - MAATC,019-A-03,Closed,336396,361° MEN TSS,2
019,019 - Geel Alnaka - MAATC,019-A-03,Closed,336401,361° MEN TSS,3
019,019 - Geel Alnaka - MAATC,019-A-03,Closed,336430,361° MEN PTK,1
019,019 - Geel Alnaka - MAATC,019-A-03,Closed,336471,361° MEN TSU,1
019,019 - Geel Alnaka - MAATC,019-A-03,Closed,336477,361° MEN TSU,1
019,019 - Geel Alnaka - MAATC,019-A-03,Closed,336478,361° MEN TSU,1
019,019 - Geel Alnaka - MAATC,019-A-03,Closed,336492,361° WMN TSS,2
019,019 - Geel Alnaka - MAATC,019-A-03,Closed,336493,361° WMN TSS,1
019,019 - Geel Alnaka - MAATC,019-A-03,Closed,336543,361° WMN TSU,1
019,019 - Geel Alnaka - MAATC,019-A-03,Closed,336544,361° WMN TSU,2
019,019 - Geel Alnaka - MAATC,019-A-03,Closed,336558,361° WMN TSU,2
019,019 - Geel Alnaka - MAATC,019-A-03,Closed,336561,361° WMN TSU,1
019,019 - Geel Alnaka - MAATC,019-A-03,Closed,336562,361° WMN TSU,2
019,019 - Geel Alnaka - MAATC,019-A-03,Closed,336570,361° WMN TSU,2
019,019 - Geel Alnaka - MAATC,019-A-03,Closed,336577,361° WMN TSU,1
019,019 - Geel Alnaka - MAATC,019-A-05,Open,336012,361° MEN SRT,1
019,019 - Geel Alnaka - MAATC,019-A-05,Open,336143,361° MEN SRT,3
019,019 - Geel Alnaka - MAATC,019-J-01,Closed,336102,361° MEN JCK,2
019,019 - Geel Alnaka - MAATC,019-J-01,Closed,336104,361° MEN JCK,1
019,019 - Geel Alnaka - MAATC,019-J-01,Closed,336109,361° MEN JCK,1
019,019 - Geel Alnaka - MAATC,019-J-01,Closed,336113,361° MEN TSU,3
019,019 - Geel Alnaka - MAATC,019-J-01,Closed,336132,361° MEN TSS,2
019,019 - Geel Alnaka - MAATC,019-J-01,Closed,336138,361° MEN SRT,2
019,019 - Geel Alnaka - MAATC,019-J-01,Closed,336161,361° MEN TSS,3
019,019 - Geel Alnaka - MAATC,019-J-01,Closed,336162,361° MEN TSS,2
019,019 - Geel Alnaka - MAATC,019-J-01,Closed,336169,361° MEN TSS,1
019,019 - Geel Alnaka - MAATC,019-J-01,Closed,336170,361° MEN TSS,1
019,019 - Geel Alnaka - MAATC,019-J-01,Closed,336173,361° MEN TSS,3
019,019 - Geel Alnaka - MAATC,019-J-01,Closed,336197,361° MEN TSS,3
019,019 - Geel Alnaka - MAATC,019-J-01,Closed,336203,361° MEN TSS,3
019,019 - Geel Alnaka - MAATC,019-J-01,Closed,336210,361° MEN TSS,2
019,019 - Geel Alnaka - MAATC,019-J-01,Closed,336212,361° MEN TSS,1
019,019 - Geel Alnaka - MAATC,019-J-01,Closed,336213,361° MEN TSS,1
019,019 - Geel Alnaka - MAATC,019-J-01,Closed,336217,361° MEN TSS,1
019,019 - Geel Alnaka - MAATC,019-J-01,Closed,336225,361° MEN SRT,1
019,019 - Geel Alnaka - MAATC,019-J-01,Closed,336227,361° MEN SRT,3
019,019 - Geel Alnaka - MAATC,019-J-01,Closed,336228,361° MEN SRT,2
019,019 - Geel Alnaka - MAATC,019-J-01,Closed,336233,361° MEN SRT,3
019,019 - Geel Alnaka - MAATC,019-J-01,Closed,336236,361° MEN SRT,1
019,019 - Geel Alnaka - MAATC,019-J-01,Closed,336257,361° MEN TSU,3
019,019 - Geel Alnaka - MAATC,019-J-01,Closed,336259,361° MEN TSU,1
019,019 - Geel Alnaka - MAATC,019-J-01,Closed,336266,361° MEN TSU,1
019,019 - Geel Alnaka - MAATC,019-J-01,Closed,336300,361° MEN TSS,2
019,019 - Geel Alnaka - MAATC,019-J-01,Closed,336321,361° MEN CPR,1
019,019 - Geel Alnaka - MAATC,019-J-01,Closed,336331,361° MEN CPR,1
019,019 - Geel Alnaka - MAATC,019-J-01,Closed,336337,361° MEN SRT,1
019,019 - Geel Alnaka - MAATC,019-J-01,Closed,336338,361° MEN SRT,1
019,019 - Geel Alnaka - MAATC,019-J-01,Closed,336343,361° MEN SRT,1
019,019 - Geel Alnaka - MAATC,019-J-01,Closed,336344,361° MEN SRT,1
019,019 - Geel Alnaka - MAATC,019-J-01,Closed,336373,361° MEN SHS,1
019,019 - Geel Alnaka - MAATC,019-J-01,Closed,336378,361° MEN SHS,2
019,019 - Geel Alnaka - MAATC,019-J-01,Closed,336381,361° MEN SRT,1
019,019 - Geel Alnaka - MAATC,019-J-01,Closed,336383,361° MEN SRT,3
019,019 - Geel Alnaka - MAATC,019-J-01,Closed,336387,361° MEN TSS,1
019,019 - Geel Alnaka - MAATC,019-J-01,Closed,336428,361° MEN PTK,1
019,019 - Geel Alnaka - MAATC,019-J-01,Closed,336447,361° MEN TSU,1
019,019 - Geel Alnaka - MAATC,019-J-01,Closed,336459,361° MEN TSS,1
019,019 - Geel Alnaka - MAATC,019-J-01,Closed,336460,361° MEN TSS,2
019,019 - Geel Alnaka - MAATC,019-J-01,Closed,336461,361° MEN TSS,3
019,019 - Geel Alnaka - MAATC,019-J-01,Closed,336501,361° WMN TSU,1
019,019 - Geel Alnaka - MAATC,019-J-01,Closed,336530,361° WMN TSS,1
019,019 - Geel Alnaka - MAATC,019-J-01,Closed,336538,361° WMN TSU,2
019,019 - Geel Alnaka - MAATC,019-J-01,Closed,336541,361° WMN TSU,1
019,019 - Geel Alnaka - MAATC,019-J-02,Closed,336091,361° MEN WST,1
019,019 - Geel Alnaka - MAATC,019-J-02,Closed,336092,361° MEN WST,1
019,019 - Geel Alnaka - MAATC,019-J-02,Closed,336118,361° MEN TSU,1
019,019 - Geel Alnaka - MAATC,019-J-02,Closed,336119,361° MEN TSU,3
019,019 - Geel Alnaka - MAATC,019-J-02,Closed,336127,361° MEN TSS,1
019,019 - Geel Alnaka - MAATC,019-J-02,Closed,336134,361° MEN TSS,1
019,019 - Geel Alnaka - MAATC,019-J-02,Closed,336163,361° MEN TSS,1
019,019 - Geel Alnaka - MAATC,019-J-02,Closed,336166,361° MEN TSS,2
019,019 - Geel Alnaka - MAATC,019-J-02,Closed,336184,361° MEN TSS,2
019,019 - Geel Alnaka - MAATC,019-J-02,Closed,336187,361° MEN TSS,1
019,019 - Geel Alnaka - MAATC,019-J-02,Closed,336219,361° MEN SRT,1
019,019 - Geel Alnaka - MAATC,019-J-02,Closed,336231,361° MEN SRT,1
019,019 - Geel Alnaka - MAATC,019-J-02,Closed,336232,361° MEN SRT,1
019,019 - Geel Alnaka - MAATC,019-J-02,Closed,336241,361° MEN SRT,1
019,019 - Geel Alnaka - MAATC,019-J-02,Closed,336242,361° MEN SRT,1
019,019 - Geel Alnaka - MAATC,019-J-02,Closed,336249,361° MEN SRT,1
019,019 - Geel Alnaka - MAATC,019-J-02,Closed,336254,361° MEN SRT,1
019,019 - Geel Alnaka - MAATC,019-J-02,Closed,336261,361° MEN TSU,1
019,019 - Geel Alnaka - MAATC,019-J-02,Closed,336265,361° MEN TSU,1
019,019 - Geel Alnaka - MAATC,019-J-02,Closed,336275,361° MEN TSU,3
019,019 - Geel Alnaka - MAATC,019-J-02,Closed,336276,361° MEN TSU,2
019,019 - Geel Alnaka - MAATC,019-J-02,Closed,336290,361° MEN TSS,1
019,019 - Geel Alnaka - MAATC,019-J-02,Closed,336294,361° MEN TSS,2
019,019 - Geel Alnaka - MAATC,019-J-02,Closed,336301,361° MEN TSS,1
019,019 - Geel Alnaka - MAATC,019-J-02,Closed,336339,361° MEN SRT,1
019,019 - Geel Alnaka - MAATC,019-J-02,Closed,336372,361° MEN SHS,2
019,019 - Geel Alnaka - MAATC,019-J-02,Closed,336374,361° MEN SHS,1
019,019 - Geel Alnaka - MAATC,019-J-02,Closed,336411,361° MEN PTK,1
019,019 - Geel Alnaka - MAATC,019-J-02,Closed,336415,361° MEN PTK,1
019,019 - Geel Alnaka - MAATC,019-J-02,Closed,336417,361° MEN PTK,1
019,019 - Geel Alnaka - MAATC,019-J-02,Closed,336434,361° MEN PTK,1
019,019 - Geel Alnaka - MAATC,019-J-02,Closed,336436,361° MEN TSS,2
019,019 - Geel Alnaka - MAATC,019-J-02,Closed,336451,361° MEN TSU,1
019,019 - Geel Alnaka - MAATC,019-J-02,Closed,336452,361° MEN TSU,1
019,019 - Geel Alnaka - MAATC,019-J-02,Closed,336458,361° MEN TSU,1
019,019 - Geel Alnaka - MAATC,019-J-02,Closed,336470,361° MEN TSS,1
019,019 - Geel Alnaka - MAATC,019-J-02,Closed,336481,361° MEN TSU,1
019,019 - Geel Alnaka - MAATC,019-J-02,Closed,336491,361° WMN TSS,2
019,019 - Geel Alnaka - MAATC,019-J-02,Closed,336508,361° WMN TSU,2
019,019 - Geel Alnaka - MAATC,019-J-02,Closed,336510,361° WMN TSU,2
019,019 - Geel Alnaka - MAATC,019-J-02,Closed,336512,361° WMN TSU,1
019,019 - Geel Alnaka - MAATC,019-J-02,Closed,336518,361° WMN TSS,1
019,019 - Geel Alnaka - MAATC,019-J-02,Closed,336519,361° WMN TSS,1
019,019 - Geel Alnaka - MAATC,019-J-02,Closed,336520,361° WMN TSS,2
019,019 - Geel Alnaka - MAATC,019-J-02,Closed,336522,361° WMN TSS,2
019,019 - Geel Alnaka - MAATC,019-J-02,Closed,336523,361° WMN TSS,1
019,019 - Geel Alnaka - MAATC,019-J-02,Closed,336525,361° WMN TSS,1
019,019 - Geel Alnaka - MAATC,019-J-02,Closed,336568,361° WMN TSU,2
019,019 - Geel Alnaka - MAATC,019-J-02,Closed,336569,361° WMN TSU,2
019,019 - Geel Alnaka - MAATC,019-J-02,Closed,336572,361° WMN TSU,1
019,019 - Geel Alnaka - MAATC,019-J-02,Closed,336573,361° WMN TSU,1
019,019 - Geel Alnaka - MAATC,019-J-02,Closed,336576,361° WMN TSU,2
019,019 - Geel Alnaka - MAATC,019-J-02,Closed,336577,361° WMN TSU,1
019,019 - Geel Alnaka - MAATC,019-J-02,Closed,336578,361° WMN TSU,1
019,019 - Geel Alnaka - MAATC,019-J-03,Closed,336087,361° MEN WST,1
019,019 - Geel Alnaka - MAATC,019-J-03,Closed,336089,361° MEN WST,3
019,019 - Geel Alnaka - MAATC,019-J-03,Closed,336124,361° MEN TSS,2
019,019 - Geel Alnaka - MAATC,019-J-03,Closed,336133,361° MEN TSS,1
019,019 - Geel Alnaka - MAATC,019-J-03,Closed,336164,361° MEN TSS,1
019,019 - Geel Alnaka - MAATC,019-J-03,Closed,336167,361° MEN TSS,3
019,019 - Geel Alnaka - MAATC,019-J-03,Closed,336248,361° MEN SRT,1
019,019 - Geel Alnaka - MAATC,019-J-03,Closed,336279,361° MEN TSS,1
019,019 - Geel Alnaka - MAATC,019-J-03,Closed,336298,361° MEN TSS,2
019,019 - Geel Alnaka - MAATC,019-J-03,Closed,336313,361° MEN TSS,1
019,019 - Geel Alnaka - MAATC,019-J-03,Closed,336316,361° MEN TSS,2
019,019 - Geel Alnaka - MAATC,019-J-03,Closed,336333,361° MEN SRT,1
019,019 - Geel Alnaka - MAATC,019-J-03,Closed,336334,361° MEN SRT,1
019,019 - Geel Alnaka - MAATC,019-J-03,Closed,336341,361° MEN SRT,3
019,019 - Geel Alnaka - MAATC,019-J-03,Closed,336346,361° MEN TSU,1
019,019 - Geel Alnaka - MAATC,019-J-03,Closed,336348,361° MEN TSU,2
019,019 - Geel Alnaka - MAATC,019-J-03,Closed,336350,361° MEN TSU,1
019,019 - Geel Alnaka - MAATC,019-J-03,Closed,336354,361° MEN TSU,2
019,019 - Geel Alnaka - MAATC,019-J-03,Closed,336356,361° MEN TSU,1
019,019 - Geel Alnaka - MAATC,019-J-03,Closed,336394,361° MEN TSS,2
019,019 - Geel Alnaka - MAATC,019-J-03,Closed,336396,361° MEN TSS,2
019,019 - Geel Alnaka - MAATC,019-J-03,Closed,336421,361° MEN PTK,1
019,019 - Geel Alnaka - MAATC,019-J-03,Closed,336450,361° MEN TSU,2
019,019 - Geel Alnaka - MAATC,019-J-03,Closed,336502,361° WMN TSU,2
019,019 - Geel Alnaka - MAATC,019-J-03,Closed,336503,361° WMN TSU,2
019,019 - Geel Alnaka - MAATC,019-S-1,Closed,336035,361° USX WST,1
019,019 - Geel Alnaka - MAATC,019-S-1,Closed,336038,361° USX CAP,5
019,019 - Geel Alnaka - MAATC,019-S-1,Closed,336039,361° USX CAP,5
019,019 - Geel Alnaka - MAATC,019-S-1,Closed,336040,361° USX CAP,5
019,019 - Geel Alnaka - MAATC,019-S-1,Closed,336041,361° USX CAP,5
019,019 - Geel Alnaka - MAATC,019-S-1,Closed,336043,361° USX CAP,5
019,019 - Geel Alnaka - MAATC,019-S-1,Closed,336044,361° USX CAP,5
019,019 - Geel Alnaka - MAATC,019-S-1,Closed,336045,361° USX CAP,5
019,019 - Geel Alnaka - MAATC,019-S-1,Closed,336046,361° USX CAP,5
019,019 - Geel Alnaka - MAATC,019-S-1,Closed,336047,361° USX CAP,5
019,019 - Geel Alnaka - MAATC,019-S-1,Closed,336048,361° MEN SCK,9
019,019 - Geel Alnaka - MAATC,019-S-1,Closed,336049,361° MEN SCK,9
019,019 - Geel Alnaka - MAATC,019-S-1,Closed,336050,361° MEN SCK,9
019,019 - Geel Alnaka - MAATC,019-S-1,Closed,336051,361° MEN SCK,9
019,019 - Geel Alnaka - MAATC,019-S-1,Closed,336052,361° MEN SCK,9
019,019 - Geel Alnaka - MAATC,019-S-1,Closed,336053,361° MEN SCK,1
019,019 - Geel Alnaka - MAATC,019-S-1,Closed,336055,361° MEN SCK,9
019,019 - Geel Alnaka - MAATC,019-S-1,Closed,336056,361° MEN SCK,9
019,019 - Geel Alnaka - MAATC,019-S-1,Closed,336057,361° USX SCK,4
019,019 - Geel Alnaka - MAATC,019-S-1,Closed,336058,361° USX SCK,7
019,019 - Geel Alnaka - MAATC,019-S-1,Closed,336059,361° USX SCK,4
019,019 - Geel Alnaka - MAATC,019-S-1,Closed,336060,361° USX SCK,4
019,019 - Geel Alnaka - MAATC,019-S-1,Closed,336061,361° USX SCK,7
019,019 - Geel Alnaka - MAATC,019-S-1,Closed,336062,361° USX SCK,4
019,019 - Geel Alnaka - MAATC,019-S-1,Closed,336063,361° USX SCK,4
019,019 - Geel Alnaka - MAATC,019-S-1,Closed,336064,361° USX SCK,7
019,019 - Geel Alnaka - MAATC,019-S-1,Closed,336065,361° USX SCK,4
019,019 - Geel Alnaka - MAATC,019-S-1,Closed,336066,361° USX SCK,4
019,019 - Geel Alnaka - MAATC,019-S-1,Closed,336067,361° USX SCK,7
019,019 - Geel Alnaka - MAATC,019-S-1,Closed,336068,361° USX SCK,4
019,019 - Geel Alnaka - MAATC,019-S-1,Closed,336069,361° USX SCK,4
019,019 - Geel Alnaka - MAATC,019-S-1,Closed,336070,361° USX SCK,7
019,019 - Geel Alnaka - MAATC,019-S-1,Closed,336071,361° USX SCK,4
019,019 - Geel Alnaka - MAATC,019-S-1,Closed,336072,361° USX SCK,4
019,019 - Geel Alnaka - MAATC,019-S-1,Closed,336073,361° USX SCK,7
019,019 - Geel Alnaka - MAATC,019-S-1,Closed,336074,361° USX SCK,4
019,019 - Geel Alnaka - MAATC,019-S-1,Closed,336075,361° USX INS,1
019,019 - Geel Alnaka - MAATC,019-S-1,Closed,336076,361° USX INS,2
019,019 - Geel Alnaka - MAATC,019-S-1,Closed,336077,361° USX INS,3
019,019 - Geel Alnaka - MAATC,019-S-1,Closed,336078,361° USX INS,2
019,019 - Geel Alnaka - MAATC,019-S-1,Closed,336079,361° USX INS,2
019,019 - Geel Alnaka - MAATC,019-S-1,Closed,336080,361° USX INS,1
019,019 - Geel Alnaka - MAATC,019-S-10,Closed,336650,361° MEN SHO,1
019,019 - Geel Alnaka - MAATC,019-S-10,Closed,336651,361° MEN SHO,2
019,019 - Geel Alnaka - MAATC,019-S-10,Closed,336652,361° MEN SHO,2
019,019 - Geel Alnaka - MAATC,019-S-10,Closed,336653,361° MEN SHO,3
019,019 - Geel Alnaka - MAATC,019-S-10,Closed,336654,361° MEN SHO,2
019,019 - Geel Alnaka - MAATC,019-S-10,Closed,336655,361° MEN SHO,1
019,019 - Geel Alnaka - MAATC,019-S-11,Open,336128,361° MEN TSS,1
019,019 - Geel Alnaka - MAATC,019-S-11,Open,336129,361° MEN TSS,1
019,019 - Geel Alnaka - MAATC,019-S-11,Open,336130,361° MEN TSS,2
019,019 - Geel Alnaka - MAATC,019-S-11,Open,336152,361° MEN TSS,1
019,019 - Geel Alnaka - MAATC,019-S-11,Open,336269,361° MEN TSU,3
019,019 - Geel Alnaka - MAATC,019-S-11,Open,336370,361° MEN SHS,1
019,019 - Geel Alnaka - MAATC,019-S-11,Open,336425,361° MEN PTK,3
019,019 - Geel Alnaka - MAATC,019-S-11,Open,336442,361° MEN TSS,2
019,019 - Geel Alnaka - MAATC,019-S-11,Open,336443,361° MEN TSS,3
019,019 - Geel Alnaka - MAATC,019-S-11,Open,336475,361° MEN TSU,1
019,019 - Geel Alnaka - MAATC,019-S-11,Open,336476,361° MEN TSU,1
019,019 - Geel Alnaka - MAATC,019-S-11,Open,336479,361° MEN TSU,3
019,019 - Geel Alnaka - MAATC,019-S-11,Open,336549,361° WMN SKR,1
019,019 - Geel Alnaka - MAATC,019-S-17,Closed,336009,361° MEN SRT,2
019,019 - Geel Alnaka - MAATC,019-S-17,Closed,336013,361° MEN SRT,2
019,019 - Geel Alnaka - MAATC,019-S-17,Closed,336016,361° MEN SRT,1
019,019 - Geel Alnaka - MAATC,019-S-17,Closed,336111,361° MEN TSU,1
019,019 - Geel Alnaka - MAATC,019-S-17,Closed,336112,361° MEN TSU,2
019,019 - Geel Alnaka - MAATC,019-S-17,Closed,336114,361° MEN TSU,2
019,019 - Geel Alnaka - MAATC,019-S-17,Closed,336115,361° MEN TSU,1
019,019 - Geel Alnaka - MAATC,019-S-17,Closed,336117,361° MEN TSU,1
019,019 - Geel Alnaka - MAATC,019-S-17,Closed,336120,361° MEN TSU,2
019,019 - Geel Alnaka - MAATC,019-S-17,Closed,336177,361° MEN TSS,1
019,019 - Geel Alnaka - MAATC,019-S-17,Closed,336195,361° MEN TSS,1
019,019 - Geel Alnaka - MAATC,019-S-17,Closed,336198,361° MEN TSS,1
019,019 - Geel Alnaka - MAATC,019-S-17,Closed,336223,361° MEN SRT,1
019,019 - Geel Alnaka - MAATC,019-S-17,Closed,336237,361° MEN SRT,1
019,019 - Geel Alnaka - MAATC,019-S-17,Closed,336249,361° MEN SRT,1
019,019 - Geel Alnaka - MAATC,019-S-17,Closed,336251,361° MEN SRT,3
019,019 - Geel Alnaka - MAATC,019-S-17,Closed,336282,361° MEN TSS,2
019,019 - Geel Alnaka - MAATC,019-S-17,Closed,336284,361° MEN TSS,1
019,019 - Geel Alnaka - MAATC,019-S-17,Closed,336292,361° MEN TSS,2
019,019 - Geel Alnaka - MAATC,019-S-17,Closed,336293,361° MEN TSS,3
019,019 - Geel Alnaka - MAATC,019-S-17,Closed,336296,361° MEN TSS,1
019,019 - Geel Alnaka - MAATC,019-S-17,Closed,336297,361° MEN TSS,1
019,019 - Geel Alnaka - MAATC,019-S-17,Closed,336299,361° MEN TSS,3
019,019 - Geel Alnaka - MAATC,019-S-17,Closed,336302,361° MEN TSS,1
019,019 - Geel Alnaka - MAATC,019-S-17,Closed,336345,361° MEN TSU,1
019,019 - Geel Alnaka - MAATC,019-S-17,Closed,336349,361° MEN TSU,1
019,019 - Geel Alnaka - MAATC,019-S-17,Closed,336375,361° MEN SHS,1
019,019 - Geel Alnaka - MAATC,019-S-17,Closed,336376,361° MEN SHS,1
019,019 - Geel Alnaka - MAATC,019-S-17,Closed,336377,361° MEN SHS,3
019,019 - Geel Alnaka - MAATC,019-S-17,Closed,336379,361° MEN SHS,1
019,019 - Geel Alnaka - MAATC,019-S-17,Closed,336380,361° MEN SHS,1
019,019 - Geel Alnaka - MAATC,019-S-17,Closed,336413,361° MEN PTK,3
019,019 - Geel Alnaka - MAATC,019-S-17,Closed,336416,361° MEN PTK,1
019,019 - Geel Alnaka - MAATC,019-S-17,Closed,336467,361° MEN TSS,3
019,019 - Geel Alnaka - MAATC,019-S-17,Closed,336485,361° WMN TSU,2
019,019 - Geel Alnaka - MAATC,019-S-17,Closed,336487,361° WMN TSU,1
019,019 - Geel Alnaka - MAATC,019-S-17,Closed,336550,361° WMN SKR,2
019,019 - Geel Alnaka - MAATC,019-S-17,Closed,336551,361° WMN SKR,2
019,019 - Geel Alnaka - MAATC,019-S-17,Closed,336554,361° WMN SKR,1
019,019 - Geel Alnaka - MAATC,019-S-17,Closed,336555,361° WMN TSU,1
019,019 - Geel Alnaka - MAATC,019-S-17,Closed,336557,361° WMN TSU,2
019,019 - Geel Alnaka - MAATC,019-S-17,Closed,336579,361° WMN TSU,1
019,019 - Geel Alnaka - MAATC,019-S-17,Closed,336581,361° WMN TSU,2
019,019 - Geel Alnaka - MAATC,019-S-17,Closed,336584,361° WMN TSU,1
019,019 - Geel Alnaka - MAATC,019-S-17,Closed,336585,361° WMN TSU,1
019,019 - Geel Alnaka - MAATC,019-S-17,Closed,336586,361° WMN TSU,2
019,019 - Geel Alnaka - MAATC,019-S-17,Closed,336590,361° WMN TSU,1
019,019 - Geel Alnaka - MAATC,019-S-18,Closed,336011,361° MEN SRT,1
019,019 - Geel Alnaka - MAATC,019-S-18,Closed,336090,361° MEN WST,2
019,019 - Geel Alnaka - MAATC,019-S-18,Closed,336156,361° MEN TSS,2
019,019 - Geel Alnaka - MAATC,019-S-18,Closed,336158,361° MEN TSS,1
019,019 - Geel Alnaka - MAATC,019-S-18,Closed,336160,361° MEN TSS,2
019,019 - Geel Alnaka - MAATC,019-S-18,Closed,336172,361° MEN TSS,2
019,019 - Geel Alnaka - MAATC,019-S-18,Closed,336176,361° MEN TSS,1
019,019 - Geel Alnaka - MAATC,019-S-18,Closed,336178,361° MEN TSS,2
019,019 - Geel Alnaka - MAATC,019-S-18,Closed,336183,361° MEN TSS,1
019,019 - Geel Alnaka - MAATC,019-S-18,Closed,336188,361° MEN TSS,1
019,019 - Geel Alnaka - MAATC,019-S-18,Closed,336190,361° MEN TSS,2
019,019 - Geel Alnaka - MAATC,019-S-18,Closed,336191,361° MEN TSS,3
019,019 - Geel Alnaka - MAATC,019-S-18,Closed,336193,361° MEN TSS,1
019,019 - Geel Alnaka - MAATC,019-S-18,Closed,336194,361° MEN TSS,1
019,019 - Geel Alnaka - MAATC,019-S-18,Closed,336196,361° MEN TSS,2
019,019 - Geel Alnaka - MAATC,019-S-18,Closed,336198,361° MEN TSS,1
019,019 - Geel Alnaka - MAATC,019-S-18,Closed,336208,361° MEN TSS,2
019,019 - Geel Alnaka - MAATC,019-S-18,Closed,336214,361° MEN TSS,2
019,019 - Geel Alnaka - MAATC,019-S-18,Closed,336224,361° MEN SRT,1
019,019 - Geel Alnaka - MAATC,019-S-18,Closed,336244,361° MEN SRT,1
019,019 - Geel Alnaka - MAATC,019-S-18,Closed,336257,361° MEN TSU,1
019,019 - Geel Alnaka - MAATC,019-S-18,Closed,336291,361° MEN TSS,1
019,019 - Geel Alnaka - MAATC,019-S-18,Closed,336303,361° MEN TSS,1
019,019 - Geel Alnaka - MAATC,019-S-18,Closed,336305,361° MEN TSS,3
019,019 - Geel Alnaka - MAATC,019-S-18,Closed,336318,361° MEN TSS,2
019,019 - Geel Alnaka - MAATC,019-S-18,Closed,336323,361° MEN CPR,3
019,019 - Geel Alnaka - MAATC,019-S-18,Closed,336329,361° MEN CPR,3
019,019 - Geel Alnaka - MAATC,019-S-18,Closed,336347,361° MEN TSU,3
019,019 - Geel Alnaka - MAATC,019-S-18,Closed,336348,361° MEN TSU,1
019,019 - Geel Alnaka - MAATC,019-S-18,Closed,336351,361° MEN TSU,1
019,019 - Geel Alnaka - MAATC,019-S-18,Closed,336402,361° MEN TSS,2
019,019 - Geel Alnaka - MAATC,019-S-18,Closed,336407,361° MEN TSS,2
019,019 - Geel Alnaka - MAATC,019-S-18,Closed,336408,361° MEN TSS,2
019,019 - Geel Alnaka - MAATC,019-S-18,Closed,336412,361° MEN PTK,1
019,019 - Geel Alnaka - MAATC,019-S-18,Closed,336414,361° MEN PTK,2
019,019 - Geel Alnaka - MAATC,019-S-18,Closed,336426,361° MEN PTK,2
019,019 - Geel Alnaka - MAATC,019-S-18,Closed,336438,361° MEN TSS,2
019,019 - Geel Alnaka - MAATC,019-S-18,Closed,336444,361° MEN TSS,2
019,019 - Geel Alnaka - MAATC,019-S-18,Closed,336460,361° MEN TSS,2
019,019 - Geel Alnaka - MAATC,019-S-18,Closed,336461,361° MEN TSS,3
019,019 - Geel Alnaka - MAATC,019-S-18,Closed,336464,361° MEN TSS,1
019,019 - Geel Alnaka - MAATC,019-S-18,Closed,336468,361° MEN TSS,2
019,019 - Geel Alnaka - MAATC,019-S-18,Closed,336484,361° WMN TSU,2
019,019 - Geel Alnaka - MAATC,019-S-18,Closed,336496,361° WMN TSS,1
019,019 - Geel Alnaka - MAATC,019-S-18,Closed,336501,361° WMN TSU,1
019,019 - Geel Alnaka - MAATC,019-S-18,Closed,336505,361° WMN TSU,1
019,019 - Geel Alnaka - MAATC,019-S-18,Closed,336506,361° WMN TSU,1
019,019 - Geel Alnaka - MAATC,019-S-18,Closed,336528,361° WMN TSS,2
019,019 - Geel Alnaka - MAATC,019-S-18,Closed,336533,361° WMN TSS,2
019,019 - Geel Alnaka - MAATC,019-S-18,Closed,336540,361° WMN TSU,2
019,019 - Geel Alnaka - MAATC,019-S-19,Closed,336007,361° MEN SRT,2
019,019 - Geel Alnaka - MAATC,019-S-19,Closed,336010,361° MEN SRT,1
019,019 - Geel Alnaka - MAATC,019-S-19,Closed,336017,361° MEN SRT,1
019,019 - Geel Alnaka - MAATC,019-S-19,Closed,336093,361° MEN WST,1
019,019 - Geel Alnaka - MAATC,019-S-19,Closed,336094,361° MEN WST,1
019,019 - Geel Alnaka - MAATC,019-S-19,Closed,336096,361° MEN WST,2
019,019 - Geel Alnaka - MAATC,019-S-19,Closed,336106,361° MEN JCK,1
019,019 - Geel Alnaka - MAATC,019-S-19,Closed,336201,361° MEN TSS,1
019,019 - Geel Alnaka - MAATC,019-S-19,Closed,336204,361° MEN TSS,2
019,019 - Geel Alnaka - MAATC,019-S-19,Closed,336206,361° MEN TSS,1
019,019 - Geel Alnaka - MAATC,019-S-19,Closed,336220,361° MEN SRT,1
019,019 - Geel Alnaka - MAATC,019-S-19,Closed,336226,361° MEN SRT,1
019,019 - Geel Alnaka - MAATC,019-S-19,Closed,336229,361° MEN SRT,1
019,019 - Geel Alnaka - MAATC,019-S-19,Closed,336230,361° MEN SRT,1
019,019 - Geel Alnaka - MAATC,019-S-19,Closed,336234,361° MEN SRT,2
019,019 - Geel Alnaka - MAATC,019-S-19,Closed,336235,361° MEN SRT,1
019,019 - Geel Alnaka - MAATC,019-S-19,Closed,336258,361° MEN TSU,2
019,019 - Geel Alnaka - MAATC,019-S-19,Closed,336295,361° MEN TSS,1
019,019 - Geel Alnaka - MAATC,019-S-19,Closed,336332,361° MEN CPR,1
019,019 - Geel Alnaka - MAATC,019-S-19,Closed,336336,361° MEN SRT,2
019,019 - Geel Alnaka - MAATC,019-S-19,Closed,336340,361° MEN SRT,1
019,019 - Geel Alnaka - MAATC,019-S-19,Closed,336342,361° MEN SRT,2
019,019 - Geel Alnaka - MAATC,019-S-19,Closed,336353,361° MEN TSU,3
019,019 - Geel Alnaka - MAATC,019-S-19,Closed,336354,361° MEN TSU,2
019,019 - Geel Alnaka - MAATC,019-S-19,Closed,336369,361° MEN SHS,1
019,019 - Geel Alnaka - MAATC,019-S-19,Closed,336382,361° MEN SRT,1
019,019 - Geel Alnaka - MAATC,019-S-19,Closed,336384,361° MEN SRT,2
019,019 - Geel Alnaka - MAATC,019-S-19,Closed,336385,361° MEN SRT,1
019,019 - Geel Alnaka - MAATC,019-S-19,Closed,336386,361° MEN SRT,1
019,019 - Geel Alnaka - MAATC,019-S-19,Closed,336418,361° MEN PTK,1
019,019 - Geel Alnaka - MAATC,019-S-19,Closed,336422,361° MEN PTK,1
019,019 - Geel Alnaka - MAATC,019-S-19,Closed,336423,361° MEN PTK,1
019,019 - Geel Alnaka - MAATC,019-S-19,Closed,336430,361° MEN PTK,1
019,019 - Geel Alnaka - MAATC,019-S-19,Closed,336433,361° MEN PTK,1
019,019 - Geel Alnaka - MAATC,019-S-19,Closed,336442,361° MEN TSS,2
019,019 - Geel Alnaka - MAATC,019-S-19,Closed,336448,361° MEN TSU,1
019,019 - Geel Alnaka - MAATC,019-S-19,Closed,336463,361° MEN TSS,1
019,019 - Geel Alnaka - MAATC,019-S-19,Closed,336465,361° MEN TSS,1
019,019 - Geel Alnaka - MAATC,019-S-19,Closed,336466,361° MEN TSS,2
019,019 - Geel Alnaka - MAATC,019-S-19,Closed,336469,361° MEN TSS,1
019,019 - Geel Alnaka - MAATC,019-S-19,Closed,336472,361° MEN TSU,1
019,019 - Geel Alnaka - MAATC,019-S-19,Closed,336482,361° MEN TSU,1
019,019 - Geel Alnaka - MAATC,019-S-19,Closed,336498,361° WMN TSS,2
019,019 - Geel Alnaka - MAATC,019-S-19,Closed,336507,361° WMN TSU,1
019,019 - Geel Alnaka - MAATC,019-S-19,Closed,336509,361° WMN TSU,2
019,019 - Geel Alnaka - MAATC,019-S-19,Closed,336535,361° WMN TSS,1
019,019 - Geel Alnaka - MAATC,019-S-19,Closed,336552,361° WMN SKR,2
019,019 - Geel Alnaka - MAATC,019-S-19,Closed,336556,361° WMN TSU,2
019,019 - Geel Alnaka - MAATC,019-S-19,Closed,336563,361° WMN TSU,2
019,019 - Geel Alnaka - MAATC,019-S-19,Closed,336564,361° WMN TSU,2
019,019 - Geel Alnaka - MAATC,019-S-19,Closed,336565,361° WMN TSU,1
019,019 - Geel Alnaka - MAATC,019-S-19,Closed,336567,361° WMN TSU,1
019,019 - Geel Alnaka - MAATC,019-S-19,Closed,336571,361° WMN TSU,1
019,019 - Geel Alnaka - MAATC,019-S-19,Closed,336574,361° WMN TSU,2
019,019 - Geel Alnaka - MAATC,019-S-19,Closed,336575,361° WMN TSU,2
019,019 - Geel Alnaka - MAATC,019-S-20,Closed,336082,361° MEN WST,1
019,019 - Geel Alnaka - MAATC,019-S-20,Closed,336086,361° MEN WST,1
019,019 - Geel Alnaka - MAATC,019-S-20,Closed,336088,361° MEN WST,1
019,019 - Geel Alnaka - MAATC,019-S-20,Closed,336118,361° MEN TSU,1
019,019 - Geel Alnaka - MAATC,019-S-20,Closed,336142,361° MEN SRT,1
019,019 - Geel Alnaka - MAATC,019-S-20,Closed,336144,361° MEN SRT,2
019,019 - Geel Alnaka - MAATC,019-S-20,Closed,336147,361° MEN TSS,1
019,019 - Geel Alnaka - MAATC,019-S-20,Closed,336200,361° MEN TSS,1
019,019 - Geel Alnaka - MAATC,019-S-20,Closed,336202,361° MEN TSS,2
019,019 - Geel Alnaka - MAATC,019-S-20,Closed,336203,361° MEN TSS,3
019,019 - Geel Alnaka - MAATC,019-S-20,Closed,336205,361° MEN TSS,1
019,019 - Geel Alnaka - MAATC,019-S-20,Closed,336211,361° MEN TSS,1
019,019 - Geel Alnaka - MAATC,019-S-20,Closed,336215,361° MEN TSS,3
019,019 - Geel Alnaka - MAATC,019-S-20,Closed,336216,361° MEN TSS,2
019,019 - Geel Alnaka - MAATC,019-S-20,Closed,336221,361° MEN SRT,3
019,019 - Geel Alnaka - MAATC,019-S-20,Closed,336238,361° MEN SRT,1
019,019 - Geel Alnaka - MAATC,019-S-20,Closed,336268,361° MEN TSU,1
019,019 - Geel Alnaka - MAATC,019-S-20,Closed,336286,361° MEN TSS,2
019,019 - Geel Alnaka - MAATC,019-S-20,Closed,336287,361° MEN TSS,3
019,019 - Geel Alnaka - MAATC,019-S-20,Closed,336304,361° MEN TSS,2
019,019 - Geel Alnaka - MAATC,019-S-20,Closed,336306,361° MEN TSS,2
019,019 - Geel Alnaka - MAATC,019-S-20,Closed,336307,361° MEN TSS,1
019,019 - Geel Alnaka - MAATC,019-S-20,Closed,336308,361° MEN TSS,1
019,019 - Geel Alnaka - MAATC,019-S-20,Closed,336352,361° MEN TSU,1
019,019 - Geel Alnaka - MAATC,019-S-20,Closed,336358,361° MEN TSS,2
019,019 - Geel Alnaka - MAATC,019-S-20,Closed,336361,361° MEN TSS,1
019,019 - Geel Alnaka - MAATC,019-S-20,Closed,336362,361° MEN TSS,1
019,019 - Geel Alnaka - MAATC,019-S-20,Closed,336389,361° MEN TSS,3
019,019 - Geel Alnaka - MAATC,019-S-20,Closed,336391,361° MEN TSS,1
019,019 - Geel Alnaka - MAATC,019-S-20,Closed,336392,361° MEN TSS,1
019,019 - Geel Alnaka - MAATC,019-S-20,Closed,336398,361° MEN TSS,1
019,019 - Geel Alnaka - MAATC,019-S-20,Closed,336400,361° MEN TSS,2
019,019 - Geel Alnaka - MAATC,019-S-20,Closed,336403,361° MEN TSS,1
019,019 - Geel Alnaka - MAATC,019-S-20,Closed,336405,361° MEN TSS,1
019,019 - Geel Alnaka - MAATC,019-S-20,Closed,336406,361° MEN TSS,2
019,019 - Geel Alnaka - MAATC,019-S-20,Closed,336407,361° MEN TSS,1
019,019 - Geel Alnaka - MAATC,019-S-20,Closed,336410,361° MEN TSS,1
019,019 - Geel Alnaka - MAATC,019-S-20,Closed,336432,361° MEN PTK,2
019,019 - Geel Alnaka - MAATC,019-S-20,Closed,336454,361° MEN TSU,1
019,019 - Geel Alnaka - MAATC,019-S-20,Closed,336490,361° WMN TSS,2
019,019 - Geel Alnaka - MAATC,019-S-20,Closed,336494,361° WMN TSS,1
019,019 - Geel Alnaka - MAATC,019-S-20,Closed,336497,361° WMN TSS,1
019,019 - Geel Alnaka - MAATC,019-S-20,Closed,336526,361° WMN TSS,2
019,019 - Geel Alnaka - MAATC,019-S-20,Closed,336527,361° WMN TSS,2
019,019 - Geel Alnaka - MAATC,019-S-20,Closed,336531,361° WMN TSS,1
019,019 - Geel Alnaka - MAATC,019-S-20,Closed,336532,361° WMN TSS,2
019,019 - Geel Alnaka - MAATC,019-S-20,Closed,336534,361° WMN TSS,2
019,019 - Geel Alnaka - MAATC,019-S-20,Closed,336536,361° WMN TSS,1
019,019 - Geel Alnaka - MAATC,019-S-20,Closed,336539,361° WMN TSU,2
019,019 - Geel Alnaka - MAATC,019-S-20,Closed,336541,361° WMN TSU,1
019,019 - Geel Alnaka - MAATC,019-S-20,Closed,336542,361° WMN TSU,1
019,019 - Geel Alnaka - MAATC,019-S-20,Closed,336546,361° WMN TSU,2
019,019 - Geel Alnaka - MAATC,019-S-20,Closed,336547,361° WMN TSU,1
019,019 - Geel Alnaka - MAATC,019-S-20,Closed,336559,361° WMN TSU,1
019,019 - Geel Alnaka - MAATC,019-S-20,Closed,336560,361° WMN TSU,1
019,019 - Geel Alnaka - MAATC,019-S-20,Closed,336566,361° WMN TSU,1
019,019 - Geel Alnaka - MAATC,019-S-6,Closed,336666,361° MEN SHO,1
019,019 - Geel Alnaka - MAATC,019-S-6,Closed,336667,361° MEN SHO,2
019,019 - Geel Alnaka - MAATC,019-S-6,Closed,336668,361° MEN SHO,2
019,019 - Geel Alnaka - MAATC,019-S-6,Closed,336669,361° MEN SHO,3
019,019 - Geel Alnaka - MAATC,019-S-6,Closed,336670,361° MEN SHO,3
019,019 - Geel Alnaka - MAATC,019-S-7,Closed,336635,361° MEN SHO,1
019,019 - Geel Alnaka - MAATC,019-S-7,Closed,336636,361° MEN SHO,2
019,019 - Geel Alnaka - MAATC,019-S-7,Closed,336637,361° MEN SHO,2
019,019 - Geel Alnaka - MAATC,019-S-7,Closed,336638,361° MEN SHO,3
019,019 - Geel Alnaka - MAATC,019-S-7,Closed,336639,361° MEN SHO,3
019,019 - Geel Alnaka - MAATC,019-S-8,Closed,336623,361° MEN SHO,1
019,019 - Geel Alnaka - MAATC,019-S-8,Closed,336624,361° MEN SHO,1
019,019 - Geel Alnaka - MAATC,019-S-8,Closed,336625,361° MEN SHO,2
019,019 - Geel Alnaka - MAATC,019-S-8,Closed,336626,361° MEN SHO,3
019,019 - Geel Alnaka - MAATC,019-S-8,Closed,336627,361° MEN SHO,2
019,019 - Geel Alnaka - MAATC,019-S-8,Closed,336628,361° MEN SHO,1
019,019 - Geel Alnaka - MAATC,019-S-8,Closed,336629,361° MEN SHO,1
019,019 - Geel Alnaka - MAATC,019-S-9,Closed,336610,361° MEN SHO,1
019,019 - Geel Alnaka - MAATC,019-S-9,Closed,336611,361° MEN SHO,2
019,019 - Geel Alnaka - MAATC,019-S-9,Closed,336612,361° MEN SHO,2
019,019 - Geel Alnaka - MAATC,019-S-9,Closed,336613,361° MEN SHO,3
019,019 - Geel Alnaka - MAATC,019-S-9,Closed,336614,361° MEN SHO,2
019,019 - Geel Alnaka - MAATC,019-S-9,Closed,336615,361° MEN SHO,1
019,019 - Geel Alnaka - MAATC,019-U-21,Closed,336591,361° MEN SHO,1
019,019 - Geel Alnaka - MAATC,019-U-21,Closed,336592,361° MEN SHO,2
019,019 - Geel Alnaka - MAATC,019-U-21,Closed,336593,361° MEN SHO,2
019,019 - Geel Alnaka - MAATC,019-U-21,Closed,336594,361° MEN SHO,3
019,019 - Geel Alnaka - MAATC,019-U-21,Closed,336595,361° MEN SHO,2
019,019 - Geel Alnaka - MAATC,019-U-21,Closed,336596,361° MEN SHO,1
019,019 - Geel Alnaka - MAATC,019-U-23,Closed,336028,361° MEN SHO,1
019,019 - Geel Alnaka - MAATC,019-U-23,Closed,336029,361° MEN SHO,2
019,019 - Geel Alnaka - MAATC,019-U-23,Closed,336030,361° MEN SHO,2
019,019 - Geel Alnaka - MAATC,019-U-23,Closed,336031,361° MEN SHO,3
019,019 - Geel Alnaka - MAATC,019-U-23,Closed,336032,361° MEN SHO,3
019,019 - Geel Alnaka - MAATC,019-U-24,Closed,336640,361° MEN SHO,1
019,019 - Geel Alnaka - MAATC,019-U-24,Closed,336641,361° MEN SHO,2
019,019 - Geel Alnaka - MAATC,019-U-24,Closed,336642,361° MEN SHO,2
019,019 - Geel Alnaka - MAATC,019-U-24,Closed,336643,361° MEN SHO,3
019,019 - Geel Alnaka - MAATC,019-U-24,Closed,336644,361° MEN SHO,3
019,019 - Geel Alnaka - MAATC,019-U-25,Closed,336630,361° MEN SHO,1
019,019 - Geel Alnaka - MAATC,019-U-25,Closed,336631,361° MEN SHO,2
019,019 - Geel Alnaka - MAATC,019-U-25,Closed,336632,361° MEN SHO,2
019,019 - Geel Alnaka - MAATC,019-U-25,Closed,336633,361° MEN SHO,3
019,019 - Geel Alnaka - MAATC,019-U-25,Closed,336634,361° MEN SHO,3
019,019 - Geel Alnaka - MAATC,019-U-26,Closed,336604,361° MEN SHO,1
019,019 - Geel Alnaka - MAATC,019-U-26,Closed,336605,361° MEN SHO,2
019,019 - Geel Alnaka - MAATC,019-U-26,Closed,336606,361° MEN SHO,2
019,019 - Geel Alnaka - MAATC,019-U-26,Closed,336607,361° MEN SHO,3
019,019 - Geel Alnaka - MAATC,019-U-26,Closed,336608,361° MEN SHO,2
019,019 - Geel Alnaka - MAATC,019-U-26,Closed,336609,361° MEN SHO,1
019,019 - Geel Alnaka - MAATC,019-U-27,Closed,336661,361° MEN SHO,1
019,019 - Geel Alnaka - MAATC,019-U-27,Closed,336662,361° MEN SHO,2
019,019 - Geel Alnaka - MAATC,019-U-27,Closed,336663,361° MEN SHO,2
019,019 - Geel Alnaka - MAATC,019-U-27,Closed,336664,361° MEN SHO,3
019,019 - Geel Alnaka - MAATC,019-U-27,Closed,336665,361° MEN SHO,3
019,019 - Geel Alnaka - MAATC,019-U-28,Closed,336023,361° MEN SHO,1
019,019 - Geel Alnaka - MAATC,019-U-28,Closed,336024,361° MEN SHO,2
019,019 - Geel Alnaka - MAATC,019-U-28,Closed,336025,361° MEN SHO,2
019,019 - Geel Alnaka - MAATC,019-U-28,Closed,336026,361° MEN SHO,3
019,019 - Geel Alnaka - MAATC,019-U-28,Closed,336027,361° MEN SHO,3
019,019 - Geel Alnaka - MAATC,019-U-29,Closed,336616,361° MEN SHO,1
019,019 - Geel Alnaka - MAATC,019-U-29,Closed,336617,361° MEN SHO,1
019,019 - Geel Alnaka - MAATC,019-U-29,Closed,336618,361° MEN SHO,2
019,019 - Geel Alnaka - MAATC,019-U-29,Closed,336619,361° MEN SHO,3
019,019 - Geel Alnaka - MAATC,019-U-29,Closed,336620,361° MEN SHO,2
019,019 - Geel Alnaka - MAATC,019-U-29,Closed,336621,361° MEN SHO,1
019,019 - Geel Alnaka - MAATC,019-U-29,Closed,336622,361° MEN SHO,1
019,019 - Geel Alnaka - MAATC,019-U-30,Closed,336656,361° MEN SHO,1
019,019 - Geel Alnaka - MAATC,019-U-30,Closed,336657,361° MEN SHO,2
019,019 - Geel Alnaka - MAATC,019-U-30,Closed,336658,361° MEN SHO,2
019,019 - Geel Alnaka - MAATC,019-U-30,Closed,336659,361° MEN SHO,3
019,019 - Geel Alnaka - MAATC,019-U-30,Closed,336660,361° MEN SHO,3
019,019 - Geel Alnaka - MAATC,019-U-31,Closed,336018,361° MEN SHO,1
019,019 - Geel Alnaka - MAATC,019-U-31,Closed,336019,361° MEN SHO,2
019,019 - Geel Alnaka - MAATC,019-U-31,Closed,336020,361° MEN SHO,2
019,019 - Geel Alnaka - MAATC,019-U-31,Closed,336021,361° MEN SHO,3
019,019 - Geel Alnaka - MAATC,019-U-31,Closed,336022,361° MEN SHO,3
019,019 - Geel Alnaka - MAATC,019-U-32,Closed,336671,361° MEN SHO,1
019,019 - Geel Alnaka - MAATC,019-U-32,Closed,336672,361° MEN SHO,2
019,019 - Geel Alnaka - MAATC,019-U-32,Closed,336673,361° MEN SHO,2
019,019 - Geel Alnaka - MAATC,019-U-32,Closed,336674,361° MEN SHO,3
019,019 - Geel Alnaka - MAATC,019-U-32,Closed,336675,361° MEN SHO,3
019,019 - Geel Alnaka - MAATC,019-U-33,Closed,336597,361° MEN SHO,1
019,019 - Geel Alnaka - MAATC,019-U-33,Closed,336598,361° MEN SHO,1
019,019 - Geel Alnaka - MAATC,019-U-33,Closed,336599,361° MEN SHO,2
019,019 - Geel Alnaka - MAATC,019-U-33,Closed,336600,361° MEN SHO,3
019,019 - Geel Alnaka - MAATC,019-U-33,Closed,336601,361° MEN SHO,2
019,019 - Geel Alnaka - MAATC,019-U-33,Closed,336602,361° MEN SHO,1
019,019 - Geel Alnaka - MAATC,019-U-33,Closed,336603,361° MEN SHO,1
019,019 - Geel Alnaka - MAATC,019-U-35,Closed,336645,361° MEN SHO,1
019,019 - Geel Alnaka - MAATC,019-U-35,Closed,336646,361° MEN SHO,2
019,019 - Geel Alnaka - MAATC,019-U-35,Closed,336647,361° MEN SHO,2
019,019 - Geel Alnaka - MAATC,019-U-35,Closed,336648,361° MEN SHO,3
019,019 - Geel Alnaka - MAATC,019-U-35,Closed,336649,361° MEN SHO,3
019,019 - Geel Alnaka - MAATC,019-U-44,Closed,336084,361° MEN WST,2
019,019 - Geel Alnaka - MAATC,019-U-44,Closed,336100,361° MEN JCK,1
019,019 - Geel Alnaka - MAATC,019-U-44,Closed,336126,361° MEN TSS,2
019,019 - Geel Alnaka - MAATC,019-U-44,Closed,336131,361° MEN TSS,3
019,019 - Geel Alnaka - MAATC,019-U-44,Closed,336172,361° MEN TSS,2
019,019 - Geel Alnaka - MAATC,019-U-44,Closed,336175,361° MEN TSS,1
019,019 - Geel Alnaka - MAATC,019-U-44,Closed,336222,361° MEN SRT,2
019,019 - Geel Alnaka - MAATC,019-U-44,Closed,336240,361° MEN SRT,2
019,019 - Geel Alnaka - MAATC,019-U-44,Closed,336243,361° MEN SRT,1
019,019 - Geel Alnaka - MAATC,019-U-44,Closed,336245,361° MEN SRT,3
019,019 - Geel Alnaka - MAATC,019-U-44,Closed,336246,361° MEN SRT,2
019,019 - Geel Alnaka - MAATC,019-U-44,Closed,336250,361° MEN SRT,1
019,019 - Geel Alnaka - MAATC,019-U-44,Closed,336252,361° MEN SRT,2
019,019 - Geel Alnaka - MAATC,019-U-44,Closed,336253,361° MEN SRT,1
019,019 - Geel Alnaka - MAATC,019-U-44,Closed,336263,361° MEN TSU,3
019,019 - Geel Alnaka - MAATC,019-U-44,Closed,336277,361° MEN TSU,1
019,019 - Geel Alnaka - MAATC,019-U-44,Closed,336315,361° MEN TSS,1
019,019 - Geel Alnaka - MAATC,019-U-44,Closed,336317,361° MEN TSS,3
019,019 - Geel Alnaka - MAATC,019-U-44,Closed,336328,361° MEN CPR,1
019,019 - Geel Alnaka - MAATC,019-U-44,Closed,336335,361° MEN SRT,3
019,019 - Geel Alnaka - MAATC,019-U-44,Closed,336371,361° MEN SHS,3
019,019 - Geel Alnaka - MAATC,019-U-44,Closed,336449,361° MEN TSU,3
019,019 - Geel Alnaka - MAATC,019-U-44,Closed,336456,361° MEN TSU,2
019,019 - Geel Alnaka - MAATC,019-U-44,Closed,336457,361° MEN TSU,1
019,019 - Geel Alnaka - MAATC,019-U-44,Closed,336473,361° MEN TSU,3
019,019 - Geel Alnaka - MAATC,019-U-44,Closed,336480,361° MEN TSU,2
019,019 - Geel Alnaka - MAATC,019-U-44,Closed,336483,361° WMN TSU,1
019,019 - Geel Alnaka - MAATC,019-U-44,Closed,336486,361° WMN TSU,2
019,019 - Geel Alnaka - MAATC,019-U-44,Closed,336488,361° WMN TSU,1
019,019 - Geel Alnaka - MAATC,019-U-44,Closed,336513,361° WMN TSS,1
019,019 - Geel Alnaka - MAATC,019-U-44,Closed,336516,361° WMN TSS,2
019,019 - Geel Alnaka - MAATC,019-U-44,Closed,336540,361° WMN TSU,2
019,019 - Geel Alnaka - MAATC,019-U-44,Closed,336588,361° WMN TSU,2
019,019 - Geel Alnaka - MAATC,019-U-44,Closed,336805,361° MEN JCK,2
019,019 - Geel Alnaka - MAATC,019-U-45,Closed,336008,361° MEN SRT,3
019,019 - Geel Alnaka - MAATC,019-U-45,Closed,336014,361° MEN SRT,3
019,019 - Geel Alnaka - MAATC,019-U-45,Closed,336015,361° MEN SRT,2
019,019 - Geel Alnaka - MAATC,019-U-45,Closed,336081,361° MEN WST,1
019,019 - Geel Alnaka - MAATC,019-U-45,Closed,336085,361° MEN WST,1
019,019 - Geel Alnaka - MAATC,019-U-45,Closed,336099,361° MEN JCK,1
019,019 - Geel Alnaka - MAATC,019-U-45,Closed,336107,361° MEN JCK,1
019,019 - Geel Alnaka - MAATC,019-U-45,Closed,336108,361° MEN JCK,1
019,019 - Geel Alnaka - MAATC,019-U-45,Closed,336110,361° MEN JCK,1
019,019 - Geel Alnaka - MAATC,019-U-45,Closed,336132,361° MEN TSS,2
019,019 - Geel Alnaka - MAATC,019-U-45,Closed,336137,361° MEN SRT,3
019,019 - Geel Alnaka - MAATC,019-U-45,Closed,336139,361° MEN SRT,1
019,019 - Geel Alnaka - MAATC,019-U-45,Closed,336199,361° MEN TSS,1
019,019 - Geel Alnaka - MAATC,019-U-45,Closed,336201,361° MEN TSS,1
019,019 - Geel Alnaka - MAATC,019-U-45,Closed,336207,361° MEN TSS,1
019,019 - Geel Alnaka - MAATC,019-U-45,Closed,336210,361° MEN TSS,2
019,019 - Geel Alnaka - MAATC,019-U-45,Closed,336271,361° MEN TSU,1
019,019 - Geel Alnaka - MAATC,019-U-45,Closed,336288,361° MEN TSS,2
019,019 - Geel Alnaka - MAATC,019-U-45,Closed,336309,361° MEN TSS,1
019,019 - Geel Alnaka - MAATC,019-U-45,Closed,336310,361° MEN TSS,2
019,019 - Geel Alnaka - MAATC,019-U-45,Closed,336312,361° MEN TSS,2
019,019 - Geel Alnaka - MAATC,019-U-45,Closed,336314,361° MEN TSS,1
019,019 - Geel Alnaka - MAATC,019-U-45,Closed,336319,361° MEN TSS,1
019,019 - Geel Alnaka - MAATC,019-U-45,Closed,336320,361° MEN TSS,1
019,019 - Geel Alnaka - MAATC,019-U-45,Closed,336366,361° MEN TSS,2
019,019 - Geel Alnaka - MAATC,019-U-45,Closed,336399,361° MEN TSS,1
019,019 - Geel Alnaka - MAATC,019-U-45,Closed,336404,361° MEN TSS,1
019,019 - Geel Alnaka - MAATC,019-U-45,Closed,336409,361° MEN TSS,1
019,019 - Geel Alnaka - MAATC,019-U-45,Closed,336427,361° MEN PTK,1
019,019 - Geel Alnaka - MAATC,019-U-45,Closed,336428,361° MEN PTK,1
019,019 - Geel Alnaka - MAATC,019-U-45,Closed,336431,361° MEN PTK,3
019,019 - Geel Alnaka - MAATC,019-U-45,Closed,336435,361° MEN TSS,1
019,019 - Geel Alnaka - MAATC,019-U-45,Closed,336437,361° MEN TSS,3
019,019 - Geel Alnaka - MAATC,019-U-45,Closed,336439,361° MEN TSS,1
019,019 - Geel Alnaka - MAATC,019-U-45,Closed,336528,361° WMN TSS,1
019,019 - Geel Alnaka - MAATC,019-U-45,Closed,336529,361° WMN TSS,1
019,019 - Geel Alnaka - MAATC,019-U-45,Closed,336580,361° WMN TSU,2
019,019 - Geel Alnaka - MAATC,019-U-46,Closed,336083,361° MEN WST,3
019,019 - Geel Alnaka - MAATC,019-U-46,Closed,336095,361° MEN WST,3
019,019 - Geel Alnaka - MAATC,019-U-46,Closed,336097,361° MEN WST,1
019,019 - Geel Alnaka - MAATC,019-U-46,Closed,336103,361° MEN JCK,1
019,019 - Geel Alnaka - MAATC,019-U-46,Closed,336105,361° MEN JCK,1
019,019 - Geel Alnaka - MAATC,019-U-46,Closed,336121,361° MEN TSU,1
019,019 - Geel Alnaka - MAATC,019-U-46,Closed,336136,361° MEN SRT,1
019,019 - Geel Alnaka - MAATC,019-U-46,Closed,336150,361° MEN TSS,2
019,019 - Geel Alnaka - MAATC,019-U-46,Closed,336159,361° MEN TSS,1
019,019 - Geel Alnaka - MAATC,019-U-46,Closed,336179,361° MEN TSS,3
019,019 - Geel Alnaka - MAATC,019-U-46,Closed,336192,361° MEN TSS,2
019,019 - Geel Alnaka - MAATC,019-U-46,Closed,336262,361° MEN TSU,1
019,019 - Geel Alnaka - MAATC,019-U-46,Closed,336327,361° MEN CPR,1
019,019 - Geel Alnaka - MAATC,019-U-46,Closed,336365,361° MEN TSS,3
019,019 - Geel Alnaka - MAATC,019-U-46,Closed,336397,361° MEN TSS,1
019,019 - Geel Alnaka - MAATC,019-U-46,Closed,336455,361° MEN TSU,3
019,019 - Geel Alnaka - MAATC,019-U-46,Closed,336548,361° WMN TSU,1
028,028 - North of Buridah Almoosa - MAATC,028-A-01,Closed,336151,361° MEN TSS,1
028,028 - North of Buridah Almoosa - MAATC,028-A-01,Closed,336185,361° MEN TSS,3
028,028 - North of Buridah Almoosa - MAATC,028-A-01,Closed,336264,361° MEN TSU,2
028,028 - North of Buridah Almoosa - MAATC,028-A-01,Closed,336474,361° MEN TSU,2
028,028 - North of Buridah Almoosa - MAATC,028-A-02,Closed,336116,361° MEN TSU,1
028,028 - North of Buridah Almoosa - MAATC,028-A-02,Closed,336122,361° MEN TSU,1
028,028 - North of Buridah Almoosa - MAATC,028-A-02,Closed,336123,361° MEN TSS,1
028,028 - North of Buridah Almoosa - MAATC,028-A-02,Closed,336131,361° MEN TSS,3
028,028 - North of Buridah Almoosa - MAATC,028-A-02,Closed,336153,361° MEN TSS,1
028,028 - North of Buridah Almoosa - MAATC,028-A-02,Closed,336154,361° MEN TSS,2
028,028 - North of Buridah Almoosa - MAATC,028-A-02,Closed,336155,361° MEN TSS,3
028,028 - North of Buridah Almoosa - MAATC,028-A-02,Closed,336157,361° MEN TSS,1
028,028 - North of Buridah Almoosa - MAATC,028-A-02,Closed,336171,361° MEN TSS,1
028,028 - North of Buridah Almoosa - MAATC,028-A-02,Closed,336174,361° MEN TSS,2
028,028 - North of Buridah Almoosa - MAATC,028-A-02,Closed,336182,361° MEN TSS,1
028,028 - North of Buridah Almoosa - MAATC,028-A-02,Closed,336216,361° MEN TSS,2
028,028 - North of Buridah Almoosa - MAATC,028-A-02,Closed,336267,361° MEN TSU,1
028,028 - North of Buridah Almoosa - MAATC,028-A-02,Closed,336268,361° MEN TSU,2
028,028 - North of Buridah Almoosa - MAATC,028-A-02,Closed,336270,361° MEN TSU,2
028,028 - North of Buridah Almoosa - MAATC,028-A-02,Closed,336272,361° MEN TSU,1
028,028 - North of Buridah Almoosa - MAATC,028-A-02,Closed,336273,361° MEN TSU,1
028,028 - North of Buridah Almoosa - MAATC,028-A-02,Closed,336274,361° MEN TSU,2
028,028 - North of Buridah Almoosa - MAATC,028-A-02,Closed,336278,361° MEN TSU,1
028,028 - North of Buridah Almoosa - MAATC,028-A-02,Closed,336280,361° MEN TSS,2
028,028 - North of Buridah Almoosa - MAATC,028-A-02,Closed,336281,361° MEN TSS,3
028,028 - North of Buridah Almoosa - MAATC,028-A-02,Closed,336285,361° MEN TSS,1
028,028 - North of Buridah Almoosa - MAATC,028-A-02,Closed,336289,361° MEN TSS,1
028,028 - North of Buridah Almoosa - MAATC,028-A-02,Closed,336324,361° MEN CPR,2
028,028 - North of Buridah Almoosa - MAATC,028-A-02,Closed,336325,361° MEN CPR,1
028,028 - North of Buridah Almoosa - MAATC,028-A-02,Closed,336326,361° MEN CPR,1
028,028 - North of Buridah Almoosa - MAATC,028-A-02,Closed,336355,361° MEN TSU,1
028,028 - North of Buridah Almoosa - MAATC,028-A-02,Closed,336419,361° MEN PTK,3
028,028 - North of Buridah Almoosa - MAATC,028-A-02,Closed,336420,361° MEN PTK,2
028,028 - North of Buridah Almoosa - MAATC,028-A-02,Closed,336424,361° MEN PTK,2
028,028 - North of Buridah Almoosa - MAATC,028-A-02,Closed,336429,361° MEN PTK,1
028,028 - North of Buridah Almoosa - MAATC,028-A-02,Closed,336436,361° MEN TSS,2
028,028 - North of Buridah Almoosa - MAATC,028-A-02,Closed,336440,361° MEN TSS,1
028,028 - North of Buridah Almoosa - MAATC,028-A-02,Closed,336441,361° MEN TSS,1
028,028 - North of Buridah Almoosa - MAATC,028-A-02,Closed,336445,361° MEN TSS,1
028,028 - North of Buridah Almoosa - MAATC,028-A-02,Closed,336446,361° MEN TSS,1
028,028 - North of Buridah Almoosa - MAATC,028-A-02,Closed,336453,361° MEN TSU,1
028,028 - North of Buridah Almoosa - MAATC,028-A-02,Closed,336462,361° MEN TSS,2
028,028 - North of Buridah Almoosa - MAATC,028-A-03,Closed,336098,361° MEN WST,1
028,028 - North of Buridah Almoosa - MAATC,028-A-03,Closed,336125,361° MEN TSS,3
028,028 - North of Buridah Almoosa - MAATC,028-A-03,Closed,336135,361° MEN SRT,1
028,028 - North of Buridah Almoosa - MAATC,028-A-03,Closed,336140,361° MEN SRT,1
028,028 - North of Buridah Almoosa - MAATC,028-A-03,Closed,336141,361° MEN SRT,1
028,028 - North of Buridah Almoosa - MAATC,028-A-03,Closed,336148,361° MEN TSS,2
028,028 - North of Buridah Almoosa - MAATC,028-A-03,Closed,336149,361° MEN TSS,3
028,028 - North of Buridah Almoosa - MAATC,028-A-03,Closed,336167,361° MEN TSS,3
028,028 - North of Buridah Almoosa - MAATC,028-A-03,Closed,336173,361° MEN TSS,3
028,028 - North of Buridah Almoosa - MAATC,028-A-03,Closed,336180,361° MEN TSS,2
028,028 - North of Buridah Almoosa - MAATC,028-A-03,Closed,336181,361° MEN TSS,1
028,028 - North of Buridah Almoosa - MAATC,028-A-03,Closed,336185,361° MEN TSS,3
028,028 - North of Buridah Almoosa - MAATC,028-A-03,Closed,336186,361° MEN TSS,2
028,028 - North of Buridah Almoosa - MAATC,028-A-03,Closed,336189,361° MEN TSS,1
028,028 - North of Buridah Almoosa - MAATC,028-A-03,Closed,336204,361° MEN TSS,2
028,028 - North of Buridah Almoosa - MAATC,028-A-03,Closed,336209,361° MEN TSS,3
028,028 - North of Buridah Almoosa - MAATC,028-A-03,Closed,336218,361° MEN TSS,1
028,028 - North of Buridah Almoosa - MAATC,028-A-03,Closed,336239,361° MEN SRT,3
028,028 - North of Buridah Almoosa - MAATC,028-A-03,Closed,336247,361° MEN SRT,1
028,028 - North of Buridah Almoosa - MAATC,028-A-03,Closed,336255,361° MEN TSU,1
028,028 - North of Buridah Almoosa - MAATC,028-A-03,Closed,336256,361° MEN TSU,2
028,028 - North of Buridah Almoosa - MAATC,028-A-03,Closed,336260,361° MEN TSU,1
028,028 - North of Buridah Almoosa - MAATC,028-A-03,Closed,336283,361° MEN TSS,1
028,028 - North of Buridah Almoosa - MAATC,028-A-03,Closed,336311,361° MEN TSS,3
028,028 - North of Buridah Almoosa - MAATC,028-A-03,Closed,336322,361° MEN CPR,2
028,028 - North of Buridah Almoosa - MAATC,028-A-03,Closed,336330,361° MEN CPR,2
028,028 - North of Buridah Almoosa - MAATC,028-A-03,Closed,336357,361° MEN TSS,1
028,028 - North of Buridah Almoosa - MAATC,028-A-03,Closed,336359,361° MEN TSS,3
028,028 - North of Buridah Almoosa - MAATC,028-A-03,Closed,336360,361° MEN TSS,2
028,028 - North of Buridah Almoosa - MAATC,028-A-03,Closed,336363,361° MEN TSS,1
028,028 - North of Buridah Almoosa - MAATC,028-A-03,Closed,336364,361° MEN TSS,2
028,028 - North of Buridah Almoosa - MAATC,028-A-03,Closed,336367,361° MEN TSS,1
028,028 - North of Buridah Almoosa - MAATC,028-A-03,Closed,336368,361° MEN TSS,1
028,028 - North of Buridah Almoosa - MAATC,028-A-03,Closed,336388,361° MEN TSS,2
028,028 - North of Buridah Almoosa - MAATC,028-A-03,Closed,336390,361° MEN TSS,2
028,028 - North of Buridah Almoosa - MAATC,028-A-03,Closed,336393,361° MEN TSS,1
028,028 - North of Buridah Almoosa - MAATC,028-A-03,Closed,336395,361° MEN TSS,3
028,028 - North of Buridah Almoosa - MAATC,028-A-03,Closed,336396,361° MEN TSS,2
028,028 - North of Buridah Almoosa - MAATC,028-A-03,Closed,336401,361° MEN TSS,3
028,028 - North of Buridah Almoosa - MAATC,028-A-03,Closed,336471,361° MEN TSU,1
028,028 - North of Buridah Almoosa - MAATC,028-A-03,Closed,336477,361° MEN TSU,1
028,028 - North of Buridah Almoosa - MAATC,028-A-03,Closed,336478,361° MEN TSU,2
028,028 - North of Buridah Almoosa - MAATC,028-A-06,Open,336012,361° MEN SRT,1
028,028 - North of Buridah Almoosa - MAATC,028-A-06,Open,336143,361° MEN SRT,3
028,028 - North of Buridah Almoosa - MAATC,028-J-01,Closed,336113,361° MEN TSU,3
028,028 - North of Buridah Almoosa - MAATC,028-J-01,Closed,336132,361° MEN TSS,2
028,028 - North of Buridah Almoosa - MAATC,028-J-01,Closed,336138,361° MEN SRT,2
028,028 - North of Buridah Almoosa - MAATC,028-J-01,Closed,336161,361° MEN TSS,3
028,028 - North of Buridah Almoosa - MAATC,028-J-01,Closed,336162,361° MEN TSS,2
028,028 - North of Buridah Almoosa - MAATC,028-J-01,Closed,336169,361° MEN TSS,1
028,028 - North of Buridah Almoosa - MAATC,028-J-01,Closed,336170,361° MEN TSS,1
028,028 - North of Buridah Almoosa - MAATC,028-J-01,Closed,336173,361° MEN TSS,3
028,028 - North of Buridah Almoosa - MAATC,028-J-01,Closed,336197,361° MEN TSS,3
028,028 - North of Buridah Almoosa - MAATC,028-J-01,Closed,336203,361° MEN TSS,3
028,028 - North of Buridah Almoosa - MAATC,028-J-01,Closed,336208,361° MEN TSS,2
028,028 - North of Buridah Almoosa - MAATC,028-J-01,Closed,336210,361° MEN TSS,2
028,028 - North of Buridah Almoosa - MAATC,028-J-01,Closed,336212,361° MEN TSS,1
028,028 - North of Buridah Almoosa - MAATC,028-J-01,Closed,336213,361° MEN TSS,1
028,028 - North of Buridah Almoosa - MAATC,028-J-01,Closed,336217,361° MEN TSS,1
028,028 - North of Buridah Almoosa - MAATC,028-J-01,Closed,336225,361° MEN SRT,1
028,028 - North of Buridah Almoosa - MAATC,028-J-01,Closed,336227,361° MEN SRT,3
028,028 - North of Buridah Almoosa - MAATC,028-J-01,Closed,336228,361° MEN SRT,2
028,028 - North of Buridah Almoosa - MAATC,028-J-01,Closed,336233,361° MEN SRT,3
028,028 - North of Buridah Almoosa - MAATC,028-J-01,Closed,336236,361° MEN SRT,1
028,028 - North of Buridah Almoosa - MAATC,028-J-01,Closed,336257,361° MEN TSU,3
028,028 - North of Buridah Almoosa - MAATC,028-J-01,Closed,336259,361° MEN TSU,1
028,028 - North of Buridah Almoosa - MAATC,028-J-01,Closed,336266,361° MEN TSU,1
028,028 - North of Buridah Almoosa - MAATC,028-J-01,Closed,336300,361° MEN TSS,2
028,028 - North of Buridah Almoosa - MAATC,028-J-01,Closed,336321,361° MEN CPR,1
028,028 - North of Buridah Almoosa - MAATC,028-J-01,Closed,336331,361° MEN CPR,1
028,028 - North of Buridah Almoosa - MAATC,028-J-01,Closed,336337,361° MEN SRT,1
028,028 - North of Buridah Almoosa - MAATC,028-J-01,Closed,336338,361° MEN SRT,1
028,028 - North of Buridah Almoosa - MAATC,028-J-01,Closed,336343,361° MEN SRT,1
028,028 - North of Buridah Almoosa - MAATC,028-J-01,Closed,336344,361° MEN SRT,1
028,028 - North of Buridah Almoosa - MAATC,028-J-01,Closed,336387,361° MEN TSS,1
028,028 - North of Buridah Almoosa - MAATC,028-J-01,Closed,336428,361° MEN PTK,1
028,028 - North of Buridah Almoosa - MAATC,028-J-01,Closed,336447,361° MEN TSU,1
028,028 - North of Buridah Almoosa - MAATC,028-J-01,Closed,336459,361° MEN TSS,1
028,028 - North of Buridah Almoosa - MAATC,028-J-01,Closed,336460,361° MEN TSS,2
028,028 - North of Buridah Almoosa - MAATC,028-J-01,Closed,336461,361° MEN TSS,3
028,028 - North of Buridah Almoosa - MAATC,028-J-02,Closed,336091,361° MEN WST,1
028,028 - North of Buridah Almoosa - MAATC,028-J-02,Closed,336118,361° MEN TSU,1
028,028 - North of Buridah Almoosa - MAATC,028-J-02,Closed,336119,361° MEN TSU,3
028,028 - North of Buridah Almoosa - MAATC,028-J-02,Closed,336127,361° MEN TSS,1
028,028 - North of Buridah Almoosa - MAATC,028-J-02,Closed,336134,361° MEN TSS,1
028,028 - North of Buridah Almoosa - MAATC,028-J-02,Closed,336163,361° MEN TSS,1
028,028 - North of Buridah Almoosa - MAATC,028-J-02,Closed,336166,361° MEN TSS,2
028,028 - North of Buridah Almoosa - MAATC,028-J-02,Closed,336184,361° MEN TSS,2
028,028 - North of Buridah Almoosa - MAATC,028-J-02,Closed,336187,361° MEN TSS,1
028,028 - North of Buridah Almoosa - MAATC,028-J-02,Closed,336219,361° MEN SRT,1
028,028 - North of Buridah Almoosa - MAATC,028-J-02,Closed,336231,361° MEN SRT,1
028,028 - North of Buridah Almoosa - MAATC,028-J-02,Closed,336232,361° MEN SRT,2
028,028 - North of Buridah Almoosa - MAATC,028-J-02,Closed,336241,361° MEN SRT,1
028,028 - North of Buridah Almoosa - MAATC,028-J-02,Closed,336242,361° MEN SRT,1
028,028 - North of Buridah Almoosa - MAATC,028-J-02,Closed,336249,361° MEN SRT,1
028,028 - North of Buridah Almoosa - MAATC,028-J-02,Closed,336254,361° MEN SRT,1
028,028 - North of Buridah Almoosa - MAATC,028-J-02,Closed,336261,361° MEN TSU,1
028,028 - North of Buridah Almoosa - MAATC,028-J-02,Closed,336265,361° MEN TSU,1
028,028 - North of Buridah Almoosa - MAATC,028-J-02,Closed,336275,361° MEN TSU,3
028,028 - North of Buridah Almoosa - MAATC,028-J-02,Closed,336276,361° MEN TSU,2
028,028 - North of Buridah Almoosa - MAATC,028-J-02,Closed,336290,361° MEN TSS,1
028,028 - North of Buridah Almoosa - MAATC,028-J-02,Closed,336294,361° MEN TSS,2
028,028 - North of Buridah Almoosa - MAATC,028-J-02,Closed,336301,361° MEN TSS,1
028,028 - North of Buridah Almoosa - MAATC,028-J-02,Closed,336339,361° MEN SRT,1
028,028 - North of Buridah Almoosa - MAATC,028-J-02,Closed,336411,361° MEN PTK,1
028,028 - North of Buridah Almoosa - MAATC,028-J-02,Closed,336415,361° MEN PTK,1
028,028 - North of Buridah Almoosa - MAATC,028-J-02,Closed,336417,361° MEN PTK,1
028,028 - North of Buridah Almoosa - MAATC,028-J-02,Closed,336434,361° MEN PTK,1
028,028 - North of Buridah Almoosa - MAATC,028-J-02,Closed,336436,361° MEN TSS,2
028,028 - North of Buridah Almoosa - MAATC,028-J-02,Closed,336451,361° MEN TSU,1
028,028 - North of Buridah Almoosa - MAATC,028-J-02,Closed,336452,361° MEN TSU,1
028,028 - North of Buridah Almoosa - MAATC,028-J-02,Closed,336458,361° MEN TSU,1
028,028 - North of Buridah Almoosa - MAATC,028-J-02,Closed,336470,361° MEN TSS,1
028,028 - North of Buridah Almoosa - MAATC,028-J-02,Closed,336481,361° MEN TSU,1
028,028 - North of Buridah Almoosa - MAATC,028-J-03,Closed,336087,361° MEN WST,1
028,028 - North of Buridah Almoosa - MAATC,028-J-03,Closed,336089,361° MEN WST,3
028,028 - North of Buridah Almoosa - MAATC,028-J-03,Closed,336124,361° MEN TSS,2
028,028 - North of Buridah Almoosa - MAATC,028-J-03,Closed,336133,361° MEN TSS,1
028,028 - North of Buridah Almoosa - MAATC,028-J-03,Closed,336164,361° MEN TSS,1
028,028 - North of Buridah Almoosa - MAATC,028-J-03,Closed,336167,361° MEN TSS,3
028,028 - North of Buridah Almoosa - MAATC,028-J-03,Closed,336248,361° MEN SRT,1
028,028 - North of Buridah Almoosa - MAATC,028-J-03,Closed,336279,361° MEN TSS,1
028,028 - North of Buridah Almoosa - MAATC,028-J-03,Closed,336298,361° MEN TSS,2
028,028 - North of Buridah Almoosa - MAATC,028-J-03,Closed,336313,361° MEN TSS,1
028,028 - North of Buridah Almoosa - MAATC,028-J-03,Closed,336316,361° MEN TSS,2
028,028 - North of Buridah Almoosa - MAATC,028-J-03,Closed,336333,361° MEN SRT,1
028,028 - North of Buridah Almoosa - MAATC,028-J-03,Closed,336334,361° MEN SRT,2
028,028 - North of Buridah Almoosa - MAATC,028-J-03,Closed,336341,361° MEN SRT,3
028,028 - North of Buridah Almoosa - MAATC,028-J-03,Closed,336346,361° MEN TSU,2
028,028 - North of Buridah Almoosa - MAATC,028-J-03,Closed,336348,361° MEN TSU,2
028,028 - North of Buridah Almoosa - MAATC,028-J-03,Closed,336350,361° MEN TSU,1
028,028 - North of Buridah Almoosa - MAATC,028-J-03,Closed,336354,361° MEN TSU,2
028,028 - North of Buridah Almoosa - MAATC,028-J-03,Closed,336356,361° MEN TSU,1
028,028 - North of Buridah Almoosa - MAATC,028-J-03,Closed,336394,361° MEN TSS,2
028,028 - North of Buridah Almoosa - MAATC,028-J-03,Closed,336396,361° MEN TSS,2
028,028 - North of Buridah Almoosa - MAATC,028-J-03,Closed,336421,361° MEN PTK,1
028,028 - North of Buridah Almoosa - MAATC,028-J-03,Closed,336450,361° MEN TSU,2
028,028 - North of Buridah Almoosa - MAATC,028-S-1,Open,336128,361° MEN TSS,1
028,028 - North of Buridah Almoosa - MAATC,028-S-1,Open,336129,361° MEN TSS,1
028,028 - North of Buridah Almoosa - MAATC,028-S-1,Open,336130,361° MEN TSS,2
028,028 - North of Buridah Almoosa - MAATC,028-S-1,Open,336152,361° MEN TSS,1
028,028 - North of Buridah Almoosa - MAATC,028-S-1,Open,336269,361° MEN TSU,3
028,028 - North of Buridah Almoosa - MAATC,028-S-1,Open,336425,361° MEN PTK,3
028,028 - North of Buridah Almoosa - MAATC,028-S-1,Open,336442,361° MEN TSS,2
028,028 - North of Buridah Almoosa - MAATC,028-S-1,Open,336443,361° MEN TSS,3
028,028 - North of Buridah Almoosa - MAATC,028-S-1,Open,336475,361° MEN TSU,1
028,028 - North of Buridah Almoosa - MAATC,028-S-1,Open,336476,361° MEN TSU,1
028,028 - North of Buridah Almoosa - MAATC,028-S-1,Open,336479,361° MEN TSU,3
028,028 - North of Buridah Almoosa - MAATC,028-S-11,Closed,336082,361° MEN WST,2
028,028 - North of Buridah Almoosa - MAATC,028-S-11,Closed,336086,361° MEN WST,1
028,028 - North of Buridah Almoosa - MAATC,028-S-11,Closed,336088,361° MEN WST,2
028,028 - North of Buridah Almoosa - MAATC,028-S-11,Closed,336093,361° MEN WST,1
028,028 - North of Buridah Almoosa - MAATC,028-S-11,Closed,336094,361° MEN WST,2
028,028 - North of Buridah Almoosa - MAATC,028-S-11,Closed,336118,361° MEN TSU,2
028,028 - North of Buridah Almoosa - MAATC,028-S-11,Closed,336142,361° MEN SRT,2
028,028 - North of Buridah Almoosa - MAATC,028-S-11,Closed,336144,361° MEN SRT,2
028,028 - North of Buridah Almoosa - MAATC,028-S-11,Closed,336147,361° MEN TSS,1
028,028 - North of Buridah Almoosa - MAATC,028-S-11,Closed,336200,361° MEN TSS,1
028,028 - North of Buridah Almoosa - MAATC,028-S-11,Closed,336202,361° MEN TSS,2
028,028 - North of Buridah Almoosa - MAATC,028-S-11,Closed,336203,361° MEN TSS,3
028,028 - North of Buridah Almoosa - MAATC,028-S-11,Closed,336205,361° MEN TSS,1
028,028 - North of Buridah Almoosa - MAATC,028-S-11,Closed,336211,361° MEN TSS,1
028,028 - North of Buridah Almoosa - MAATC,028-S-11,Closed,336215,361° MEN TSS,3
028,028 - North of Buridah Almoosa - MAATC,028-S-11,Closed,336216,361° MEN TSS,2
028,028 - North of Buridah Almoosa - MAATC,028-S-11,Closed,336220,361° MEN SRT,2
028,028 - North of Buridah Almoosa - MAATC,028-S-11,Closed,336221,361° MEN SRT,3
028,028 - North of Buridah Almoosa - MAATC,028-S-11,Closed,336238,361° MEN SRT,2
028,028 - North of Buridah Almoosa - MAATC,028-S-11,Closed,336268,361° MEN TSU,2
028,028 - North of Buridah Almoosa - MAATC,028-S-11,Closed,336286,361° MEN TSS,2
028,028 - North of Buridah Almoosa - MAATC,028-S-11,Closed,336287,361° MEN TSS,3
028,028 - North of Buridah Almoosa - MAATC,028-S-11,Closed,336295,361° MEN TSS,1
028,028 - North of Buridah Almoosa - MAATC,028-S-11,Closed,336304,361° MEN TSS,2
028,028 - North of Buridah Almoosa - MAATC,028-S-11,Closed,336306,361° MEN TSS,2
028,028 - North of Buridah Almoosa - MAATC,028-S-11,Closed,336307,361° MEN TSS,1
028,028 - North of Buridah Almoosa - MAATC,028-S-11,Closed,336308,361° MEN TSS,1
028,028 - North of Buridah Almoosa - MAATC,028-S-11,Closed,336332,361° MEN CPR,1
028,028 - North of Buridah Almoosa - MAATC,028-S-11,Closed,336336,361° MEN SRT,2
028,028 - North of Buridah Almoosa - MAATC,028-S-11,Closed,336340,361° MEN SRT,2
028,028 - North of Buridah Almoosa - MAATC,028-S-11,Closed,336342,361° MEN SRT,2
028,028 - North of Buridah Almoosa - MAATC,028-S-11,Closed,336352,361° MEN TSU,2
028,028 - North of Buridah Almoosa - MAATC,028-S-11,Closed,336358,361° MEN TSS,2
028,028 - North of Buridah Almoosa - MAATC,028-S-11,Closed,336361,361° MEN TSS,1
028,028 - North of Buridah Almoosa - MAATC,028-S-11,Closed,336362,361° MEN TSS,1
028,028 - North of Buridah Almoosa - MAATC,028-S-11,Closed,336389,361° MEN TSS,3
028,028 - North of Buridah Almoosa - MAATC,028-S-11,Closed,336391,361° MEN TSS,1
028,028 - North of Buridah Almoosa - MAATC,028-S-11,Closed,336392,361° MEN TSS,1
028,028 - North of Buridah Almoosa - MAATC,028-S-11,Closed,336398,361° MEN TSS,1
028,028 - North of Buridah Almoosa - MAATC,028-S-11,Closed,336400,361° MEN TSS,2
028,028 - North of Buridah Almoosa - MAATC,028-S-11,Closed,336403,361° MEN TSS,1
028,028 - North of Buridah Almoosa - MAATC,028-S-11,Closed,336405,361° MEN TSS,1
028,028 - North of Buridah Almoosa - MAATC,028-S-11,Closed,336406,361° MEN TSS,2
028,028 - North of Buridah Almoosa - MAATC,028-S-11,Closed,336410,361° MEN TSS,1
028,028 - North of Buridah Almoosa - MAATC,028-S-11,Closed,336422,361° MEN PTK,1
028,028 - North of Buridah Almoosa - MAATC,028-S-11,Closed,336432,361° MEN PTK,2
028,028 - North of Buridah Almoosa - MAATC,028-S-11,Closed,336454,361° MEN TSU,2
028,028 - North of Buridah Almoosa - MAATC,028-S-11,Closed,336463,361° MEN TSS,1
028,028 - North of Buridah Almoosa - MAATC,028-S-12,Closed,336007,361° MEN SRT,3
028,028 - North of Buridah Almoosa - MAATC,028-S-12,Closed,336010,361° MEN SRT,1
028,028 - North of Buridah Almoosa - MAATC,028-S-12,Closed,336011,361° MEN SRT,1
028,028 - North of Buridah Almoosa - MAATC,028-S-12,Closed,336017,361° MEN SRT,1
028,028 - North of Buridah Almoosa - MAATC,028-S-12,Closed,336090,361° MEN WST,2
028,028 - North of Buridah Almoosa - MAATC,028-S-12,Closed,336096,361° MEN WST,2
028,028 - North of Buridah Almoosa - MAATC,028-S-12,Closed,336160,361° MEN TSS,2
028,028 - North of Buridah Almoosa - MAATC,028-S-12,Closed,336172,361° MEN TSS,2
028,028 - North of Buridah Almoosa - MAATC,028-S-12,Closed,336176,361° MEN TSS,1
028,028 - North of Buridah Almoosa - MAATC,028-S-12,Closed,336178,361° MEN TSS,2
028,028 - North of Buridah Almoosa - MAATC,028-S-12,Closed,336183,361° MEN TSS,1
028,028 - North of Buridah Almoosa - MAATC,028-S-12,Closed,336188,361° MEN TSS,1
028,028 - North of Buridah Almoosa - MAATC,028-S-12,Closed,336190,361° MEN TSS,2
028,028 - North of Buridah Almoosa - MAATC,028-S-12,Closed,336191,361° MEN TSS,3
028,028 - North of Buridah Almoosa - MAATC,028-S-12,Closed,336193,361° MEN TSS,1
028,028 - North of Buridah Almoosa - MAATC,028-S-12,Closed,336194,361° MEN TSS,1
028,028 - North of Buridah Almoosa - MAATC,028-S-12,Closed,336196,361° MEN TSS,2
028,028 - North of Buridah Almoosa - MAATC,028-S-12,Closed,336198,361° MEN TSS,1
028,028 - North of Buridah Almoosa - MAATC,028-S-12,Closed,336204,361° MEN TSS,2
028,028 - North of Buridah Almoosa - MAATC,028-S-12,Closed,336206,361° MEN TSS,1
028,028 - North of Buridah Almoosa - MAATC,028-S-12,Closed,336208,361° MEN TSS,2
028,028 - North of Buridah Almoosa - MAATC,028-S-12,Closed,336214,361° MEN TSS,2
028,028 - North of Buridah Almoosa - MAATC,028-S-12,Closed,336224,361° MEN SRT,1
028,028 - North of Buridah Almoosa - MAATC,028-S-12,Closed,336226,361° MEN SRT,2
028,028 - North of Buridah Almoosa - MAATC,028-S-12,Closed,336229,361° MEN SRT,1
028,028 - North of Buridah Almoosa - MAATC,028-S-12,Closed,336230,361° MEN SRT,1
028,028 - North of Buridah Almoosa - MAATC,028-S-12,Closed,336234,361° MEN SRT,2
028,028 - North of Buridah Almoosa - MAATC,028-S-12,Closed,336235,361° MEN SRT,1
028,028 - North of Buridah Almoosa - MAATC,028-S-12,Closed,336244,361° MEN SRT,2
028,028 - North of Buridah Almoosa - MAATC,028-S-12,Closed,336258,361° MEN TSU,2
028,028 - North of Buridah Almoosa - MAATC,028-S-12,Closed,336303,361° MEN TSS,1
028,028 - North of Buridah Almoosa - MAATC,028-S-12,Closed,336318,361° MEN TSS,2
028,028 - North of Buridah Almoosa - MAATC,028-S-12,Closed,336323,361° MEN CPR,3
028,028 - North of Buridah Almoosa - MAATC,028-S-12,Closed,336351,361° MEN TSU,1
028,028 - North of Buridah Almoosa - MAATC,028-S-12,Closed,336353,361° MEN TSU,3
028,028 - North of Buridah Almoosa - MAATC,028-S-12,Closed,336402,361° MEN TSS,2
028,028 - North of Buridah Almoosa - MAATC,028-S-12,Closed,336407,361° MEN TSS,3
028,028 - North of Buridah Almoosa - MAATC,028-S-12,Closed,336412,361° MEN PTK,2
028,028 - North of Buridah Almoosa - MAATC,028-S-12,Closed,336414,361° MEN PTK,2
028,028 - North of Buridah Almoosa - MAATC,028-S-12,Closed,336418,361° MEN PTK,1
028,028 - North of Buridah Almoosa - MAATC,028-S-12,Closed,336423,361° MEN PTK,1
028,028 - North of Buridah Almoosa - MAATC,028-S-12,Closed,336430,361° MEN PTK,2
028,028 - North of Buridah Almoosa - MAATC,028-S-12,Closed,336433,361° MEN PTK,1
028,028 - North of Buridah Almoosa - MAATC,028-S-12,Closed,336442,361° MEN TSS,2
028,028 - North of Buridah Almoosa - MAATC,028-S-12,Closed,336460,361° MEN TSS,2
028,028 - North of Buridah Almoosa - MAATC,028-S-12,Closed,336464,361° MEN TSS,1
028,028 - North of Buridah Almoosa - MAATC,028-S-12,Closed,336465,361° MEN TSS,1
028,028 - North of Buridah Almoosa - MAATC,028-S-12,Closed,336466,361° MEN TSS,2
028,028 - North of Buridah Almoosa - MAATC,028-S-12,Closed,336469,361° MEN TSS,1
028,028 - North of Buridah Almoosa - MAATC,028-S-12,Closed,336472,361° MEN TSU,2
028,028 - North of Buridah Almoosa - MAATC,028-S-12,Closed,336482,361° MEN TSU,1
028,028 - North of Buridah Almoosa - MAATC,028-S-13,Closed,336009,361° MEN SRT,2
028,028 - North of Buridah Almoosa - MAATC,028-S-13,Closed,336013,361° MEN SRT,3
028,028 - North of Buridah Almoosa - MAATC,028-S-13,Closed,336016,361° MEN SRT,1
028,028 - North of Buridah Almoosa - MAATC,028-S-13,Closed,336111,361° MEN TSU,1
028,028 - North of Buridah Almoosa - MAATC,028-S-13,Closed,336112,361° MEN TSU,2
028,028 - North of Buridah Almoosa - MAATC,028-S-13,Closed,336114,361° MEN TSU,2
028,028 - North of Buridah Almoosa - MAATC,028-S-13,Closed,336115,361° MEN TSU,1
028,028 - North of Buridah Almoosa - MAATC,028-S-13,Closed,336117,361° MEN TSU,1
028,028 - North of Buridah Almoosa - MAATC,028-S-13,Closed,336120,361° MEN TSU,2
028,028 - North of Buridah Almoosa - MAATC,028-S-13,Closed,336156,361° MEN TSS,2
028,028 - North of Buridah Almoosa - MAATC,028-S-13,Closed,336158,361° MEN TSS,1
028,028 - North of Buridah Almoosa - MAATC,028-S-13,Closed,336177,361° MEN TSS,1
028,028 - North of Buridah Almoosa - MAATC,028-S-13,Closed,336195,361° MEN TSS,1
028,028 - North of Buridah Almoosa - MAATC,028-S-13,Closed,336198,361° MEN TSS,1
028,028 - North of Buridah Almoosa - MAATC,028-S-13,Closed,336223,361° MEN SRT,1
028,028 - North of Buridah Almoosa - MAATC,028-S-13,Closed,336237,361° MEN SRT,1
028,028 - North of Buridah Almoosa - MAATC,028-S-13,Closed,336251,361° MEN SRT,3
028,028 - North of Buridah Almoosa - MAATC,028-S-13,Closed,336257,361° MEN TSU,2
028,028 - North of Buridah Almoosa - MAATC,028-S-13,Closed,336282,361° MEN TSS,2
028,028 - North of Buridah Almoosa - MAATC,028-S-13,Closed,336284,361° MEN TSS,1
028,028 - North of Buridah Almoosa - MAATC,028-S-13,Closed,336291,361° MEN TSS,1
028,028 - North of Buridah Almoosa - MAATC,028-S-13,Closed,336292,361° MEN TSS,2
028,028 - North of Buridah Almoosa - MAATC,028-S-13,Closed,336293,361° MEN TSS,3
028,028 - North of Buridah Almoosa - MAATC,028-S-13,Closed,336296,361° MEN TSS,1
028,028 - North of Buridah Almoosa - MAATC,028-S-13,Closed,336297,361° MEN TSS,1
028,028 - North of Buridah Almoosa - MAATC,028-S-13,Closed,336299,361° MEN TSS,3
028,028 - North of Buridah Almoosa - MAATC,028-S-13,Closed,336302,361° MEN TSS,1
028,028 - North of Buridah Almoosa - MAATC,028-S-13,Closed,336305,361° MEN TSS,3
028,028 - North of Buridah Almoosa - MAATC,028-S-13,Closed,336329,361° MEN CPR,3
028,028 - North of Buridah Almoosa - MAATC,028-S-13,Closed,336345,361° MEN TSU,1
028,028 - North of Buridah Almoosa - MAATC,028-S-13,Closed,336347,361° MEN TSU,3
028,028 - North of Buridah Almoosa - MAATC,028-S-13,Closed,336348,361° MEN TSU,1
028,028 - North of Buridah Almoosa - MAATC,028-S-13,Closed,336349,361° MEN TSU,1
028,028 - North of Buridah Almoosa - MAATC,028-S-13,Closed,336408,361° MEN TSS,2
028,028 - North of Buridah Almoosa - MAATC,028-S-13,Closed,336413,361° MEN PTK,3
028,028 - North of Buridah Almoosa - MAATC,028-S-13,Closed,336416,361° MEN PTK,1
028,028 - North of Buridah Almoosa - MAATC,028-S-13,Closed,336426,361° MEN PTK,2
028,028 - North of Buridah Almoosa - MAATC,028-S-13,Closed,336438,361° MEN TSS,2
028,028 - North of Buridah Almoosa - MAATC,028-S-13,Closed,336444,361° MEN TSS,2
028,028 - North of Buridah Almoosa - MAATC,028-S-13,Closed,336448,361° MEN TSU,2
028,028 - North of Buridah Almoosa - MAATC,028-S-13,Closed,336461,361° MEN TSS,2
028,028 - North of Buridah Almoosa - MAATC,028-S-13,Closed,336467,361° MEN TSS,3
028,028 - North of Buridah Almoosa - MAATC,028-S-13,Closed,336468,361° MEN TSS,2
028,028 - North of Buridah Almoosa - MAATC,028-S-16,Closed,336038,361° USX CAP,6
028,028 - North of Buridah Almoosa - MAATC,028-S-16,Closed,336039,361° USX CAP,6
028,028 - North of Buridah Almoosa - MAATC,028-S-16,Closed,336040,361° USX CAP,6
028,028 - North of Buridah Almoosa - MAATC,028-S-16,Closed,336041,361° USX CAP,6
028,028 - North of Buridah Almoosa - MAATC,028-S-16,Closed,336043,361° USX CAP,6
028,028 - North of Buridah Almoosa - MAATC,028-S-16,Closed,336044,361° USX CAP,6
028,028 - North of Buridah Almoosa - MAATC,028-S-16,Closed,336045,361° USX CAP,6
028,028 - North of Buridah Almoosa - MAATC,028-S-16,Closed,336046,361° USX CAP,6
028,028 - North of Buridah Almoosa - MAATC,028-S-16,Closed,336047,361° USX CAP,6
028,028 - North of Buridah Almoosa - MAATC,028-S-16,Closed,336048,361° MEN SCK,9
028,028 - North of Buridah Almoosa - MAATC,028-S-16,Closed,336049,361° MEN SCK,9
028,028 - North of Buridah Almoosa - MAATC,028-S-16,Closed,336050,361° MEN SCK,9
028,028 - North of Buridah Almoosa - MAATC,028-S-16,Closed,336051,361° MEN SCK,9
028,028 - North of Buridah Almoosa - MAATC,028-S-16,Closed,336052,361° MEN SCK,9
028,028 - North of Buridah Almoosa - MAATC,028-S-16,Closed,336053,361° MEN SCK,9
028,028 - North of Buridah Almoosa - MAATC,028-S-16,Closed,336055,361° MEN SCK,9
028,028 - North of Buridah Almoosa - MAATC,028-S-16,Closed,336056,361° MEN SCK,9
028,028 - North of Buridah Almoosa - MAATC,028-S-16,Closed,336057,361° USX SCK,2
028,028 - North of Buridah Almoosa - MAATC,028-S-16,Closed,336058,361° USX SCK,4
028,028 - North of Buridah Almoosa - MAATC,028-S-16,Closed,336059,361° USX SCK,2
028,028 - North of Buridah Almoosa - MAATC,028-S-16,Closed,336060,361° USX SCK,2
028,028 - North of Buridah Almoosa - MAATC,028-S-16,Closed,336061,361° USX SCK,4
028,028 - North of Buridah Almoosa - MAATC,028-S-16,Closed,336062,361° USX SCK,2
028,028 - North of Buridah Almoosa - MAATC,028-S-16,Closed,336063,361° USX SCK,2
028,028 - North of Buridah Almoosa - MAATC,028-S-16,Closed,336064,361° USX SCK,4
028,028 - North of Buridah Almoosa - MAATC,028-S-16,Closed,336065,361° USX SCK,2
028,028 - North of Buridah Almoosa - MAATC,028-S-16,Closed,336066,361° USX SCK,2
028,028 - North of Buridah Almoosa - MAATC,028-S-16,Closed,336067,361° USX SCK,4
028,028 - North of Buridah Almoosa - MAATC,028-S-16,Closed,336068,361° USX SCK,2
028,028 - North of Buridah Almoosa - MAATC,028-S-16,Closed,336069,361° USX SCK,2
028,028 - North of Buridah Almoosa - MAATC,028-S-16,Closed,336070,361° USX SCK,4
028,028 - North of Buridah Almoosa - MAATC,028-S-16,Closed,336071,361° USX SCK,2
028,028 - North of Buridah Almoosa - MAATC,028-S-16,Closed,336072,361° USX SCK,2
028,028 - North of Buridah Almoosa - MAATC,028-S-16,Closed,336073,361° USX SCK,4
028,028 - North of Buridah Almoosa - MAATC,028-S-16,Closed,336074,361° USX SCK,2
028,028 - North of Buridah Almoosa - MAATC,028-S-16,Closed,336075,361° USX INS,1
028,028 - North of Buridah Almoosa - MAATC,028-S-16,Closed,336076,361° USX INS,2
028,028 - North of Buridah Almoosa - MAATC,028-S-16,Closed,336077,361° USX INS,3
028,028 - North of Buridah Almoosa - MAATC,028-S-16,Closed,336078,361° USX INS,3
028,028 - North of Buridah Almoosa - MAATC,028-S-16,Closed,336079,361° USX INS,2
028,028 - North of Buridah Almoosa - MAATC,028-S-16,Closed,336080,361° USX INS,1
028,028 - North of Buridah Almoosa - MAATC,028-S-6,Closed,336023,361° MEN SHO,1
028,028 - North of Buridah Almoosa - MAATC,028-S-6,Closed,336024,361° MEN SHO,2
028,028 - North of Buridah Almoosa - MAATC,028-S-6,Closed,336025,361° MEN SHO,3
028,028 - North of Buridah Almoosa - MAATC,028-S-6,Closed,336026,361° MEN SHO,3
028,028 - North of Buridah Almoosa - MAATC,028-S-6,Closed,336027,361° MEN SHO,3
028,028 - North of Buridah Almoosa - MAATC,028-S-7,Closed,336018,361° MEN SHO,1
028,028 - North of Buridah Almoosa - MAATC,028-S-7,Closed,336019,361° MEN SHO,2
028,028 - North of Buridah Almoosa - MAATC,028-S-7,Closed,336020,361° MEN SHO,3
028,028 - North of Buridah Almoosa - MAATC,028-S-7,Closed,336021,361° MEN SHO,3
028,028 - North of Buridah Almoosa - MAATC,028-S-7,Closed,336022,361° MEN SHO,3
028,028 - North of Buridah Almoosa - MAATC,028-S-8,Closed,336028,361° MEN SHO,1
028,028 - North of Buridah Almoosa - MAATC,028-S-8,Closed,336029,361° MEN SHO,2
028,028 - North of Buridah Almoosa - MAATC,028-S-8,Closed,336030,361° MEN SHO,3
028,028 - North of Buridah Almoosa - MAATC,028-S-8,Closed,336031,361° MEN SHO,3
028,028 - North of Buridah Almoosa - MAATC,028-S-8,Closed,336032,361° MEN SHO,3
028,028 - North of Buridah Almoosa - MAATC,028-U-38,Closed,336083,361° MEN WST,3
028,028 - North of Buridah Almoosa - MAATC,028-U-38,Closed,336095,361° MEN WST,3
028,028 - North of Buridah Almoosa - MAATC,028-U-38,Closed,336097,361° MEN WST,1
028,028 - North of Buridah Almoosa - MAATC,028-U-38,Closed,336121,361° MEN TSU,1
028,028 - North of Buridah Almoosa - MAATC,028-U-38,Closed,336136,361° MEN SRT,2
028,028 - North of Buridah Almoosa - MAATC,028-U-38,Closed,336150,361° MEN TSS,2
028,028 - North of Buridah Almoosa - MAATC,028-U-38,Closed,336159,361° MEN TSS,1
028,028 - North of Buridah Almoosa - MAATC,028-U-38,Closed,336179,361° MEN TSS,3
028,028 - North of Buridah Almoosa - MAATC,028-U-38,Closed,336192,361° MEN TSS,2
028,028 - North of Buridah Almoosa - MAATC,028-U-38,Closed,336262,361° MEN TSU,2
028,028 - North of Buridah Almoosa - MAATC,028-U-38,Closed,336327,361° MEN CPR,1
028,028 - North of Buridah Almoosa - MAATC,028-U-38,Closed,336365,361° MEN TSS,3
028,028 - North of Buridah Almoosa - MAATC,028-U-38,Closed,336397,361° MEN TSS,1
028,028 - North of Buridah Almoosa - MAATC,028-U-38,Closed,336455,361° MEN TSU,3
028,028 - North of Buridah Almoosa - MAATC,028-U-39,Closed,336008,361° MEN SRT,3
028,028 - North of Buridah Almoosa - MAATC,028-U-39,Closed,336014,361° MEN SRT,3
028,028 - North of Buridah Almoosa - MAATC,028-U-39,Closed,336015,361° MEN SRT,2
028,028 - North of Buridah Almoosa - MAATC,028-U-39,Closed,336081,361° MEN WST,1
028,028 - North of Buridah Almoosa - MAATC,028-U-39,Closed,336132,361° MEN TSS,1
028,028 - North of Buridah Almoosa - MAATC,028-U-39,Closed,336137,361° MEN SRT,3
028,028 - North of Buridah Almoosa - MAATC,028-U-39,Closed,336139,361° MEN SRT,1
028,028 - North of Buridah Almoosa - MAATC,028-U-39,Closed,336199,361° MEN TSS,1
028,028 - North of Buridah Almoosa - MAATC,028-U-39,Closed,336201,361° MEN TSS,1
028,028 - North of Buridah Almoosa - MAATC,028-U-39,Closed,336207,361° MEN TSS,1
028,028 - North of Buridah Almoosa - MAATC,028-U-39,Closed,336210,361° MEN TSS,2
028,028 - North of Buridah Almoosa - MAATC,028-U-39,Closed,336238,361° MEN SRT,2
028,028 - North of Buridah Almoosa - MAATC,028-U-39,Closed,336271,361° MEN TSU,1
028,028 - North of Buridah Almoosa - MAATC,028-U-39,Closed,336288,361° MEN TSS,2
028,028 - North of Buridah Almoosa - MAATC,028-U-39,Closed,336309,361° MEN TSS,1
028,028 - North of Buridah Almoosa - MAATC,028-U-39,Closed,336310,361° MEN TSS,2
028,028 - North of Buridah Almoosa - MAATC,028-U-39,Closed,336312,361° MEN TSS,2
028,028 - North of Buridah Almoosa - MAATC,028-U-39,Closed,336314,361° MEN TSS,1
028,028 - North of Buridah Almoosa - MAATC,028-U-39,Closed,336319,361° MEN TSS,1
028,028 - North of Buridah Almoosa - MAATC,028-U-39,Closed,336320,361° MEN TSS,1
028,028 - North of Buridah Almoosa - MAATC,028-U-39,Closed,336366,361° MEN TSS,2
028,028 - North of Buridah Almoosa - MAATC,028-U-39,Closed,336399,361° MEN TSS,1
028,028 - North of Buridah Almoosa - MAATC,028-U-39,Closed,336404,361° MEN TSS,1
028,028 - North of Buridah Almoosa - MAATC,028-U-39,Closed,336409,361° MEN TSS,1
028,028 - North of Buridah Almoosa - MAATC,028-U-39,Closed,336427,361° MEN PTK,1
028,028 - North of Buridah Almoosa - MAATC,028-U-39,Closed,336431,361° MEN PTK,3
028,028 - North of Buridah Almoosa - MAATC,028-U-39,Closed,336435,361° MEN TSS,1
028,028 - North of Buridah Almoosa - MAATC,028-U-39,Closed,336437,361° MEN TSS,3
028,028 - North of Buridah Almoosa - MAATC,028-U-39,Closed,336439,361° MEN TSS,1
028,028 - North of Buridah Almoosa - MAATC,028-U-40,Closed,336084,361° MEN WST,2
028,028 - North of Buridah Almoosa - MAATC,028-U-40,Closed,336126,361° MEN TSS,2
028,028 - North of Buridah Almoosa - MAATC,028-U-40,Closed,336131,361° MEN TSS,3
028,028 - North of Buridah Almoosa - MAATC,028-U-40,Closed,336172,361° MEN TSS,2
028,028 - North of Buridah Almoosa - MAATC,028-U-40,Closed,336175,361° MEN TSS,1
028,028 - North of Buridah Almoosa - MAATC,028-U-40,Closed,336222,361° MEN SRT,2
028,028 - North of Buridah Almoosa - MAATC,028-U-40,Closed,336240,361° MEN SRT,2
028,028 - North of Buridah Almoosa - MAATC,028-U-40,Closed,336243,361° MEN SRT,1
028,028 - North of Buridah Almoosa - MAATC,028-U-40,Closed,336245,361° MEN SRT,3
028,028 - North of Buridah Almoosa - MAATC,028-U-40,Closed,336246,361° MEN SRT,2
028,028 - North of Buridah Almoosa - MAATC,028-U-40,Closed,336250,361° MEN SRT,2
028,028 - North of Buridah Almoosa - MAATC,028-U-40,Closed,336252,361° MEN SRT,2
028,028 - North of Buridah Almoosa - MAATC,028-U-40,Closed,336253,361° MEN SRT,1
028,028 - North of Buridah Almoosa - MAATC,028-U-40,Closed,336263,361° MEN TSU,3
028,028 - North of Buridah Almoosa - MAATC,028-U-40,Closed,336277,361° MEN TSU,1
028,028 - North of Buridah Almoosa - MAATC,028-U-40,Closed,336315,361° MEN TSS,1
028,028 - North of Buridah Almoosa - MAATC,028-U-40,Closed,336317,361° MEN TSS,3
028,028 - North of Buridah Almoosa - MAATC,028-U-40,Closed,336328,361° MEN CPR,2
028,028 - North of Buridah Almoosa - MAATC,028-U-40,Closed,336335,361° MEN SRT,3
028,028 - North of Buridah Almoosa - MAATC,028-U-40,Closed,336449,361° MEN TSU,3
028,028 - North of Buridah Almoosa - MAATC,028-U-40,Closed,336456,361° MEN TSU,2
028,028 - North of Buridah Almoosa - MAATC,028-U-40,Closed,336457,361° MEN TSU,1
028,028 - North of Buridah Almoosa - MAATC,028-U-40,Closed,336473,361° MEN TSU,3
028,028 - North of Buridah Almoosa - MAATC,028-U-40,Closed,336480,361° MEN TSU,2
031,031 - Al Mousa Tabuk - MAATC,031-A-01,Closed,336151,361° MEN TSS,1
031,031 - Al Mousa Tabuk - MAATC,031-A-01,Closed,336185,361° MEN TSS,3
031,031 - Al Mousa Tabuk - MAATC,031-A-01,Closed,336264,361° MEN TSU,2
031,031 - Al Mousa Tabuk - MAATC,031-A-01,Closed,336474,361° MEN TSU,2
031,031 - Al Mousa Tabuk - MAATC,031-A-02,Closed,336116,361° MEN TSU,1
031,031 - Al Mousa Tabuk - MAATC,031-A-02,Closed,336122,361° MEN TSU,1
031,031 - Al Mousa Tabuk - MAATC,031-A-02,Closed,336123,361° MEN TSS,1
031,031 - Al Mousa Tabuk - MAATC,031-A-02,Closed,336131,361° MEN TSS,3
031,031 - Al Mousa Tabuk - MAATC,031-A-02,Closed,336153,361° MEN TSS,1
031,031 - Al Mousa Tabuk - MAATC,031-A-02,Closed,336154,361° MEN TSS,2
031,031 - Al Mousa Tabuk - MAATC,031-A-02,Closed,336155,361° MEN TSS,3
031,031 - Al Mousa Tabuk - MAATC,031-A-02,Closed,336157,361° MEN TSS,1
031,031 - Al Mousa Tabuk - MAATC,031-A-02,Closed,336171,361° MEN TSS,1
031,031 - Al Mousa Tabuk - MAATC,031-A-02,Closed,336174,361° MEN TSS,2
031,031 - Al Mousa Tabuk - MAATC,031-A-02,Closed,336182,361° MEN TSS,1
031,031 - Al Mousa Tabuk - MAATC,031-A-02,Closed,336267,361° MEN TSU,1
031,031 - Al Mousa Tabuk - MAATC,031-A-02,Closed,336268,361° MEN TSU,2
031,031 - Al Mousa Tabuk - MAATC,031-A-02,Closed,336270,361° MEN TSU,2
031,031 - Al Mousa Tabuk - MAATC,031-A-02,Closed,336272,361° MEN TSU,1
031,031 - Al Mousa Tabuk - MAATC,031-A-02,Closed,336273,361° MEN TSU,1
031,031 - Al Mousa Tabuk - MAATC,031-A-02,Closed,336274,361° MEN TSU,2
031,031 - Al Mousa Tabuk - MAATC,031-A-02,Closed,336278,361° MEN TSU,1
031,031 - Al Mousa Tabuk - MAATC,031-A-02,Closed,336280,361° MEN TSS,2
031,031 - Al Mousa Tabuk - MAATC,031-A-02,Closed,336281,361° MEN TSS,3
031,031 - Al Mousa Tabuk - MAATC,031-A-02,Closed,336285,361° MEN TSS,1
031,031 - Al Mousa Tabuk - MAATC,031-A-02,Closed,336289,361° MEN TSS,1
031,031 - Al Mousa Tabuk - MAATC,031-A-02,Closed,336324,361° MEN CPR,2
031,031 - Al Mousa Tabuk - MAATC,031-A-02,Closed,336325,361° MEN CPR,1
031,031 - Al Mousa Tabuk - MAATC,031-A-02,Closed,336326,361° MEN CPR,1
031,031 - Al Mousa Tabuk - MAATC,031-A-02,Closed,336355,361° MEN TSU,1
031,031 - Al Mousa Tabuk - MAATC,031-A-02,Closed,336419,361° MEN PTK,3
031,031 - Al Mousa Tabuk - MAATC,031-A-02,Closed,336420,361° MEN PTK,2
031,031 - Al Mousa Tabuk - MAATC,031-A-02,Closed,336424,361° MEN PTK,2
031,031 - Al Mousa Tabuk - MAATC,031-A-02,Closed,336429,361° MEN PTK,1
031,031 - Al Mousa Tabuk - MAATC,031-A-02,Closed,336436,361° MEN TSS,2
031,031 - Al Mousa Tabuk - MAATC,031-A-02,Closed,336440,361° MEN TSS,1
031,031 - Al Mousa Tabuk - MAATC,031-A-02,Closed,336441,361° MEN TSS,1
031,031 - Al Mousa Tabuk - MAATC,031-A-02,Closed,336445,361° MEN TSS,1
031,031 - Al Mousa Tabuk - MAATC,031-A-02,Closed,336446,361° MEN TSS,1
031,031 - Al Mousa Tabuk - MAATC,031-A-02,Closed,336453,361° MEN TSU,1
031,031 - Al Mousa Tabuk - MAATC,031-A-02,Closed,336462,361° MEN TSS,2
031,031 - Al Mousa Tabuk - MAATC,031-A-03,Closed,336125,361° MEN TSS,3
031,031 - Al Mousa Tabuk - MAATC,031-A-03,Closed,336135,361° MEN SRT,1
031,031 - Al Mousa Tabuk - MAATC,031-A-03,Closed,336140,361° MEN SRT,1
031,031 - Al Mousa Tabuk - MAATC,031-A-03,Closed,336141,361° MEN SRT,1
031,031 - Al Mousa Tabuk - MAATC,031-A-03,Closed,336148,361° MEN TSS,2
031,031 - Al Mousa Tabuk - MAATC,031-A-03,Closed,336149,361° MEN TSS,3
031,031 - Al Mousa Tabuk - MAATC,031-A-03,Closed,336167,361° MEN TSS,3
031,031 - Al Mousa Tabuk - MAATC,031-A-03,Closed,336173,361° MEN TSS,1
031,031 - Al Mousa Tabuk - MAATC,031-A-03,Closed,336180,361° MEN TSS,2
031,031 - Al Mousa Tabuk - MAATC,031-A-03,Closed,336181,361° MEN TSS,1
031,031 - Al Mousa Tabuk - MAATC,031-A-03,Closed,336185,361° MEN TSS,3
031,031 - Al Mousa Tabuk - MAATC,031-A-03,Closed,336186,361° MEN TSS,2
031,031 - Al Mousa Tabuk - MAATC,031-A-03,Closed,336189,361° MEN TSS,1
031,031 - Al Mousa Tabuk - MAATC,031-A-03,Closed,336204,361° MEN TSS,2
031,031 - Al Mousa Tabuk - MAATC,031-A-03,Closed,336209,361° MEN TSS,3
031,031 - Al Mousa Tabuk - MAATC,031-A-03,Closed,336218,361° MEN TSS,1
031,031 - Al Mousa Tabuk - MAATC,031-A-03,Closed,336239,361° MEN SRT,3
031,031 - Al Mousa Tabuk - MAATC,031-A-03,Closed,336247,361° MEN SRT,1
031,031 - Al Mousa Tabuk - MAATC,031-A-03,Closed,336255,361° MEN TSU,1
031,031 - Al Mousa Tabuk - MAATC,031-A-03,Closed,336256,361° MEN TSU,2
031,031 - Al Mousa Tabuk - MAATC,031-A-03,Closed,336260,361° MEN TSU,1
031,031 - Al Mousa Tabuk - MAATC,031-A-03,Closed,336283,361° MEN TSS,1
031,031 - Al Mousa Tabuk - MAATC,031-A-03,Closed,336311,361° MEN TSS,3
031,031 - Al Mousa Tabuk - MAATC,031-A-03,Closed,336322,361° MEN CPR,2
031,031 - Al Mousa Tabuk - MAATC,031-A-03,Closed,336330,361° MEN CPR,2
031,031 - Al Mousa Tabuk - MAATC,031-A-03,Closed,336357,361° MEN TSS,1
031,031 - Al Mousa Tabuk - MAATC,031-A-03,Closed,336359,361° MEN TSS,3
031,031 - Al Mousa Tabuk - MAATC,031-A-03,Closed,336360,361° MEN TSS,2
031,031 - Al Mousa Tabuk - MAATC,031-A-03,Closed,336363,361° MEN TSS,1
031,031 - Al Mousa Tabuk - MAATC,031-A-03,Closed,336364,361° MEN TSS,2
031,031 - Al Mousa Tabuk - MAATC,031-A-03,Closed,336367,361° MEN TSS,1
031,031 - Al Mousa Tabuk - MAATC,031-A-03,Closed,336368,361° MEN TSS,1
031,031 - Al Mousa Tabuk - MAATC,031-A-03,Closed,336388,361° MEN TSS,2
031,031 - Al Mousa Tabuk - MAATC,031-A-03,Closed,336390,361° MEN TSS,2
031,031 - Al Mousa Tabuk - MAATC,031-A-03,Closed,336393,361° MEN TSS,1
031,031 - Al Mousa Tabuk - MAATC,031-A-03,Closed,336395,361° MEN TSS,3
031,031 - Al Mousa Tabuk - MAATC,031-A-03,Closed,336396,361° MEN TSS,2
031,031 - Al Mousa Tabuk - MAATC,031-A-03,Closed,336401,361° MEN TSS,3
031,031 - Al Mousa Tabuk - MAATC,031-A-03,Closed,336471,361° MEN TSU,1
031,031 - Al Mousa Tabuk - MAATC,031-A-03,Closed,336477,361° MEN TSU,1
031,031 - Al Mousa Tabuk - MAATC,031-A-03,Closed,336478,361° MEN TSU,2
031,031 - Al Mousa Tabuk - MAATC,031-A-06,Open,336012,361° MEN SRT,1
031,031 - Al Mousa Tabuk - MAATC,031-A-06,Open,336143,361° MEN SRT,3
031,031 - Al Mousa Tabuk - MAATC,031-J-01,Closed,336113,361° MEN TSU,3
031,031 - Al Mousa Tabuk - MAATC,031-J-01,Closed,336132,361° MEN TSS,2
031,031 - Al Mousa Tabuk - MAATC,031-J-01,Closed,336138,361° MEN SRT,2
031,031 - Al Mousa Tabuk - MAATC,031-J-01,Closed,336161,361° MEN TSS,3
031,031 - Al Mousa Tabuk - MAATC,031-J-01,Closed,336162,361° MEN TSS,2
031,031 - Al Mousa Tabuk - MAATC,031-J-01,Closed,336169,361° MEN TSS,1
031,031 - Al Mousa Tabuk - MAATC,031-J-01,Closed,336170,361° MEN TSS,1
031,031 - Al Mousa Tabuk - MAATC,031-J-01,Closed,336173,361° MEN TSS,3
031,031 - Al Mousa Tabuk - MAATC,031-J-01,Closed,336197,361° MEN TSS,3
031,031 - Al Mousa Tabuk - MAATC,031-J-01,Closed,336203,361° MEN TSS,3
031,031 - Al Mousa Tabuk - MAATC,031-J-01,Closed,336208,361° MEN TSS,2
031,031 - Al Mousa Tabuk - MAATC,031-J-01,Closed,336210,361° MEN TSS,2
031,031 - Al Mousa Tabuk - MAATC,031-J-01,Closed,336212,361° MEN TSS,1
031,031 - Al Mousa Tabuk - MAATC,031-J-01,Closed,336213,361° MEN TSS,1
031,031 - Al Mousa Tabuk - MAATC,031-J-01,Closed,336217,361° MEN TSS,1
031,031 - Al Mousa Tabuk - MAATC,031-J-01,Closed,336225,361° MEN SRT,1
031,031 - Al Mousa Tabuk - MAATC,031-J-01,Closed,336227,361° MEN SRT,3
031,031 - Al Mousa Tabuk - MAATC,031-J-01,Closed,336228,361° MEN SRT,2
031,031 - Al Mousa Tabuk - MAATC,031-J-01,Closed,336233,361° MEN SRT,3
031,031 - Al Mousa Tabuk - MAATC,031-J-01,Closed,336236,361° MEN SRT,1
031,031 - Al Mousa Tabuk - MAATC,031-J-01,Closed,336259,361° MEN TSU,1
031,031 - Al Mousa Tabuk - MAATC,031-J-01,Closed,336266,361° MEN TSU,1
031,031 - Al Mousa Tabuk - MAATC,031-J-01,Closed,336300,361° MEN TSS,2
031,031 - Al Mousa Tabuk - MAATC,031-J-01,Closed,336321,361° MEN CPR,1
031,031 - Al Mousa Tabuk - MAATC,031-J-01,Closed,336331,361° MEN CPR,1
031,031 - Al Mousa Tabuk - MAATC,031-J-01,Closed,336337,361° MEN SRT,1
031,031 - Al Mousa Tabuk - MAATC,031-J-01,Closed,336338,361° MEN SRT,1
031,031 - Al Mousa Tabuk - MAATC,031-J-01,Closed,336343,361° MEN SRT,1
031,031 - Al Mousa Tabuk - MAATC,031-J-01,Closed,336344,361° MEN SRT,1
031,031 - Al Mousa Tabuk - MAATC,031-J-01,Closed,336387,361° MEN TSS,1
031,031 - Al Mousa Tabuk - MAATC,031-J-01,Closed,336427,361° MEN PTK,1
031,031 - Al Mousa Tabuk - MAATC,031-J-01,Closed,336428,361° MEN PTK,1
031,031 - Al Mousa Tabuk - MAATC,031-J-01,Closed,336447,361° MEN TSU,1
031,031 - Al Mousa Tabuk - MAATC,031-J-01,Closed,336459,361° MEN TSS,1
031,031 - Al Mousa Tabuk - MAATC,031-J-01,Closed,336461,361° MEN TSS,3
031,031 - Al Mousa Tabuk - MAATC,031-J-02,Closed,336119,361° MEN TSU,3
031,031 - Al Mousa Tabuk - MAATC,031-J-02,Closed,336127,361° MEN TSS,1
031,031 - Al Mousa Tabuk - MAATC,031-J-02,Closed,336134,361° MEN TSS,1
031,031 - Al Mousa Tabuk - MAATC,031-J-02,Closed,336163,361° MEN TSS,1
031,031 - Al Mousa Tabuk - MAATC,031-J-02,Closed,336166,361° MEN TSS,2
031,031 - Al Mousa Tabuk - MAATC,031-J-02,Closed,336184,361° MEN TSS,2
031,031 - Al Mousa Tabuk - MAATC,031-J-02,Closed,336187,361° MEN TSS,1
031,031 - Al Mousa Tabuk - MAATC,031-J-02,Closed,336219,361° MEN SRT,1
031,031 - Al Mousa Tabuk - MAATC,031-J-02,Closed,336231,361° MEN SRT,1
031,031 - Al Mousa Tabuk - MAATC,031-J-02,Closed,336232,361° MEN SRT,2
031,031 - Al Mousa Tabuk - MAATC,031-J-02,Closed,336241,361° MEN SRT,1
031,031 - Al Mousa Tabuk - MAATC,031-J-02,Closed,336242,361° MEN SRT,1
031,031 - Al Mousa Tabuk - MAATC,031-J-02,Closed,336249,361° MEN SRT,1
031,031 - Al Mousa Tabuk - MAATC,031-J-02,Closed,336254,361° MEN SRT,1
031,031 - Al Mousa Tabuk - MAATC,031-J-02,Closed,336261,361° MEN TSU,1
031,031 - Al Mousa Tabuk - MAATC,031-J-02,Closed,336265,361° MEN TSU,1
031,031 - Al Mousa Tabuk - MAATC,031-J-02,Closed,336275,361° MEN TSU,3
031,031 - Al Mousa Tabuk - MAATC,031-J-02,Closed,336276,361° MEN TSU,2
031,031 - Al Mousa Tabuk - MAATC,031-J-02,Closed,336290,361° MEN TSS,1
031,031 - Al Mousa Tabuk - MAATC,031-J-02,Closed,336294,361° MEN TSS,2
031,031 - Al Mousa Tabuk - MAATC,031-J-02,Closed,336301,361° MEN TSS,1
031,031 - Al Mousa Tabuk - MAATC,031-J-02,Closed,336339,361° MEN SRT,1
031,031 - Al Mousa Tabuk - MAATC,031-J-02,Closed,336411,361° MEN PTK,1
031,031 - Al Mousa Tabuk - MAATC,031-J-02,Closed,336415,361° MEN PTK,1
031,031 - Al Mousa Tabuk - MAATC,031-J-02,Closed,336417,361° MEN PTK,1
031,031 - Al Mousa Tabuk - MAATC,031-J-02,Closed,336434,361° MEN PTK,1
031,031 - Al Mousa Tabuk - MAATC,031-J-02,Closed,336436,361° MEN TSS,2
031,031 - Al Mousa Tabuk - MAATC,031-J-02,Closed,336451,361° MEN TSU,1
031,031 - Al Mousa Tabuk - MAATC,031-J-02,Closed,336452,361° MEN TSU,1
031,031 - Al Mousa Tabuk - MAATC,031-J-02,Closed,336458,361° MEN TSU,1
031,031 - Al Mousa Tabuk - MAATC,031-J-02,Closed,336470,361° MEN TSS,1
031,031 - Al Mousa Tabuk - MAATC,031-J-02,Closed,336481,361° MEN TSU,1
031,031 - Al Mousa Tabuk - MAATC,031-J-03,Closed,336124,361° MEN TSS,2
031,031 - Al Mousa Tabuk - MAATC,031-J-03,Closed,336133,361° MEN TSS,1
031,031 - Al Mousa Tabuk - MAATC,031-J-03,Closed,336164,361° MEN TSS,1
031,031 - Al Mousa Tabuk - MAATC,031-J-03,Closed,336167,361° MEN TSS,3
031,031 - Al Mousa Tabuk - MAATC,031-J-03,Closed,336248,361° MEN SRT,1
031,031 - Al Mousa Tabuk - MAATC,031-J-03,Closed,336279,361° MEN TSS,1
031,031 - Al Mousa Tabuk - MAATC,031-J-03,Closed,336298,361° MEN TSS,2
031,031 - Al Mousa Tabuk - MAATC,031-J-03,Closed,336313,361° MEN TSS,1
031,031 - Al Mousa Tabuk - MAATC,031-J-03,Closed,336316,361° MEN TSS,2
031,031 - Al Mousa Tabuk - MAATC,031-J-03,Closed,336333,361° MEN SRT,1
031,031 - Al Mousa Tabuk - MAATC,031-J-03,Closed,336334,361° MEN SRT,2
031,031 - Al Mousa Tabuk - MAATC,031-J-03,Closed,336341,361° MEN SRT,3
031,031 - Al Mousa Tabuk - MAATC,031-J-03,Closed,336346,361° MEN TSU,2
031,031 - Al Mousa Tabuk - MAATC,031-J-03,Closed,336350,361° MEN TSU,1
031,031 - Al Mousa Tabuk - MAATC,031-J-03,Closed,336354,361° MEN TSU,2
031,031 - Al Mousa Tabuk - MAATC,031-J-03,Closed,336356,361° MEN TSU,1
031,031 - Al Mousa Tabuk - MAATC,031-J-03,Closed,336394,361° MEN TSS,2
031,031 - Al Mousa Tabuk - MAATC,031-J-03,Closed,336396,361° MEN TSS,2
031,031 - Al Mousa Tabuk - MAATC,031-J-03,Closed,336421,361° MEN PTK,1
031,031 - Al Mousa Tabuk - MAATC,031-J-03,Closed,336450,361° MEN TSU,2
031,031 - Al Mousa Tabuk - MAATC,031-U-1,Closed,336038,361° USX CAP,6
031,031 - Al Mousa Tabuk - MAATC,031-U-1,Closed,336039,361° USX CAP,6
031,031 - Al Mousa Tabuk - MAATC,031-U-1,Closed,336040,361° USX CAP,6
031,031 - Al Mousa Tabuk - MAATC,031-U-1,Closed,336041,361° USX CAP,6
031,031 - Al Mousa Tabuk - MAATC,031-U-1,Closed,336043,361° USX CAP,6
031,031 - Al Mousa Tabuk - MAATC,031-U-1,Closed,336044,361° USX CAP,6
031,031 - Al Mousa Tabuk - MAATC,031-U-1,Closed,336045,361° USX CAP,6
031,031 - Al Mousa Tabuk - MAATC,031-U-1,Closed,336046,361° USX CAP,6
031,031 - Al Mousa Tabuk - MAATC,031-U-1,Closed,336047,361° USX CAP,6
031,031 - Al Mousa Tabuk - MAATC,031-U-1,Closed,336048,361° MEN SCK,6
031,031 - Al Mousa Tabuk - MAATC,031-U-1,Closed,336049,361° MEN SCK,6
031,031 - Al Mousa Tabuk - MAATC,031-U-1,Closed,336050,361° MEN SCK,6
031,031 - Al Mousa Tabuk - MAATC,031-U-1,Closed,336051,361° MEN SCK,6
031,031 - Al Mousa Tabuk - MAATC,031-U-1,Closed,336052,361° MEN SCK,6
031,031 - Al Mousa Tabuk - MAATC,031-U-1,Closed,336053,361° MEN SCK,6
031,031 - Al Mousa Tabuk - MAATC,031-U-1,Closed,336055,361° MEN SCK,6
031,031 - Al Mousa Tabuk - MAATC,031-U-1,Closed,336057,361° USX SCK,2
031,031 - Al Mousa Tabuk - MAATC,031-U-1,Closed,336058,361° USX SCK,4
031,031 - Al Mousa Tabuk - MAATC,031-U-1,Closed,336059,361° USX SCK,2
031,031 - Al Mousa Tabuk - MAATC,031-U-1,Closed,336060,361° USX SCK,2
031,031 - Al Mousa Tabuk - MAATC,031-U-1,Closed,336061,361° USX SCK,4
031,031 - Al Mousa Tabuk - MAATC,031-U-1,Closed,336062,361° USX SCK,2
031,031 - Al Mousa Tabuk - MAATC,031-U-1,Closed,336063,361° USX SCK,2
031,031 - Al Mousa Tabuk - MAATC,031-U-1,Closed,336064,361° USX SCK,4
031,031 - Al Mousa Tabuk - MAATC,031-U-1,Closed,336065,361° USX SCK,2
031,031 - Al Mousa Tabuk - MAATC,031-U-1,Closed,336066,361° USX SCK,2
031,031 - Al Mousa Tabuk - MAATC,031-U-1,Closed,336067,361° USX SCK,4
031,031 - Al Mousa Tabuk - MAATC,031-U-1,Closed,336068,361° USX SCK,2
031,031 - Al Mousa Tabuk - MAATC,031-U-1,Closed,336069,361° USX SCK,2
031,031 - Al Mousa Tabuk - MAATC,031-U-1,Closed,336070,361° USX SCK,4
031,031 - Al Mousa Tabuk - MAATC,031-U-1,Closed,336071,361° USX SCK,2
031,031 - Al Mousa Tabuk - MAATC,031-U-1,Closed,336072,361° USX SCK,2
031,031 - Al Mousa Tabuk - MAATC,031-U-1,Closed,336073,361° USX SCK,4
031,031 - Al Mousa Tabuk - MAATC,031-U-1,Closed,336074,361° USX SCK,2
031,031 - Al Mousa Tabuk - MAATC,031-U-1,Closed,336075,361° USX INS,1
031,031 - Al Mousa Tabuk - MAATC,031-U-1,Closed,336076,361° USX INS,2
031,031 - Al Mousa Tabuk - MAATC,031-U-1,Closed,336077,361° USX INS,3
031,031 - Al Mousa Tabuk - MAATC,031-U-1,Closed,336078,361° USX INS,3
031,031 - Al Mousa Tabuk - MAATC,031-U-1,Closed,336079,361° USX INS,2
031,031 - Al Mousa Tabuk - MAATC,031-U-1,Closed,336080,361° USX INS,1
031,031 - Al Mousa Tabuk - MAATC,031-U-12,Open,336128,361° MEN TSS,1
031,031 - Al Mousa Tabuk - MAATC,031-U-12,Open,336129,361° MEN TSS,1
031,031 - Al Mousa Tabuk - MAATC,031-U-12,Open,336130,361° MEN TSS,2
031,031 - Al Mousa Tabuk - MAATC,031-U-12,Open,336152,361° MEN TSS,1
031,031 - Al Mousa Tabuk - MAATC,031-U-12,Open,336269,361° MEN TSU,3
031,031 - Al Mousa Tabuk - MAATC,031-U-12,Open,336425,361° MEN PTK,3
031,031 - Al Mousa Tabuk - MAATC,031-U-12,Open,336442,361° MEN TSS,2
031,031 - Al Mousa Tabuk - MAATC,031-U-12,Open,336443,361° MEN TSS,3
031,031 - Al Mousa Tabuk - MAATC,031-U-12,Open,336475,361° MEN TSU,1
031,031 - Al Mousa Tabuk - MAATC,031-U-12,Open,336476,361° MEN TSU,1
031,031 - Al Mousa Tabuk - MAATC,031-U-12,Open,336479,361° MEN TSU,3
031,031 - Al Mousa Tabuk - MAATC,031-U-16,Closed,336023,361° MEN SHO,1
031,031 - Al Mousa Tabuk - MAATC,031-U-16,Closed,336024,361° MEN SHO,2
031,031 - Al Mousa Tabuk - MAATC,031-U-16,Closed,336025,361° MEN SHO,3
031,031 - Al Mousa Tabuk - MAATC,031-U-16,Closed,336026,361° MEN SHO,3
031,031 - Al Mousa Tabuk - MAATC,031-U-16,Closed,336027,361° MEN SHO,3
031,031 - Al Mousa Tabuk - MAATC,031-U-17,Closed,336018,361° MEN SHO,1
031,031 - Al Mousa Tabuk - MAATC,031-U-17,Closed,336019,361° MEN SHO,2
031,031 - Al Mousa Tabuk - MAATC,031-U-17,Closed,336020,361° MEN SHO,3
031,031 - Al Mousa Tabuk - MAATC,031-U-17,Closed,336021,361° MEN SHO,3
031,031 - Al Mousa Tabuk - MAATC,031-U-17,Closed,336022,361° MEN SHO,3
031,031 - Al Mousa Tabuk - MAATC,031-U-18,Closed,336028,361° MEN SHO,1
031,031 - Al Mousa Tabuk - MAATC,031-U-18,Closed,336029,361° MEN SHO,2
031,031 - Al Mousa Tabuk - MAATC,031-U-18,Closed,336030,361° MEN SHO,3
031,031 - Al Mousa Tabuk - MAATC,031-U-18,Closed,336031,361° MEN SHO,3
031,031 - Al Mousa Tabuk - MAATC,031-U-18,Closed,336032,361° MEN SHO,3
031,031 - Al Mousa Tabuk - MAATC,031-U-19,Closed,336126,361° MEN TSS,2
031,031 - Al Mousa Tabuk - MAATC,031-U-19,Closed,336131,361° MEN TSS,3
031,031 - Al Mousa Tabuk - MAATC,031-U-19,Closed,336172,361° MEN TSS,2
031,031 - Al Mousa Tabuk - MAATC,031-U-19,Closed,336175,361° MEN TSS,1
031,031 - Al Mousa Tabuk - MAATC,031-U-19,Closed,336222,361° MEN SRT,2
031,031 - Al Mousa Tabuk - MAATC,031-U-19,Closed,336240,361° MEN SRT,2
031,031 - Al Mousa Tabuk - MAATC,031-U-19,Closed,336243,361° MEN SRT,1
031,031 - Al Mousa Tabuk - MAATC,031-U-19,Closed,336245,361° MEN SRT,3
031,031 - Al Mousa Tabuk - MAATC,031-U-19,Closed,336246,361° MEN SRT,2
031,031 - Al Mousa Tabuk - MAATC,031-U-19,Closed,336250,361° MEN SRT,2
031,031 - Al Mousa Tabuk - MAATC,031-U-19,Closed,336252,361° MEN SRT,2
031,031 - Al Mousa Tabuk - MAATC,031-U-19,Closed,336253,361° MEN SRT,1
031,031 - Al Mousa Tabuk - MAATC,031-U-19,Closed,336263,361° MEN TSU,3
031,031 - Al Mousa Tabuk - MAATC,031-U-19,Closed,336277,361° MEN TSU,1
031,031 - Al Mousa Tabuk - MAATC,031-U-19,Closed,336315,361° MEN TSS,1
031,031 - Al Mousa Tabuk - MAATC,031-U-19,Closed,336317,361° MEN TSS,3
031,031 - Al Mousa Tabuk - MAATC,031-U-19,Closed,336328,361° MEN CPR,2
031,031 - Al Mousa Tabuk - MAATC,031-U-19,Closed,336335,361° MEN SRT,3
031,031 - Al Mousa Tabuk - MAATC,031-U-19,Closed,336449,361° MEN TSU,3
031,031 - Al Mousa Tabuk - MAATC,031-U-19,Closed,336456,361° MEN TSU,2
031,031 - Al Mousa Tabuk - MAATC,031-U-19,Closed,336457,361° MEN TSU,1
031,031 - Al Mousa Tabuk - MAATC,031-U-19,Closed,336473,361° MEN TSU,3
031,031 - Al Mousa Tabuk - MAATC,031-U-19,Closed,336480,361° MEN TSU,2
031,031 - Al Mousa Tabuk - MAATC,031-U-21,Closed,336008,361° MEN SRT,3
031,031 - Al Mousa Tabuk - MAATC,031-U-21,Closed,336014,361° MEN SRT,3
031,031 - Al Mousa Tabuk - MAATC,031-U-21,Closed,336015,361° MEN SRT,2
031,031 - Al Mousa Tabuk - MAATC,031-U-21,Closed,336137,361° MEN SRT,3
031,031 - Al Mousa Tabuk - MAATC,031-U-21,Closed,336139,361° MEN SRT,1
031,031 - Al Mousa Tabuk - MAATC,031-U-21,Closed,336199,361° MEN TSS,1
031,031 - Al Mousa Tabuk - MAATC,031-U-21,Closed,336201,361° MEN TSS,1
031,031 - Al Mousa Tabuk - MAATC,031-U-21,Closed,336207,361° MEN TSS,1
031,031 - Al Mousa Tabuk - MAATC,031-U-21,Closed,336210,361° MEN TSS,1
031,031 - Al Mousa Tabuk - MAATC,031-U-21,Closed,336238,361° MEN SRT,2
031,031 - Al Mousa Tabuk - MAATC,031-U-21,Closed,336271,361° MEN TSU,1
031,031 - Al Mousa Tabuk - MAATC,031-U-21,Closed,336288,361° MEN TSS,2
031,031 - Al Mousa Tabuk - MAATC,031-U-21,Closed,336309,361° MEN TSS,1
031,031 - Al Mousa Tabuk - MAATC,031-U-21,Closed,336310,361° MEN TSS,2
031,031 - Al Mousa Tabuk - MAATC,031-U-21,Closed,336312,361° MEN TSS,2
031,031 - Al Mousa Tabuk - MAATC,031-U-21,Closed,336314,361° MEN TSS,1
031,031 - Al Mousa Tabuk - MAATC,031-U-21,Closed,336319,361° MEN TSS,1
031,031 - Al Mousa Tabuk - MAATC,031-U-21,Closed,336320,361° MEN TSS,1
031,031 - Al Mousa Tabuk - MAATC,031-U-21,Closed,336366,361° MEN TSS,2
031,031 - Al Mousa Tabuk - MAATC,031-U-21,Closed,336399,361° MEN TSS,1
031,031 - Al Mousa Tabuk - MAATC,031-U-21,Closed,336404,361° MEN TSS,1
031,031 - Al Mousa Tabuk - MAATC,031-U-21,Closed,336409,361° MEN TSS,1
031,031 - Al Mousa Tabuk - MAATC,031-U-21,Closed,336427,361° MEN PTK,1
031,031 - Al Mousa Tabuk - MAATC,031-U-21,Closed,336431,361° MEN PTK,3
031,031 - Al Mousa Tabuk - MAATC,031-U-21,Closed,336435,361° MEN TSS,1
031,031 - Al Mousa Tabuk - MAATC,031-U-21,Closed,336437,361° MEN TSS,3
031,031 - Al Mousa Tabuk - MAATC,031-U-21,Closed,336439,361° MEN TSS,1
031,031 - Al Mousa Tabuk - MAATC,031-U-22,Closed,336121,361° MEN TSU,1
031,031 - Al Mousa Tabuk - MAATC,031-U-22,Closed,336136,361° MEN SRT,2
031,031 - Al Mousa Tabuk - MAATC,031-U-22,Closed,336150,361° MEN TSS,2
031,031 - Al Mousa Tabuk - MAATC,031-U-22,Closed,336159,361° MEN TSS,1
031,031 - Al Mousa Tabuk - MAATC,031-U-22,Closed,336179,361° MEN TSS,3
031,031 - Al Mousa Tabuk - MAATC,031-U-22,Closed,336192,361° MEN TSS,2
031,031 - Al Mousa Tabuk - MAATC,031-U-22,Closed,336262,361° MEN TSU,2
031,031 - Al Mousa Tabuk - MAATC,031-U-22,Closed,336327,361° MEN CPR,1
031,031 - Al Mousa Tabuk - MAATC,031-U-22,Closed,336365,361° MEN TSS,3
031,031 - Al Mousa Tabuk - MAATC,031-U-22,Closed,336397,361° MEN TSS,1
031,031 - Al Mousa Tabuk - MAATC,031-U-22,Closed,336455,361° MEN TSU,3
031,031 - Al Mousa Tabuk - MAATC,031-U-6,Closed,336017,361° MEN SRT,1
031,031 - Al Mousa Tabuk - MAATC,031-U-6,Closed,336118,361° MEN TSU,2
031,031 - Al Mousa Tabuk - MAATC,031-U-6,Closed,336142,361° MEN SRT,2
031,031 - Al Mousa Tabuk - MAATC,031-U-6,Closed,336144,361° MEN SRT,2
031,031 - Al Mousa Tabuk - MAATC,031-U-6,Closed,336147,361° MEN TSS,1
031,031 - Al Mousa Tabuk - MAATC,031-U-6,Closed,336200,361° MEN TSS,1
031,031 - Al Mousa Tabuk - MAATC,031-U-6,Closed,336202,361° MEN TSS,2
031,031 - Al Mousa Tabuk - MAATC,031-U-6,Closed,336205,361° MEN TSS,1
031,031 - Al Mousa Tabuk - MAATC,031-U-6,Closed,336211,361° MEN TSS,1
031,031 - Al Mousa Tabuk - MAATC,031-U-6,Closed,336215,361° MEN TSS,3
031,031 - Al Mousa Tabuk - MAATC,031-U-6,Closed,336216,361° MEN TSS,2
031,031 - Al Mousa Tabuk - MAATC,031-U-6,Closed,336220,361° MEN SRT,2
031,031 - Al Mousa Tabuk - MAATC,031-U-6,Closed,336221,361° MEN SRT,3
031,031 - Al Mousa Tabuk - MAATC,031-U-6,Closed,336226,361° MEN SRT,2
031,031 - Al Mousa Tabuk - MAATC,031-U-6,Closed,336229,361° MEN SRT,1
031,031 - Al Mousa Tabuk - MAATC,031-U-6,Closed,336230,361° MEN SRT,1
031,031 - Al Mousa Tabuk - MAATC,031-U-6,Closed,336234,361° MEN SRT,2
031,031 - Al Mousa Tabuk - MAATC,031-U-6,Closed,336235,361° MEN SRT,1
031,031 - Al Mousa Tabuk - MAATC,031-U-6,Closed,336286,361° MEN TSS,2
031,031 - Al Mousa Tabuk - MAATC,031-U-6,Closed,336287,361° MEN TSS,3
031,031 - Al Mousa Tabuk - MAATC,031-U-6,Closed,336295,361° MEN TSS,1
031,031 - Al Mousa Tabuk - MAATC,031-U-6,Closed,336304,361° MEN TSS,2
031,031 - Al Mousa Tabuk - MAATC,031-U-6,Closed,336306,361° MEN TSS,2
031,031 - Al Mousa Tabuk - MAATC,031-U-6,Closed,336307,361° MEN TSS,1
031,031 - Al Mousa Tabuk - MAATC,031-U-6,Closed,336308,361° MEN TSS,1
031,031 - Al Mousa Tabuk - MAATC,031-U-6,Closed,336332,361° MEN CPR,1
031,031 - Al Mousa Tabuk - MAATC,031-U-6,Closed,336336,361° MEN SRT,2
031,031 - Al Mousa Tabuk - MAATC,031-U-6,Closed,336340,361° MEN SRT,2
031,031 - Al Mousa Tabuk - MAATC,031-U-6,Closed,336342,361° MEN SRT,2
031,031 - Al Mousa Tabuk - MAATC,031-U-6,Closed,336352,361° MEN TSU,2
031,031 - Al Mousa Tabuk - MAATC,031-U-6,Closed,336358,361° MEN TSS,2
031,031 - Al Mousa Tabuk - MAATC,031-U-6,Closed,336361,361° MEN TSS,1
031,031 - Al Mousa Tabuk - MAATC,031-U-6,Closed,336362,361° MEN TSS,1
031,031 - Al Mousa Tabuk - MAATC,031-U-6,Closed,336389,361° MEN TSS,3
031,031 - Al Mousa Tabuk - MAATC,031-U-6,Closed,336391,361° MEN TSS,1
031,031 - Al Mousa Tabuk - MAATC,031-U-6,Closed,336392,361° MEN TSS,1
031,031 - Al Mousa Tabuk - MAATC,031-U-6,Closed,336398,361° MEN TSS,1
031,031 - Al Mousa Tabuk - MAATC,031-U-6,Closed,336400,361° MEN TSS,2
031,031 - Al Mousa Tabuk - MAATC,031-U-6,Closed,336403,361° MEN TSS,1
031,031 - Al Mousa Tabuk - MAATC,031-U-6,Closed,336405,361° MEN TSS,1
031,031 - Al Mousa Tabuk - MAATC,031-U-6,Closed,336406,361° MEN TSS,2
031,031 - Al Mousa Tabuk - MAATC,031-U-6,Closed,336410,361° MEN TSS,1
031,031 - Al Mousa Tabuk - MAATC,031-U-6,Closed,336422,361° MEN PTK,1
031,031 - Al Mousa Tabuk - MAATC,031-U-6,Closed,336423,361° MEN PTK,1
031,031 - Al Mousa Tabuk - MAATC,031-U-6,Closed,336430,361° MEN PTK,2
031,031 - Al Mousa Tabuk - MAATC,031-U-6,Closed,336433,361° MEN PTK,1
031,031 - Al Mousa Tabuk - MAATC,031-U-6,Closed,336442,361° MEN TSS,2
031,031 - Al Mousa Tabuk - MAATC,031-U-6,Closed,336454,361° MEN TSU,2
031,031 - Al Mousa Tabuk - MAATC,031-U-6,Closed,336463,361° MEN TSS,1
031,031 - Al Mousa Tabuk - MAATC,031-U-6,Closed,336465,361° MEN TSS,1
031,031 - Al Mousa Tabuk - MAATC,031-U-6,Closed,336466,361° MEN TSS,2
031,031 - Al Mousa Tabuk - MAATC,031-U-6,Closed,336469,361° MEN TSS,1
031,031 - Al Mousa Tabuk - MAATC,031-U-6,Closed,336472,361° MEN TSU,2
031,031 - Al Mousa Tabuk - MAATC,031-U-7,Closed,336007,361° MEN SRT,3
031,031 - Al Mousa Tabuk - MAATC,031-U-7,Closed,336010,361° MEN SRT,1
031,031 - Al Mousa Tabuk - MAATC,031-U-7,Closed,336011,361° MEN SRT,1
031,031 - Al Mousa Tabuk - MAATC,031-U-7,Closed,336156,361° MEN TSS,2
031,031 - Al Mousa Tabuk - MAATC,031-U-7,Closed,336158,361° MEN TSS,1
031,031 - Al Mousa Tabuk - MAATC,031-U-7,Closed,336160,361° MEN TSS,2
031,031 - Al Mousa Tabuk - MAATC,031-U-7,Closed,336172,361° MEN TSS,2
031,031 - Al Mousa Tabuk - MAATC,031-U-7,Closed,336176,361° MEN TSS,1
031,031 - Al Mousa Tabuk - MAATC,031-U-7,Closed,336178,361° MEN TSS,2
031,031 - Al Mousa Tabuk - MAATC,031-U-7,Closed,336183,361° MEN TSS,1
031,031 - Al Mousa Tabuk - MAATC,031-U-7,Closed,336188,361° MEN TSS,1
031,031 - Al Mousa Tabuk - MAATC,031-U-7,Closed,336190,361° MEN TSS,2
031,031 - Al Mousa Tabuk - MAATC,031-U-7,Closed,336191,361° MEN TSS,3
031,031 - Al Mousa Tabuk - MAATC,031-U-7,Closed,336193,361° MEN TSS,1
031,031 - Al Mousa Tabuk - MAATC,031-U-7,Closed,336194,361° MEN TSS,1
031,031 - Al Mousa Tabuk - MAATC,031-U-7,Closed,336196,361° MEN TSS,2
031,031 - Al Mousa Tabuk - MAATC,031-U-7,Closed,336198,361° MEN TSS,1
031,031 - Al Mousa Tabuk - MAATC,031-U-7,Closed,336204,361° MEN TSS,2
031,031 - Al Mousa Tabuk - MAATC,031-U-7,Closed,336206,361° MEN TSS,1
031,031 - Al Mousa Tabuk - MAATC,031-U-7,Closed,336208,361° MEN TSS,2
031,031 - Al Mousa Tabuk - MAATC,031-U-7,Closed,336214,361° MEN TSS,2
031,031 - Al Mousa Tabuk - MAATC,031-U-7,Closed,336224,361° MEN SRT,1
031,031 - Al Mousa Tabuk - MAATC,031-U-7,Closed,336244,361° MEN SRT,2
031,031 - Al Mousa Tabuk - MAATC,031-U-7,Closed,336258,361° MEN TSU,2
031,031 - Al Mousa Tabuk - MAATC,031-U-7,Closed,336291,361° MEN TSS,1
031,031 - Al Mousa Tabuk - MAATC,031-U-7,Closed,336303,361° MEN TSS,1
031,031 - Al Mousa Tabuk - MAATC,031-U-7,Closed,336305,361° MEN TSS,3
031,031 - Al Mousa Tabuk - MAATC,031-U-7,Closed,336318,361° MEN TSS,2
031,031 - Al Mousa Tabuk - MAATC,031-U-7,Closed,336323,361° MEN CPR,3
031,031 - Al Mousa Tabuk - MAATC,031-U-7,Closed,336329,361° MEN CPR,3
031,031 - Al Mousa Tabuk - MAATC,031-U-7,Closed,336347,361° MEN TSU,3
031,031 - Al Mousa Tabuk - MAATC,031-U-7,Closed,336348,361° MEN TSU,1
031,031 - Al Mousa Tabuk - MAATC,031-U-7,Closed,336351,361° MEN TSU,1
031,031 - Al Mousa Tabuk - MAATC,031-U-7,Closed,336353,361° MEN TSU,3
031,031 - Al Mousa Tabuk - MAATC,031-U-7,Closed,336402,361° MEN TSS,2
031,031 - Al Mousa Tabuk - MAATC,031-U-7,Closed,336407,361° MEN TSS,3
031,031 - Al Mousa Tabuk - MAATC,031-U-7,Closed,336408,361° MEN TSS,2
031,031 - Al Mousa Tabuk - MAATC,031-U-7,Closed,336412,361° MEN PTK,1
031,031 - Al Mousa Tabuk - MAATC,031-U-7,Closed,336414,361° MEN PTK,2
031,031 - Al Mousa Tabuk - MAATC,031-U-7,Closed,336426,361° MEN PTK,2
031,031 - Al Mousa Tabuk - MAATC,031-U-7,Closed,336432,361° MEN PTK,2
031,031 - Al Mousa Tabuk - MAATC,031-U-7,Closed,336438,361° MEN TSS,2
031,031 - Al Mousa Tabuk - MAATC,031-U-7,Closed,336444,361° MEN TSS,2
031,031 - Al Mousa Tabuk - MAATC,031-U-7,Closed,336460,361° MEN TSS,2
031,031 - Al Mousa Tabuk - MAATC,031-U-7,Closed,336464,361° MEN TSS,1
031,031 - Al Mousa Tabuk - MAATC,031-U-7,Closed,336468,361° MEN TSS,2
031,031 - Al Mousa Tabuk - MAATC,031-U-7,Closed,336482,361° MEN TSU,1
031,031 - Al Mousa Tabuk - MAATC,031-U-8,Closed,336009,361° MEN SRT,2
031,031 - Al Mousa Tabuk - MAATC,031-U-8,Closed,336013,361° MEN SRT,3
031,031 - Al Mousa Tabuk - MAATC,031-U-8,Closed,336016,361° MEN SRT,1
031,031 - Al Mousa Tabuk - MAATC,031-U-8,Closed,336111,361° MEN TSU,1
031,031 - Al Mousa Tabuk - MAATC,031-U-8,Closed,336112,361° MEN TSU,2
031,031 - Al Mousa Tabuk - MAATC,031-U-8,Closed,336114,361° MEN TSU,2
031,031 - Al Mousa Tabuk - MAATC,031-U-8,Closed,336115,361° MEN TSU,1
031,031 - Al Mousa Tabuk - MAATC,031-U-8,Closed,336117,361° MEN TSU,1
031,031 - Al Mousa Tabuk - MAATC,031-U-8,Closed,336120,361° MEN TSU,2
031,031 - Al Mousa Tabuk - MAATC,031-U-8,Closed,336177,361° MEN TSS,1
031,031 - Al Mousa Tabuk - MAATC,031-U-8,Closed,336195,361° MEN TSS,1
031,031 - Al Mousa Tabuk - MAATC,031-U-8,Closed,336198,361° MEN TSS,1
031,031 - Al Mousa Tabuk - MAATC,031-U-8,Closed,336223,361° MEN SRT,1
031,031 - Al Mousa Tabuk - MAATC,031-U-8,Closed,336251,361° MEN SRT,3
031,031 - Al Mousa Tabuk - MAATC,031-U-8,Closed,336257,361° MEN TSU,3
031,031 - Al Mousa Tabuk - MAATC,031-U-8,Closed,336282,361° MEN TSS,2
031,031 - Al Mousa Tabuk - MAATC,031-U-8,Closed,336284,361° MEN TSS,1
031,031 - Al Mousa Tabuk - MAATC,031-U-8,Closed,336292,361° MEN TSS,2
031,031 - Al Mousa Tabuk - MAATC,031-U-8,Closed,336293,361° MEN TSS,3
031,031 - Al Mousa Tabuk - MAATC,031-U-8,Closed,336296,361° MEN TSS,1
031,031 - Al Mousa Tabuk - MAATC,031-U-8,Closed,336297,361° MEN TSS,1
031,031 - Al Mousa Tabuk - MAATC,031-U-8,Closed,336299,361° MEN TSS,3
031,031 - Al Mousa Tabuk - MAATC,031-U-8,Closed,336302,361° MEN TSS,1
031,031 - Al Mousa Tabuk - MAATC,031-U-8,Closed,336345,361° MEN TSU,1
031,031 - Al Mousa Tabuk - MAATC,031-U-8,Closed,336349,361° MEN TSU,1
031,031 - Al Mousa Tabuk - MAATC,031-U-8,Closed,336412,361° MEN PTK,1
031,031 - Al Mousa Tabuk - MAATC,031-U-8,Closed,336413,361° MEN PTK,3
031,031 - Al Mousa Tabuk - MAATC,031-U-8,Closed,336416,361° MEN PTK,1
031,031 - Al Mousa Tabuk - MAATC,031-U-8,Closed,336448,361° MEN TSU,2
031,031 - Al Mousa Tabuk - MAATC,031-U-8,Closed,336467,361° MEN TSS,3
033,033 - Sample Location - MAATC,033SAMPLE,Closed,336612,361° MEN SHO,1
033,033 - Sample Location - MAATC,033SAMPLE,Closed,336625,361° MEN SHO,1
033,033 - Sample Location - MAATC,033SAMPLE,Closed,336637,361° MEN SHO,1
033,033 - Sample Location - MAATC,033SAMPLE,Closed,336652,361° MEN SHO,1
033,033 - Sample Location - MAATC,033SAMPLE,Closed,336668,361° MEN SHO,1
033,033 - Sample Location - MAATC,033SAMPLE-02,Closed,336033,361° USX BPK,1
033,033 - Sample Location - MAATC,033SAMPLE-02,Closed,336034,361° USX BPK,1
033,033 - Sample Location - MAATC,033SAMPLE-02,Closed,336035,361° USX WST,1
033,033 - Sample Location - MAATC,033SAMPLE-02,Closed,336036,361° USX BPK,1
033,033 - Sample Location - MAATC,033SAMPLE-02,Closed,336037,361° USX BPK,1
033,033 - Sample Location - MAATC,033SAMPLE-02,Closed,336038,361° USX CAP,1
033,033 - Sample Location - MAATC,033SAMPLE-02,Closed,336039,361° USX CAP,1
033,033 - Sample Location - MAATC,033SAMPLE-02,Closed,336040,361° USX CAP,1
033,033 - Sample Location - MAATC,033SAMPLE-02,Closed,336041,361° USX CAP,1
033,033 - Sample Location - MAATC,033SAMPLE-02,Closed,336042,361° USX CAP,1
033,033 - Sample Location - MAATC,033SAMPLE-02,Closed,336043,361° USX CAP,1
033,033 - Sample Location - MAATC,033SAMPLE-02,Closed,336044,361° USX CAP,1
033,033 - Sample Location - MAATC,033SAMPLE-02,Closed,336045,361° USX CAP,1
033,033 - Sample Location - MAATC,033SAMPLE-02,Closed,336046,361° USX CAP,1
033,033 - Sample Location - MAATC,033SAMPLE-02,Closed,336047,361° USX CAP,1
033,033 - Sample Location - MAATC,033SAMPLE-02,Closed,336048,361° MEN SCK,1
033,033 - Sample Location - MAATC,033SAMPLE-02,Closed,336049,361° MEN SCK,1
033,033 - Sample Location - MAATC,033SAMPLE-02,Closed,336050,361° MEN SCK,1
033,033 - Sample Location - MAATC,033SAMPLE-02,Closed,336051,361° MEN SCK,1
033,033 - Sample Location - MAATC,033SAMPLE-02,Closed,336052,361° MEN SCK,1
033,033 - Sample Location - MAATC,033SAMPLE-02,Closed,336054,361° MEN SCK,1
033,033 - Sample Location - MAATC,033SAMPLE-02,Closed,336055,361° MEN SCK,1
033,033 - Sample Location - MAATC,033SAMPLE-02,Closed,336056,361° MEN SCK,1
033,033 - Sample Location - MAATC,033SAMPLE-02,Closed,336061,361° USX SCK,1
033,033 - Sample Location - MAATC,033SAMPLE-02,Closed,336064,361° USX SCK,1
033,033 - Sample Location - MAATC,033SAMPLE-02,Closed,336067,361° USX SCK,1
033,033 - Sample Location - MAATC,033SAMPLE-02,Closed,336070,361° USX SCK,1
033,033 - Sample Location - MAATC,033SAMPLE-02,Closed,336073,361° USX SCK,1
033,033 - Sample Location - MAATC,033SAMPLE-02,Closed,336078,361° USX INS,1
033,033 - Sample Location - MAATC,033SAMPLE-03,Closed,336007,361° MEN SRT,1
033,033 - Sample Location - MAATC,033SAMPLE-03,Closed,336013,361° MEN SRT,1
033,033 - Sample Location - MAATC,033SAMPLE-03,Closed,336082,361° MEN WST,1
033,033 - Sample Location - MAATC,033SAMPLE-03,Closed,336088,361° MEN WST,1
033,033 - Sample Location - MAATC,033SAMPLE-03,Closed,336094,361° MEN WST,1
033,033 - Sample Location - MAATC,033SAMPLE-03,Closed,336106,361° MEN JCK,1
033,033 - Sample Location - MAATC,033SAMPLE-03,Closed,336112,361° MEN TSU,1
033,033 - Sample Location - MAATC,033SAMPLE-03,Closed,336118,361° MEN TSU,1
033,033 - Sample Location - MAATC,033SAMPLE-03,Closed,336142,361° MEN SRT,1
033,033 - Sample Location - MAATC,033SAMPLE-03,Closed,336160,361° MEN TSS,1
033,033 - Sample Location - MAATC,033SAMPLE-03,Closed,336172,361° MEN TSS,1
033,033 - Sample Location - MAATC,033SAMPLE-03,Closed,336178,361° MEN TSS,1
033,033 - Sample Location - MAATC,033SAMPLE-03,Closed,336190,361° MEN TSS,1
033,033 - Sample Location - MAATC,033SAMPLE-03,Closed,336196,361° MEN TSS,1
033,033 - Sample Location - MAATC,033SAMPLE-03,Closed,336202,361° MEN TSS,1
033,033 - Sample Location - MAATC,033SAMPLE-03,Closed,336208,361° MEN TSS,1
033,033 - Sample Location - MAATC,033SAMPLE-03,Closed,336214,361° MEN TSS,1
033,033 - Sample Location - MAATC,033SAMPLE-03,Closed,336220,361° MEN SRT,1
033,033 - Sample Location - MAATC,033SAMPLE-03,Closed,336226,361° MEN SRT,1
033,033 - Sample Location - MAATC,033SAMPLE-03,Closed,336238,361° MEN SRT,1
033,033 - Sample Location - MAATC,033SAMPLE-03,Closed,336244,361° MEN SRT,1
033,033 - Sample Location - MAATC,033SAMPLE-03,Closed,336250,361° MEN SRT,1
033,033 - Sample Location - MAATC,033SAMPLE-03,Closed,336268,361° MEN TSU,1
033,033 - Sample Location - MAATC,033SAMPLE-03,Closed,336286,361° MEN TSS,1
033,033 - Sample Location - MAATC,033SAMPLE-03,Closed,336292,361° MEN TSS,1
033,033 - Sample Location - MAATC,033SAMPLE-03,Closed,336304,361° MEN TSS,1
033,033 - Sample Location - MAATC,033SAMPLE-03,Closed,336340,361° MEN SRT,1
033,033 - Sample Location - MAATC,033SAMPLE-03,Closed,336352,361° MEN TSU,1
033,033 - Sample Location - MAATC,033SAMPLE-03,Closed,336358,361° MEN TSS,1
033,033 - Sample Location - MAATC,033SAMPLE-03,Closed,336376,361° MEN SHS,1
033,033 - Sample Location - MAATC,033SAMPLE-03,Closed,336382,361° MEN SRT,1
033,033 - Sample Location - MAATC,033SAMPLE-03,Closed,336400,361° MEN TSS,1
033,033 - Sample Location - MAATC,033SAMPLE-03,Closed,336406,361° MEN TSS,1
033,033 - Sample Location - MAATC,033SAMPLE-03,Closed,336412,361° MEN PTK,1
033,033 - Sample Location - MAATC,033SAMPLE-03,Closed,336424,361° MEN PTK,1
033,033 - Sample Location - MAATC,033SAMPLE-03,Closed,336430,361° MEN PTK,1
033,033 - Sample Location - MAATC,033SAMPLE-03,Closed,336448,361° MEN TSU,1
033,033 - Sample Location - MAATC,033SAMPLE-03,Closed,336454,361° MEN TSU,1
033,033 - Sample Location - MAATC,033SAMPLE-03,Closed,336460,361° MEN TSS,1
033,033 - Sample Location - MAATC,033SAMPLE-03,Closed,336466,361° MEN TSS,1
033,033 - Sample Location - MAATC,033SAMPLE-03,Closed,336472,361° MEN TSU,1
033,033 - Sample Location - MAATC,033SAMPLE-03,Closed,336485,361° WMN TSU,1
033,033 - Sample Location - MAATC,033SAMPLE-03,Closed,336497,361° WMN TSS,1
033,033 - Sample Location - MAATC,033SAMPLE-03,Closed,336509,361° WMN TSU,1
033,033 - Sample Location - MAATC,033SAMPLE-03,Closed,336527,361° WMN TSS,1
033,033 - Sample Location - MAATC,033SAMPLE-03,Closed,336533,361° WMN TSS,1
033,033 - Sample Location - MAATC,033SAMPLE-03,Closed,336539,361° WMN TSU,1
033,033 - Sample Location - MAATC,033SAMPLE-03,Closed,336551,361° WMN SKR,1
033,033 - Sample Location - MAATC,033SAMPLE-03,Closed,336557,361° WMN TSU,1
033,033 - Sample Location - MAATC,033SAMPLE-03,Closed,336575,361° WMN TSU,1
033,033 - Sample Location - MAATC,033SAMPLE-03,Closed,336581,361° WMN TSU,1
033,033 - Sample Location - MAATC,033SAMPLE12,Open,336130,361° MEN TSS,1
033,033 - Sample Location - MAATC,033SAMPLE12,Open,336370,361° MEN SHS,1
033,033 - Sample Location - MAATC,033SAMPLE12,Open,336442,361° MEN TSS,1
033,033 - Sample Location - MAATC,033SAMPLE19,Closed,336148,361° MEN TSS,1
033,033 - Sample Location - MAATC,033SAMPLE19,Closed,336154,361° MEN TSS,1
033,033 - Sample Location - MAATC,033SAMPLE19,Closed,336256,361° MEN TSU,1
033,033 - Sample Location - MAATC,033SAMPLE19,Closed,336274,361° MEN TSU,1
033,033 - Sample Location - MAATC,033SAMPLE19,Closed,336280,361° MEN TSS,1
033,033 - Sample Location - MAATC,033SAMPLE19,Closed,336322,361° MEN CPR,1
033,033 - Sample Location - MAATC,033SAMPLE19,Closed,336364,361° MEN TSS,1
033,033 - Sample Location - MAATC,033SAMPLE19,Closed,336388,361° MEN TSS,1
033,033 - Sample Location - MAATC,033SAMPLE19,Closed,336478,361° MEN TSU,1
033,033 - Sample Location - MAATC,033SAMPLE19,Closed,336515,361° WMN TSS,1
033,033 - Sample Location - MAATC,033SAMPLE19,Closed,336521,361° WMN TSS,1
033,033 - Sample Location - MAATC,033SAMPLE19,Closed,336545,361° WMN TSU,1
033,033 - Sample Location - MAATC,033SAMPLE19,Closed,336587,361° WMN TSU,1
033,033 - Sample Location - MAATC,033SAPLE-001,Closed,336020,361° MEN SHO,1
033,033 - Sample Location - MAATC,033SAPLE-001,Closed,336025,361° MEN SHO,1
033,033 - Sample Location - MAATC,033SAPLE-001,Closed,336030,361° MEN SHO,1
033,033 - Sample Location - MAATC,033SAPLE-001,Closed,336593,361° MEN SHO,1
033,033 - Sample Location - MAATC,033SAPLE-001,Closed,336599,361° MEN SHO,1
033,033 - Sample Location - MAATC,033SAPLE-001,Closed,336606,361° MEN SHO,1
033,033 - Sample Location - MAATC,033SAPLE-001,Closed,336618,361° MEN SHO,1
033,033 - Sample Location - MAATC,033SAPLE-001,Closed,336632,361° MEN SHO,1
033,033 - Sample Location - MAATC,033SAPLE-001,Closed,336642,361° MEN SHO,1
033,033 - Sample Location - MAATC,033SAPLE-001,Closed,336647,361° MEN SHO,1
033,033 - Sample Location - MAATC,033SAPLE-001,Closed,336658,361° MEN SHO,1
033,033 - Sample Location - MAATC,033SAPLE-001,Closed,336663,361° MEN SHO,1
033,033 - Sample Location - MAATC,033SAPLE-001,Closed,336673,361° MEN SHO,1
033,033 - Sample Location - MAATC,033SAPLE-001,Closed,336680,361° WMN SHO,1
033,033 - Sample Location - MAATC,033SAPLE-001,Closed,336685,361° WMN SHO,1
033,033 - Sample Location - MAATC,033SAPLE-001,Closed,336690,361° WMN SHO,1
033,033 - Sample Location - MAATC,033SAPLE-001,Closed,336696,361° WMN SHO,1
033,033 - Sample Location - MAATC,033SAPLE-001,Closed,336701,361° WMN SHO,1
033,033 - Sample Location - MAATC,033SAPLE-001,Closed,336706,361° WMN SHO,1
033,033 - Sample Location - MAATC,033SAPLE-001,Closed,336712,361° WMN SHO,1
033,033 - Sample Location - MAATC,033SAPLE-001,Closed,336717,361° WMN SHO,1
033,033 - Sample Location - MAATC,033SMAPLE7,Closed,336100,361° MEN JCK,1
033,033 - Sample Location - MAATC,033SMAPLE7,Closed,336136,361° MEN SRT,1
033,033 - Sample Location - MAATC,033SMAPLE7,Closed,336262,361° MEN TSU,1
033,033 - Sample Location - MAATC,033SMAPLE7,Closed,336310,361° MEN TSS,1
033,033 - Sample Location - MAATC,033SMAPLE7,Closed,336328,361° MEN CPR,1
033,033 - Sample Location - MAATC,33SAMPLE26,Closed,336124,361° MEN TSS,1
033,033 - Sample Location - MAATC,33SAMPLE26,Closed,336166,361° MEN TSS,1
033,033 - Sample Location - MAATC,33SAMPLE26,Closed,336184,361° MEN TSS,1
033,033 - Sample Location - MAATC,33SAMPLE26,Closed,336232,361° MEN SRT,1
033,033 - Sample Location - MAATC,33SAMPLE26,Closed,336298,361° MEN TSS,1
033,033 - Sample Location - MAATC,33SAMPLE26,Closed,336316,361° MEN TSS,1
033,033 - Sample Location - MAATC,33SAMPLE26,Closed,336334,361° MEN SRT,1
033,033 - Sample Location - MAATC,33SAMPLE26,Closed,336346,361° MEN TSU,1
033,033 - Sample Location - MAATC,33SAMPLE26,Closed,336394,361° MEN TSS,1
033,033 - Sample Location - MAATC,33SAMPLE26,Closed,336436,361° MEN TSS,1
033,033 - Sample Location - MAATC,33SAMPLE26,Closed,336491,361° WMN TSS,1
033,033 - Sample Location - MAATC,33SAMPLE26,Closed,336503,361° WMN TSU,1
033,033 - Sample Location - MAATC,33SAMPLE26,Closed,336569,361° WMN TSU,1
034,034 - Lacaly Jeddah - MAATC,034-A-01,Closed,336151,361° MEN TSS,1
034,034 - Lacaly Jeddah - MAATC,034-A-01,Closed,336185,361° MEN TSS,3
034,034 - Lacaly Jeddah - MAATC,034-A-01,Closed,336264,361° MEN TSU,2
034,034 - Lacaly Jeddah - MAATC,034-A-01,Closed,336474,361° MEN TSU,2
034,034 - Lacaly Jeddah - MAATC,034-A-02,Closed,336116,361° MEN TSU,1
034,034 - Lacaly Jeddah - MAATC,034-A-02,Closed,336122,361° MEN TSU,1
034,034 - Lacaly Jeddah - MAATC,034-A-02,Closed,336123,361° MEN TSS,1
034,034 - Lacaly Jeddah - MAATC,034-A-02,Closed,336131,361° MEN TSS,2
034,034 - Lacaly Jeddah - MAATC,034-A-02,Closed,336153,361° MEN TSS,1
034,034 - Lacaly Jeddah - MAATC,034-A-02,Closed,336154,361° MEN TSS,2
034,034 - Lacaly Jeddah - MAATC,034-A-02,Closed,336155,361° MEN TSS,3
034,034 - Lacaly Jeddah - MAATC,034-A-02,Closed,336157,361° MEN TSS,1
034,034 - Lacaly Jeddah - MAATC,034-A-02,Closed,336171,361° MEN TSS,1
034,034 - Lacaly Jeddah - MAATC,034-A-02,Closed,336174,361° MEN TSS,2
034,034 - Lacaly Jeddah - MAATC,034-A-02,Closed,336182,361° MEN TSS,1
034,034 - Lacaly Jeddah - MAATC,034-A-02,Closed,336267,361° MEN TSU,1
034,034 - Lacaly Jeddah - MAATC,034-A-02,Closed,336270,361° MEN TSU,2
034,034 - Lacaly Jeddah - MAATC,034-A-02,Closed,336272,361° MEN TSU,1
034,034 - Lacaly Jeddah - MAATC,034-A-02,Closed,336273,361° MEN TSU,1
034,034 - Lacaly Jeddah - MAATC,034-A-02,Closed,336274,361° MEN TSU,2
034,034 - Lacaly Jeddah - MAATC,034-A-02,Closed,336278,361° MEN TSU,1
034,034 - Lacaly Jeddah - MAATC,034-A-02,Closed,336280,361° MEN TSS,2
034,034 - Lacaly Jeddah - MAATC,034-A-02,Closed,336281,361° MEN TSS,3
034,034 - Lacaly Jeddah - MAATC,034-A-02,Closed,336285,361° MEN TSS,1
034,034 - Lacaly Jeddah - MAATC,034-A-02,Closed,336289,361° MEN TSS,1
034,034 - Lacaly Jeddah - MAATC,034-A-02,Closed,336324,361° MEN CPR,2
034,034 - Lacaly Jeddah - MAATC,034-A-02,Closed,336325,361° MEN CPR,1
034,034 - Lacaly Jeddah - MAATC,034-A-02,Closed,336326,361° MEN CPR,1
034,034 - Lacaly Jeddah - MAATC,034-A-02,Closed,336355,361° MEN TSU,1
034,034 - Lacaly Jeddah - MAATC,034-A-02,Closed,336419,361° MEN PTK,3
034,034 - Lacaly Jeddah - MAATC,034-A-02,Closed,336420,361° MEN PTK,2
034,034 - Lacaly Jeddah - MAATC,034-A-02,Closed,336424,361° MEN PTK,2
034,034 - Lacaly Jeddah - MAATC,034-A-02,Closed,336429,361° MEN PTK,1
034,034 - Lacaly Jeddah - MAATC,034-A-02,Closed,336436,361° MEN TSS,2
034,034 - Lacaly Jeddah - MAATC,034-A-02,Closed,336440,361° MEN TSS,1
034,034 - Lacaly Jeddah - MAATC,034-A-02,Closed,336441,361° MEN TSS,1
034,034 - Lacaly Jeddah - MAATC,034-A-02,Closed,336445,361° MEN TSS,1
034,034 - Lacaly Jeddah - MAATC,034-A-02,Closed,336446,361° MEN TSS,1
034,034 - Lacaly Jeddah - MAATC,034-A-02,Closed,336453,361° MEN TSU,1
034,034 - Lacaly Jeddah - MAATC,034-A-02,Closed,336462,361° MEN TSS,2
034,034 - Lacaly Jeddah - MAATC,034-A-02,Closed,336504,361° WMN TSU,2
034,034 - Lacaly Jeddah - MAATC,034-A-02,Closed,336511,361° WMN TSU,1
034,034 - Lacaly Jeddah - MAATC,034-A-02,Closed,336514,361° WMN TSS,2
034,034 - Lacaly Jeddah - MAATC,034-A-02,Closed,336515,361° WMN TSS,3
034,034 - Lacaly Jeddah - MAATC,034-A-02,Closed,336517,361° WMN TSS,1
034,034 - Lacaly Jeddah - MAATC,034-A-02,Closed,336521,361° WMN TSS,3
034,034 - Lacaly Jeddah - MAATC,034-A-02,Closed,336524,361° WMN TSS,1
034,034 - Lacaly Jeddah - MAATC,034-A-02,Closed,336537,361° WMN TSU,1
034,034 - Lacaly Jeddah - MAATC,034-A-02,Closed,336545,361° WMN TSU,3
034,034 - Lacaly Jeddah - MAATC,034-A-02,Closed,336582,361° WMN TSU,2
034,034 - Lacaly Jeddah - MAATC,034-A-02,Closed,336583,361° WMN TSU,1
034,034 - Lacaly Jeddah - MAATC,034-A-02,Closed,336587,361° WMN TSU,3
034,034 - Lacaly Jeddah - MAATC,034-A-02,Closed,336589,361° WMN TSU,1
034,034 - Lacaly Jeddah - MAATC,034-A-03,Closed,336098,361° MEN WST,1
034,034 - Lacaly Jeddah - MAATC,034-A-03,Closed,336125,361° MEN TSS,3
034,034 - Lacaly Jeddah - MAATC,034-A-03,Closed,336135,361° MEN SRT,1
034,034 - Lacaly Jeddah - MAATC,034-A-03,Closed,336140,361° MEN SRT,1
034,034 - Lacaly Jeddah - MAATC,034-A-03,Closed,336141,361° MEN SRT,1
034,034 - Lacaly Jeddah - MAATC,034-A-03,Closed,336148,361° MEN TSS,2
034,034 - Lacaly Jeddah - MAATC,034-A-03,Closed,336149,361° MEN TSS,3
034,034 - Lacaly Jeddah - MAATC,034-A-03,Closed,336167,361° MEN TSS,3
034,034 - Lacaly Jeddah - MAATC,034-A-03,Closed,336180,361° MEN TSS,2
034,034 - Lacaly Jeddah - MAATC,034-A-03,Closed,336181,361° MEN TSS,1
034,034 - Lacaly Jeddah - MAATC,034-A-03,Closed,336186,361° MEN TSS,2
034,034 - Lacaly Jeddah - MAATC,034-A-03,Closed,336189,361° MEN TSS,1
034,034 - Lacaly Jeddah - MAATC,034-A-03,Closed,336204,361° MEN TSS,2
034,034 - Lacaly Jeddah - MAATC,034-A-03,Closed,336209,361° MEN TSS,3
034,034 - Lacaly Jeddah - MAATC,034-A-03,Closed,336218,361° MEN TSS,1
034,034 - Lacaly Jeddah - MAATC,034-A-03,Closed,336239,361° MEN SRT,3
034,034 - Lacaly Jeddah - MAATC,034-A-03,Closed,336247,361° MEN SRT,1
034,034 - Lacaly Jeddah - MAATC,034-A-03,Closed,336255,361° MEN TSU,1
034,034 - Lacaly Jeddah - MAATC,034-A-03,Closed,336256,361° MEN TSU,2
034,034 - Lacaly Jeddah - MAATC,034-A-03,Closed,336260,361° MEN TSU,1
034,034 - Lacaly Jeddah - MAATC,034-A-03,Closed,336283,361° MEN TSS,1
034,034 - Lacaly Jeddah - MAATC,034-A-03,Closed,336311,361° MEN TSS,3
034,034 - Lacaly Jeddah - MAATC,034-A-03,Closed,336322,361° MEN CPR,2
034,034 - Lacaly Jeddah - MAATC,034-A-03,Closed,336330,361° MEN CPR,2
034,034 - Lacaly Jeddah - MAATC,034-A-03,Closed,336357,361° MEN TSS,1
034,034 - Lacaly Jeddah - MAATC,034-A-03,Closed,336359,361° MEN TSS,3
034,034 - Lacaly Jeddah - MAATC,034-A-03,Closed,336360,361° MEN TSS,2
034,034 - Lacaly Jeddah - MAATC,034-A-03,Closed,336363,361° MEN TSS,1
034,034 - Lacaly Jeddah - MAATC,034-A-03,Closed,336364,361° MEN TSS,2
034,034 - Lacaly Jeddah - MAATC,034-A-03,Closed,336367,361° MEN TSS,1
034,034 - Lacaly Jeddah - MAATC,034-A-03,Closed,336368,361° MEN TSS,1
034,034 - Lacaly Jeddah - MAATC,034-A-03,Closed,336388,361° MEN TSS,2
034,034 - Lacaly Jeddah - MAATC,034-A-03,Closed,336390,361° MEN TSS,2
034,034 - Lacaly Jeddah - MAATC,034-A-03,Closed,336393,361° MEN TSS,1
034,034 - Lacaly Jeddah - MAATC,034-A-03,Closed,336395,361° MEN TSS,3
034,034 - Lacaly Jeddah - MAATC,034-A-03,Closed,336396,361° MEN TSS,2
034,034 - Lacaly Jeddah - MAATC,034-A-03,Closed,336401,361° MEN TSS,3
034,034 - Lacaly Jeddah - MAATC,034-A-03,Closed,336471,361° MEN TSU,1
034,034 - Lacaly Jeddah - MAATC,034-A-03,Closed,336477,361° MEN TSU,1
034,034 - Lacaly Jeddah - MAATC,034-A-03,Closed,336478,361° MEN TSU,2
034,034 - Lacaly Jeddah - MAATC,034-A-03,Closed,336489,361° WMN TSS,1
034,034 - Lacaly Jeddah - MAATC,034-A-03,Closed,336492,361° WMN TSS,2
034,034 - Lacaly Jeddah - MAATC,034-A-03,Closed,336493,361° WMN TSS,1
034,034 - Lacaly Jeddah - MAATC,034-A-03,Closed,336543,361° WMN TSU,1
034,034 - Lacaly Jeddah - MAATC,034-A-03,Closed,336544,361° WMN TSU,2
034,034 - Lacaly Jeddah - MAATC,034-A-03,Closed,336558,361° WMN TSU,2
034,034 - Lacaly Jeddah - MAATC,034-A-03,Closed,336561,361° WMN TSU,1
034,034 - Lacaly Jeddah - MAATC,034-A-03,Closed,336562,361° WMN TSU,2
034,034 - Lacaly Jeddah - MAATC,034-A-03,Closed,336570,361° WMN TSU,2
034,034 - Lacaly Jeddah - MAATC,034-A-06,Open,336012,361° MEN SRT,1
034,034 - Lacaly Jeddah - MAATC,034-A-06,Open,336143,361° MEN SRT,3
034,034 - Lacaly Jeddah - MAATC,034-J-01,Closed,336102,361° MEN JCK,2
034,034 - Lacaly Jeddah - MAATC,034-J-01,Closed,336104,361° MEN JCK,1
034,034 - Lacaly Jeddah - MAATC,034-J-01,Closed,336113,361° MEN TSU,3
034,034 - Lacaly Jeddah - MAATC,034-J-01,Closed,336132,361° MEN TSS,2
034,034 - Lacaly Jeddah - MAATC,034-J-01,Closed,336138,361° MEN SRT,2
034,034 - Lacaly Jeddah - MAATC,034-J-01,Closed,336161,361° MEN TSS,3
034,034 - Lacaly Jeddah - MAATC,034-J-01,Closed,336162,361° MEN TSS,2
034,034 - Lacaly Jeddah - MAATC,034-J-01,Closed,336169,361° MEN TSS,1
034,034 - Lacaly Jeddah - MAATC,034-J-01,Closed,336170,361° MEN TSS,1
034,034 - Lacaly Jeddah - MAATC,034-J-01,Closed,336173,361° MEN TSS,3
034,034 - Lacaly Jeddah - MAATC,034-J-01,Closed,336197,361° MEN TSS,3
034,034 - Lacaly Jeddah - MAATC,034-J-01,Closed,336203,361° MEN TSS,2
034,034 - Lacaly Jeddah - MAATC,034-J-01,Closed,336208,361° MEN TSS,2
034,034 - Lacaly Jeddah - MAATC,034-J-01,Closed,336210,361° MEN TSS,2
034,034 - Lacaly Jeddah - MAATC,034-J-01,Closed,336212,361° MEN TSS,1
034,034 - Lacaly Jeddah - MAATC,034-J-01,Closed,336213,361° MEN TSS,1
034,034 - Lacaly Jeddah - MAATC,034-J-01,Closed,336217,361° MEN TSS,1
034,034 - Lacaly Jeddah - MAATC,034-J-01,Closed,336225,361° MEN SRT,1
034,034 - Lacaly Jeddah - MAATC,034-J-01,Closed,336227,361° MEN SRT,3
034,034 - Lacaly Jeddah - MAATC,034-J-01,Closed,336228,361° MEN SRT,2
034,034 - Lacaly Jeddah - MAATC,034-J-01,Closed,336233,361° MEN SRT,3
034,034 - Lacaly Jeddah - MAATC,034-J-01,Closed,336236,361° MEN SRT,1
034,034 - Lacaly Jeddah - MAATC,034-J-01,Closed,336259,361° MEN TSU,1
034,034 - Lacaly Jeddah - MAATC,034-J-01,Closed,336266,361° MEN TSU,1
034,034 - Lacaly Jeddah - MAATC,034-J-01,Closed,336300,361° MEN TSS,2
034,034 - Lacaly Jeddah - MAATC,034-J-01,Closed,336321,361° MEN CPR,1
034,034 - Lacaly Jeddah - MAATC,034-J-01,Closed,336331,361° MEN CPR,1
034,034 - Lacaly Jeddah - MAATC,034-J-01,Closed,336337,361° MEN SRT,1
034,034 - Lacaly Jeddah - MAATC,034-J-01,Closed,336338,361° MEN SRT,1
034,034 - Lacaly Jeddah - MAATC,034-J-01,Closed,336343,361° MEN SRT,1
034,034 - Lacaly Jeddah - MAATC,034-J-01,Closed,336344,361° MEN SRT,1
034,034 - Lacaly Jeddah - MAATC,034-J-01,Closed,336373,361° MEN SHS,1
034,034 - Lacaly Jeddah - MAATC,034-J-01,Closed,336378,361° MEN SHS,2
034,034 - Lacaly Jeddah - MAATC,034-J-01,Closed,336381,361° MEN SRT,1
034,034 - Lacaly Jeddah - MAATC,034-J-01,Closed,336383,361° MEN SRT,3
034,034 - Lacaly Jeddah - MAATC,034-J-01,Closed,336387,361° MEN TSS,1
034,034 - Lacaly Jeddah - MAATC,034-J-01,Closed,336447,361° MEN TSU,1
034,034 - Lacaly Jeddah - MAATC,034-J-01,Closed,336459,361° MEN TSS,1
034,034 - Lacaly Jeddah - MAATC,034-J-01,Closed,336461,361° MEN TSS,3
034,034 - Lacaly Jeddah - MAATC,034-J-01,Closed,336501,361° WMN TSU,1
034,034 - Lacaly Jeddah - MAATC,034-J-01,Closed,336530,361° WMN TSS,1
034,034 - Lacaly Jeddah - MAATC,034-J-01,Closed,336538,361° WMN TSU,2
034,034 - Lacaly Jeddah - MAATC,034-J-01,Closed,336541,361° WMN TSU,1
034,034 - Lacaly Jeddah - MAATC,034-J-02,Closed,336091,361° MEN WST,1
034,034 - Lacaly Jeddah - MAATC,034-J-02,Closed,336092,361° MEN WST,1
034,034 - Lacaly Jeddah - MAATC,034-J-02,Closed,336119,361° MEN TSU,3
034,034 - Lacaly Jeddah - MAATC,034-J-02,Closed,336127,361° MEN TSS,1
034,034 - Lacaly Jeddah - MAATC,034-J-02,Closed,336134,361° MEN TSS,1
034,034 - Lacaly Jeddah - MAATC,034-J-02,Closed,336163,361° MEN TSS,1
034,034 - Lacaly Jeddah - MAATC,034-J-02,Closed,336166,361° MEN TSS,2
034,034 - Lacaly Jeddah - MAATC,034-J-02,Closed,336184,361° MEN TSS,2
034,034 - Lacaly Jeddah - MAATC,034-J-02,Closed,336187,361° MEN TSS,1
034,034 - Lacaly Jeddah - MAATC,034-J-02,Closed,336219,361° MEN SRT,1
034,034 - Lacaly Jeddah - MAATC,034-J-02,Closed,336231,361° MEN SRT,1
034,034 - Lacaly Jeddah - MAATC,034-J-02,Closed,336232,361° MEN SRT,2
034,034 - Lacaly Jeddah - MAATC,034-J-02,Closed,336241,361° MEN SRT,1
034,034 - Lacaly Jeddah - MAATC,034-J-02,Closed,336242,361° MEN SRT,1
034,034 - Lacaly Jeddah - MAATC,034-J-02,Closed,336254,361° MEN SRT,1
034,034 - Lacaly Jeddah - MAATC,034-J-02,Closed,336261,361° MEN TSU,1
034,034 - Lacaly Jeddah - MAATC,034-J-02,Closed,336265,361° MEN TSU,1
034,034 - Lacaly Jeddah - MAATC,034-J-02,Closed,336275,361° MEN TSU,3
034,034 - Lacaly Jeddah - MAATC,034-J-02,Closed,336276,361° MEN TSU,2
034,034 - Lacaly Jeddah - MAATC,034-J-02,Closed,336290,361° MEN TSS,1
034,034 - Lacaly Jeddah - MAATC,034-J-02,Closed,336294,361° MEN TSS,2
034,034 - Lacaly Jeddah - MAATC,034-J-02,Closed,336301,361° MEN TSS,1
034,034 - Lacaly Jeddah - MAATC,034-J-02,Closed,336339,361° MEN SRT,1
034,034 - Lacaly Jeddah - MAATC,034-J-02,Closed,336372,361° MEN SHS,2
034,034 - Lacaly Jeddah - MAATC,034-J-02,Closed,336374,361° MEN SHS,1
034,034 - Lacaly Jeddah - MAATC,034-J-02,Closed,336411,361° MEN PTK,1
034,034 - Lacaly Jeddah - MAATC,034-J-02,Closed,336415,361° MEN PTK,1
034,034 - Lacaly Jeddah - MAATC,034-J-02,Closed,336417,361° MEN PTK,1
034,034 - Lacaly Jeddah - MAATC,034-J-02,Closed,336434,361° MEN PTK,1
034,034 - Lacaly Jeddah - MAATC,034-J-02,Closed,336436,361° MEN TSS,1
034,034 - Lacaly Jeddah - MAATC,034-J-02,Closed,336451,361° MEN TSU,1
034,034 - Lacaly Jeddah - MAATC,034-J-02,Closed,336452,361° MEN TSU,1
034,034 - Lacaly Jeddah - MAATC,034-J-02,Closed,336458,361° MEN TSU,1
034,034 - Lacaly Jeddah - MAATC,034-J-02,Closed,336470,361° MEN TSS,1
034,034 - Lacaly Jeddah - MAATC,034-J-02,Closed,336481,361° MEN TSU,1
034,034 - Lacaly Jeddah - MAATC,034-J-02,Closed,336491,361° WMN TSS,3
034,034 - Lacaly Jeddah - MAATC,034-J-02,Closed,336508,361° WMN TSU,2
034,034 - Lacaly Jeddah - MAATC,034-J-02,Closed,336510,361° WMN TSU,2
034,034 - Lacaly Jeddah - MAATC,034-J-02,Closed,336512,361° WMN TSU,1
034,034 - Lacaly Jeddah - MAATC,034-J-02,Closed,336518,361° WMN TSS,1
034,034 - Lacaly Jeddah - MAATC,034-J-02,Closed,336519,361° WMN TSS,1
034,034 - Lacaly Jeddah - MAATC,034-J-02,Closed,336520,361° WMN TSS,2
034,034 - Lacaly Jeddah - MAATC,034-J-02,Closed,336522,361° WMN TSS,2
034,034 - Lacaly Jeddah - MAATC,034-J-02,Closed,336523,361° WMN TSS,1
034,034 - Lacaly Jeddah - MAATC,034-J-02,Closed,336525,361° WMN TSS,1
034,034 - Lacaly Jeddah - MAATC,034-J-02,Closed,336563,361° WMN TSU,3
034,034 - Lacaly Jeddah - MAATC,034-J-02,Closed,336568,361° WMN TSU,2
034,034 - Lacaly Jeddah - MAATC,034-J-02,Closed,336569,361° WMN TSU,3
034,034 - Lacaly Jeddah - MAATC,034-J-02,Closed,336572,361° WMN TSU,1
034,034 - Lacaly Jeddah - MAATC,034-J-02,Closed,336573,361° WMN TSU,1
034,034 - Lacaly Jeddah - MAATC,034-J-02,Closed,336576,361° WMN TSU,2
034,034 - Lacaly Jeddah - MAATC,034-J-02,Closed,336577,361° WMN TSU,1
034,034 - Lacaly Jeddah - MAATC,034-J-02,Closed,336578,361° WMN TSU,1
034,034 - Lacaly Jeddah - MAATC,034-J-03,Closed,336008,361° MEN SRT,3
034,034 - Lacaly Jeddah - MAATC,034-J-03,Closed,336014,361° MEN SRT,3
034,034 - Lacaly Jeddah - MAATC,034-J-03,Closed,336015,361° MEN SRT,2
034,034 - Lacaly Jeddah - MAATC,034-J-03,Closed,336081,361° MEN WST,1
034,034 - Lacaly Jeddah - MAATC,034-J-03,Closed,336085,361° MEN WST,1
034,034 - Lacaly Jeddah - MAATC,034-J-03,Closed,336099,361° MEN JCK,1
034,034 - Lacaly Jeddah - MAATC,034-J-03,Closed,336107,361° MEN JCK,2
034,034 - Lacaly Jeddah - MAATC,034-J-03,Closed,336108,361° MEN JCK,2
034,034 - Lacaly Jeddah - MAATC,034-J-03,Closed,336110,361° MEN JCK,1
034,034 - Lacaly Jeddah - MAATC,034-J-03,Closed,336137,361° MEN SRT,3
034,034 - Lacaly Jeddah - MAATC,034-J-03,Closed,336139,361° MEN SRT,1
034,034 - Lacaly Jeddah - MAATC,034-J-03,Closed,336199,361° MEN TSS,1
034,034 - Lacaly Jeddah - MAATC,034-J-03,Closed,336201,361° MEN TSS,1
034,034 - Lacaly Jeddah - MAATC,034-J-03,Closed,336207,361° MEN TSS,1
034,034 - Lacaly Jeddah - MAATC,034-J-03,Closed,336271,361° MEN TSU,1
034,034 - Lacaly Jeddah - MAATC,034-J-03,Closed,336288,361° MEN TSS,2
034,034 - Lacaly Jeddah - MAATC,034-J-03,Closed,336309,361° MEN TSS,1
034,034 - Lacaly Jeddah - MAATC,034-J-03,Closed,336310,361° MEN TSS,2
034,034 - Lacaly Jeddah - MAATC,034-J-03,Closed,336312,361° MEN TSS,2
034,034 - Lacaly Jeddah - MAATC,034-J-03,Closed,336314,361° MEN TSS,1
034,034 - Lacaly Jeddah - MAATC,034-J-03,Closed,336319,361° MEN TSS,1
034,034 - Lacaly Jeddah - MAATC,034-J-03,Closed,336320,361° MEN TSS,1
034,034 - Lacaly Jeddah - MAATC,034-J-03,Closed,336366,361° MEN TSS,2
034,034 - Lacaly Jeddah - MAATC,034-J-03,Closed,336399,361° MEN TSS,1
034,034 - Lacaly Jeddah - MAATC,034-J-03,Closed,336404,361° MEN TSS,1
034,034 - Lacaly Jeddah - MAATC,034-J-03,Closed,336409,361° MEN TSS,1
034,034 - Lacaly Jeddah - MAATC,034-J-03,Closed,336427,361° MEN PTK,1
034,034 - Lacaly Jeddah - MAATC,034-J-03,Closed,336431,361° MEN PTK,3
034,034 - Lacaly Jeddah - MAATC,034-J-03,Closed,336435,361° MEN TSS,1
034,034 - Lacaly Jeddah - MAATC,034-J-03,Closed,336437,361° MEN TSS,3
034,034 - Lacaly Jeddah - MAATC,034-J-03,Closed,336439,361° MEN TSS,1
034,034 - Lacaly Jeddah - MAATC,034-J-03,Closed,336529,361° WMN TSS,1
034,034 - Lacaly Jeddah - MAATC,034-J-03,Closed,336580,361° WMN TSU,2
034,034 - Lacaly Jeddah - MAATC,034-J-04,Closed,336087,361° MEN WST,1
034,034 - Lacaly Jeddah - MAATC,034-J-04,Closed,336089,361° MEN WST,3
034,034 - Lacaly Jeddah - MAATC,034-J-04,Closed,336124,361° MEN TSS,2
034,034 - Lacaly Jeddah - MAATC,034-J-04,Closed,336133,361° MEN TSS,1
034,034 - Lacaly Jeddah - MAATC,034-J-04,Closed,336164,361° MEN TSS,1
034,034 - Lacaly Jeddah - MAATC,034-J-04,Closed,336167,361° MEN TSS,2
034,034 - Lacaly Jeddah - MAATC,034-J-04,Closed,336279,361° MEN TSS,1
034,034 - Lacaly Jeddah - MAATC,034-J-04,Closed,336298,361° MEN TSS,2
034,034 - Lacaly Jeddah - MAATC,034-J-04,Closed,336313,361° MEN TSS,1
034,034 - Lacaly Jeddah - MAATC,034-J-04,Closed,336316,361° MEN TSS,2
034,034 - Lacaly Jeddah - MAATC,034-J-04,Closed,336333,361° MEN SRT,1
034,034 - Lacaly Jeddah - MAATC,034-J-04,Closed,336334,361° MEN SRT,2
034,034 - Lacaly Jeddah - MAATC,034-J-04,Closed,336341,361° MEN SRT,3
034,034 - Lacaly Jeddah - MAATC,034-J-04,Closed,336346,361° MEN TSU,2
034,034 - Lacaly Jeddah - MAATC,034-J-04,Closed,336356,361° MEN TSU,1
034,034 - Lacaly Jeddah - MAATC,034-J-04,Closed,336394,361° MEN TSS,2
034,034 - Lacaly Jeddah - MAATC,034-J-04,Closed,336396,361° MEN TSS,2
034,034 - Lacaly Jeddah - MAATC,034-J-04,Closed,336421,361° MEN PTK,1
034,034 - Lacaly Jeddah - MAATC,034-J-04,Closed,336450,361° MEN TSU,2
034,034 - Lacaly Jeddah - MAATC,034-J-04,Closed,336502,361° WMN TSU,2
034,034 - Lacaly Jeddah - MAATC,034-J-04,Closed,336503,361° WMN TSU,3
034,034 - Lacaly Jeddah - MAATC,034-J-05,Closed,336083,361° MEN WST,3
034,034 - Lacaly Jeddah - MAATC,034-J-05,Closed,336095,361° MEN WST,3
034,034 - Lacaly Jeddah - MAATC,034-J-05,Closed,336097,361° MEN WST,1
034,034 - Lacaly Jeddah - MAATC,034-J-05,Closed,336103,361° MEN JCK,1
034,034 - Lacaly Jeddah - MAATC,034-J-05,Closed,336105,361° MEN JCK,1
034,034 - Lacaly Jeddah - MAATC,034-J-05,Closed,336121,361° MEN TSU,1
034,034 - Lacaly Jeddah - MAATC,034-J-05,Closed,336136,361° MEN SRT,2
034,034 - Lacaly Jeddah - MAATC,034-J-05,Closed,336150,361° MEN TSS,2
034,034 - Lacaly Jeddah - MAATC,034-J-05,Closed,336159,361° MEN TSS,1
034,034 - Lacaly Jeddah - MAATC,034-J-05,Closed,336179,361° MEN TSS,3
034,034 - Lacaly Jeddah - MAATC,034-J-05,Closed,336192,361° MEN TSS,2
034,034 - Lacaly Jeddah - MAATC,034-J-05,Closed,336262,361° MEN TSU,2
034,034 - Lacaly Jeddah - MAATC,034-J-05,Closed,336327,361° MEN CPR,1
034,034 - Lacaly Jeddah - MAATC,034-J-05,Closed,336365,361° MEN TSS,3
034,034 - Lacaly Jeddah - MAATC,034-J-05,Closed,336397,361° MEN TSS,1
034,034 - Lacaly Jeddah - MAATC,034-J-05,Closed,336455,361° MEN TSU,3
034,034 - Lacaly Jeddah - MAATC,034-J-05,Closed,336548,361° WMN TSU,1
034,034 - Lacaly Jeddah - MAATC,034-U-1,Closed,336033,361° USX BPK,1
034,034 - Lacaly Jeddah - MAATC,034-U-1,Closed,336034,361° USX BPK,1
034,034 - Lacaly Jeddah - MAATC,034-U-1,Closed,336036,361° USX BPK,3
034,034 - Lacaly Jeddah - MAATC,034-U-1,Closed,336037,361° USX BPK,1
034,034 - Lacaly Jeddah - MAATC,034-U-1,Closed,336044,361° USX CAP,5
034,034 - Lacaly Jeddah - MAATC,034-U-1,Closed,336045,361° USX CAP,6
034,034 - Lacaly Jeddah - MAATC,034-U-1,Closed,336046,361° USX CAP,6
034,034 - Lacaly Jeddah - MAATC,034-U-1,Closed,336055,361° MEN SCK,6
034,034 - Lacaly Jeddah - MAATC,034-U-1,Closed,336065,361° USX SCK,2
034,034 - Lacaly Jeddah - MAATC,034-U-1,Closed,336067,361° USX SCK,4
034,034 - Lacaly Jeddah - MAATC,034-U-1,Closed,336072,361° USX SCK,2
034,034 - Lacaly Jeddah - MAATC,034-U-1,Closed,336073,361° USX SCK,4
034,034 - Lacaly Jeddah - MAATC,034-U-1,Closed,336074,361° USX SCK,2
034,034 - Lacaly Jeddah - MAATC,034-U-10,Closed,336671,361° MEN SHO,1
034,034 - Lacaly Jeddah - MAATC,034-U-10,Closed,336672,361° MEN SHO,2
034,034 - Lacaly Jeddah - MAATC,034-U-10,Closed,336673,361° MEN SHO,3
034,034 - Lacaly Jeddah - MAATC,034-U-10,Closed,336674,361° MEN SHO,3
034,034 - Lacaly Jeddah - MAATC,034-U-10,Closed,336675,361° MEN SHO,3
034,034 - Lacaly Jeddah - MAATC,034-U-11,Closed,336082,361° MEN WST,2
034,034 - Lacaly Jeddah - MAATC,034-U-11,Closed,336086,361° MEN WST,1
034,034 - Lacaly Jeddah - MAATC,034-U-11,Closed,336088,361° MEN WST,2
034,034 - Lacaly Jeddah - MAATC,034-U-11,Closed,336118,361° MEN TSU,2
034,034 - Lacaly Jeddah - MAATC,034-U-11,Closed,336142,361° MEN SRT,2
034,034 - Lacaly Jeddah - MAATC,034-U-11,Closed,336144,361° MEN SRT,2
034,034 - Lacaly Jeddah - MAATC,034-U-11,Closed,336147,361° MEN TSS,1
034,034 - Lacaly Jeddah - MAATC,034-U-11,Closed,336200,361° MEN TSS,1
034,034 - Lacaly Jeddah - MAATC,034-U-11,Closed,336202,361° MEN TSS,2
034,034 - Lacaly Jeddah - MAATC,034-U-11,Closed,336205,361° MEN TSS,1
034,034 - Lacaly Jeddah - MAATC,034-U-11,Closed,336211,361° MEN TSS,1
034,034 - Lacaly Jeddah - MAATC,034-U-11,Closed,336215,361° MEN TSS,3
034,034 - Lacaly Jeddah - MAATC,034-U-11,Closed,336216,361° MEN TSS,2
034,034 - Lacaly Jeddah - MAATC,034-U-11,Closed,336221,361° MEN SRT,3
034,034 - Lacaly Jeddah - MAATC,034-U-11,Closed,336286,361° MEN TSS,2
034,034 - Lacaly Jeddah - MAATC,034-U-11,Closed,336287,361° MEN TSS,3
034,034 - Lacaly Jeddah - MAATC,034-U-11,Closed,336304,361° MEN TSS,2
034,034 - Lacaly Jeddah - MAATC,034-U-11,Closed,336306,361° MEN TSS,2
034,034 - Lacaly Jeddah - MAATC,034-U-11,Closed,336307,361° MEN TSS,1
034,034 - Lacaly Jeddah - MAATC,034-U-11,Closed,336308,361° MEN TSS,1
034,034 - Lacaly Jeddah - MAATC,034-U-11,Closed,336352,361° MEN TSU,2
034,034 - Lacaly Jeddah - MAATC,034-U-11,Closed,336358,361° MEN TSS,2
034,034 - Lacaly Jeddah - MAATC,034-U-11,Closed,336361,361° MEN TSS,1
034,034 - Lacaly Jeddah - MAATC,034-U-11,Closed,336362,361° MEN TSS,1
034,034 - Lacaly Jeddah - MAATC,034-U-11,Closed,336389,361° MEN TSS,3
034,034 - Lacaly Jeddah - MAATC,034-U-11,Closed,336391,361° MEN TSS,1
034,034 - Lacaly Jeddah - MAATC,034-U-11,Closed,336392,361° MEN TSS,1
034,034 - Lacaly Jeddah - MAATC,034-U-11,Closed,336398,361° MEN TSS,1
034,034 - Lacaly Jeddah - MAATC,034-U-11,Closed,336400,361° MEN TSS,2
034,034 - Lacaly Jeddah - MAATC,034-U-11,Closed,336403,361° MEN TSS,1
034,034 - Lacaly Jeddah - MAATC,034-U-11,Closed,336405,361° MEN TSS,1
034,034 - Lacaly Jeddah - MAATC,034-U-11,Closed,336406,361° MEN TSS,2
034,034 - Lacaly Jeddah - MAATC,034-U-11,Closed,336410,361° MEN TSS,1
034,034 - Lacaly Jeddah - MAATC,034-U-11,Closed,336454,361° MEN TSU,2
034,034 - Lacaly Jeddah - MAATC,034-U-11,Closed,336490,361° WMN TSS,2
034,034 - Lacaly Jeddah - MAATC,034-U-11,Closed,336494,361° WMN TSS,1
034,034 - Lacaly Jeddah - MAATC,034-U-11,Closed,336497,361° WMN TSS,2
034,034 - Lacaly Jeddah - MAATC,034-U-11,Closed,336526,361° WMN TSS,2
034,034 - Lacaly Jeddah - MAATC,034-U-11,Closed,336527,361° WMN TSS,3
034,034 - Lacaly Jeddah - MAATC,034-U-11,Closed,336531,361° WMN TSS,1
034,034 - Lacaly Jeddah - MAATC,034-U-11,Closed,336532,361° WMN TSS,2
034,034 - Lacaly Jeddah - MAATC,034-U-11,Closed,336534,361° WMN TSS,2
034,034 - Lacaly Jeddah - MAATC,034-U-11,Closed,336536,361° WMN TSS,1
034,034 - Lacaly Jeddah - MAATC,034-U-11,Closed,336539,361° WMN TSU,3
034,034 - Lacaly Jeddah - MAATC,034-U-11,Closed,336542,361° WMN TSU,1
034,034 - Lacaly Jeddah - MAATC,034-U-11,Closed,336546,361° WMN TSU,2
034,034 - Lacaly Jeddah - MAATC,034-U-11,Closed,336547,361° WMN TSU,1
034,034 - Lacaly Jeddah - MAATC,034-U-11,Closed,336559,361° WMN TSU,1
034,034 - Lacaly Jeddah - MAATC,034-U-11,Closed,336560,361° WMN TSU,1
034,034 - Lacaly Jeddah - MAATC,034-U-11,Closed,336566,361° WMN TSU,1
034,034 - Lacaly Jeddah - MAATC,034-U-12,Closed,336007,361° MEN SRT,3
034,034 - Lacaly Jeddah - MAATC,034-U-12,Closed,336010,361° MEN SRT,1
034,034 - Lacaly Jeddah - MAATC,034-U-12,Closed,336017,361° MEN SRT,1
034,034 - Lacaly Jeddah - MAATC,034-U-12,Closed,336093,361° MEN WST,1
034,034 - Lacaly Jeddah - MAATC,034-U-12,Closed,336094,361° MEN WST,2
034,034 - Lacaly Jeddah - MAATC,034-U-12,Closed,336096,361° MEN WST,2
034,034 - Lacaly Jeddah - MAATC,034-U-12,Closed,336106,361° MEN JCK,2
034,034 - Lacaly Jeddah - MAATC,034-U-12,Closed,336204,361° MEN TSS,2
034,034 - Lacaly Jeddah - MAATC,034-U-12,Closed,336206,361° MEN TSS,1
034,034 - Lacaly Jeddah - MAATC,034-U-12,Closed,336220,361° MEN SRT,2
034,034 - Lacaly Jeddah - MAATC,034-U-12,Closed,336226,361° MEN SRT,2
034,034 - Lacaly Jeddah - MAATC,034-U-12,Closed,336229,361° MEN SRT,1
034,034 - Lacaly Jeddah - MAATC,034-U-12,Closed,336230,361° MEN SRT,1
034,034 - Lacaly Jeddah - MAATC,034-U-12,Closed,336234,361° MEN SRT,2
034,034 - Lacaly Jeddah - MAATC,034-U-12,Closed,336235,361° MEN SRT,1
034,034 - Lacaly Jeddah - MAATC,034-U-12,Closed,336258,361° MEN TSU,2
034,034 - Lacaly Jeddah - MAATC,034-U-12,Closed,336295,361° MEN TSS,1
034,034 - Lacaly Jeddah - MAATC,034-U-12,Closed,336332,361° MEN CPR,1
034,034 - Lacaly Jeddah - MAATC,034-U-12,Closed,336336,361° MEN SRT,2
034,034 - Lacaly Jeddah - MAATC,034-U-12,Closed,336340,361° MEN SRT,2
034,034 - Lacaly Jeddah - MAATC,034-U-12,Closed,336342,361° MEN SRT,2
034,034 - Lacaly Jeddah - MAATC,034-U-12,Closed,336353,361° MEN TSU,3
034,034 - Lacaly Jeddah - MAATC,034-U-12,Closed,336369,361° MEN SHS,1
034,034 - Lacaly Jeddah - MAATC,034-U-12,Closed,336382,361° MEN SRT,2
034,034 - Lacaly Jeddah - MAATC,034-U-12,Closed,336384,361° MEN SRT,2
034,034 - Lacaly Jeddah - MAATC,034-U-12,Closed,336385,361° MEN SRT,1
034,034 - Lacaly Jeddah - MAATC,034-U-12,Closed,336386,361° MEN SRT,1
034,034 - Lacaly Jeddah - MAATC,034-U-12,Closed,336422,361° MEN PTK,1
034,034 - Lacaly Jeddah - MAATC,034-U-12,Closed,336423,361° MEN PTK,1
034,034 - Lacaly Jeddah - MAATC,034-U-12,Closed,336430,361° MEN PTK,2
034,034 - Lacaly Jeddah - MAATC,034-U-12,Closed,336433,361° MEN PTK,1
034,034 - Lacaly Jeddah - MAATC,034-U-12,Closed,336442,361° MEN TSS,2
034,034 - Lacaly Jeddah - MAATC,034-U-12,Closed,336463,361° MEN TSS,1
034,034 - Lacaly Jeddah - MAATC,034-U-12,Closed,336465,361° MEN TSS,1
034,034 - Lacaly Jeddah - MAATC,034-U-12,Closed,336466,361° MEN TSS,2
034,034 - Lacaly Jeddah - MAATC,034-U-12,Closed,336469,361° MEN TSS,1
034,034 - Lacaly Jeddah - MAATC,034-U-12,Closed,336472,361° MEN TSU,2
034,034 - Lacaly Jeddah - MAATC,034-U-12,Closed,336482,361° MEN TSU,1
034,034 - Lacaly Jeddah - MAATC,034-U-12,Closed,336498,361° WMN TSS,2
034,034 - Lacaly Jeddah - MAATC,034-U-12,Closed,336507,361° WMN TSU,1
034,034 - Lacaly Jeddah - MAATC,034-U-12,Closed,336509,361° WMN TSU,3
034,034 - Lacaly Jeddah - MAATC,034-U-12,Closed,336535,361° WMN TSS,1
034,034 - Lacaly Jeddah - MAATC,034-U-12,Closed,336552,361° WMN SKR,2
034,034 - Lacaly Jeddah - MAATC,034-U-12,Closed,336556,361° WMN TSU,2
034,034 - Lacaly Jeddah - MAATC,034-U-12,Closed,336564,361° WMN TSU,2
034,034 - Lacaly Jeddah - MAATC,034-U-12,Closed,336565,361° WMN TSU,1
034,034 - Lacaly Jeddah - MAATC,034-U-12,Closed,336567,361° WMN TSU,1
034,034 - Lacaly Jeddah - MAATC,034-U-12,Closed,336571,361° WMN TSU,1
034,034 - Lacaly Jeddah - MAATC,034-U-12,Closed,336574,361° WMN TSU,2
034,034 - Lacaly Jeddah - MAATC,034-U-12,Closed,336575,361° WMN TSU,3
034,034 - Lacaly Jeddah - MAATC,034-U-13,Closed,336011,361° MEN SRT,1
034,034 - Lacaly Jeddah - MAATC,034-U-13,Closed,336090,361° MEN WST,2
034,034 - Lacaly Jeddah - MAATC,034-U-13,Closed,336156,361° MEN TSS,2
034,034 - Lacaly Jeddah - MAATC,034-U-13,Closed,336158,361° MEN TSS,1
034,034 - Lacaly Jeddah - MAATC,034-U-13,Closed,336160,361° MEN TSS,2
034,034 - Lacaly Jeddah - MAATC,034-U-13,Closed,336176,361° MEN TSS,1
034,034 - Lacaly Jeddah - MAATC,034-U-13,Closed,336178,361° MEN TSS,2
034,034 - Lacaly Jeddah - MAATC,034-U-13,Closed,336183,361° MEN TSS,1
034,034 - Lacaly Jeddah - MAATC,034-U-13,Closed,336188,361° MEN TSS,1
034,034 - Lacaly Jeddah - MAATC,034-U-13,Closed,336190,361° MEN TSS,2
034,034 - Lacaly Jeddah - MAATC,034-U-13,Closed,336191,361° MEN TSS,3
034,034 - Lacaly Jeddah - MAATC,034-U-13,Closed,336193,361° MEN TSS,1
034,034 - Lacaly Jeddah - MAATC,034-U-13,Closed,336194,361° MEN TSS,1
034,034 - Lacaly Jeddah - MAATC,034-U-13,Closed,336196,361° MEN TSS,2
034,034 - Lacaly Jeddah - MAATC,034-U-13,Closed,336198,361° MEN TSS,1
034,034 - Lacaly Jeddah - MAATC,034-U-13,Closed,336208,361° MEN TSS,2
034,034 - Lacaly Jeddah - MAATC,034-U-13,Closed,336214,361° MEN TSS,2
034,034 - Lacaly Jeddah - MAATC,034-U-13,Closed,336224,361° MEN SRT,1
034,034 - Lacaly Jeddah - MAATC,034-U-13,Closed,336244,361° MEN SRT,2
034,034 - Lacaly Jeddah - MAATC,034-U-13,Closed,336291,361° MEN TSS,1
034,034 - Lacaly Jeddah - MAATC,034-U-13,Closed,336303,361° MEN TSS,1
034,034 - Lacaly Jeddah - MAATC,034-U-13,Closed,336305,361° MEN TSS,3
034,034 - Lacaly Jeddah - MAATC,034-U-13,Closed,336318,361° MEN TSS,2
034,034 - Lacaly Jeddah - MAATC,034-U-13,Closed,336323,361° MEN CPR,2
034,034 - Lacaly Jeddah - MAATC,034-U-13,Closed,336329,361° MEN CPR,3
034,034 - Lacaly Jeddah - MAATC,034-U-13,Closed,336347,361° MEN TSU,1
034,034 - Lacaly Jeddah - MAATC,034-U-13,Closed,336348,361° MEN TSU,1
034,034 - Lacaly Jeddah - MAATC,034-U-13,Closed,336351,361° MEN TSU,1
034,034 - Lacaly Jeddah - MAATC,034-U-13,Closed,336402,361° MEN TSS,2
034,034 - Lacaly Jeddah - MAATC,034-U-13,Closed,336407,361° MEN TSS,3
034,034 - Lacaly Jeddah - MAATC,034-U-13,Closed,336408,361° MEN TSS,2
034,034 - Lacaly Jeddah - MAATC,034-U-13,Closed,336414,361° MEN PTK,2
034,034 - Lacaly Jeddah - MAATC,034-U-13,Closed,336426,361° MEN PTK,2
034,034 - Lacaly Jeddah - MAATC,034-U-13,Closed,336432,361° MEN PTK,2
034,034 - Lacaly Jeddah - MAATC,034-U-13,Closed,336438,361° MEN TSS,2
034,034 - Lacaly Jeddah - MAATC,034-U-13,Closed,336444,361° MEN TSS,2
034,034 - Lacaly Jeddah - MAATC,034-U-13,Closed,336460,361° MEN TSS,2
034,034 - Lacaly Jeddah - MAATC,034-U-13,Closed,336464,361° MEN TSS,1
034,034 - Lacaly Jeddah - MAATC,034-U-13,Closed,336468,361° MEN TSS,2
034,034 - Lacaly Jeddah - MAATC,034-U-13,Closed,336484,361° WMN TSU,2
034,034 - Lacaly Jeddah - MAATC,034-U-13,Closed,336496,361° WMN TSS,1
034,034 - Lacaly Jeddah - MAATC,034-U-13,Closed,336505,361° WMN TSU,1
034,034 - Lacaly Jeddah - MAATC,034-U-13,Closed,336506,361° WMN TSU,1
034,034 - Lacaly Jeddah - MAATC,034-U-13,Closed,336528,361° WMN TSS,2
034,034 - Lacaly Jeddah - MAATC,034-U-13,Closed,336533,361° WMN TSS,3
034,034 - Lacaly Jeddah - MAATC,034-U-13,Closed,336540,361° WMN TSU,2
034,034 - Lacaly Jeddah - MAATC,034-U-14,Closed,336009,361° MEN SRT,2
034,034 - Lacaly Jeddah - MAATC,034-U-14,Closed,336013,361° MEN SRT,3
034,034 - Lacaly Jeddah - MAATC,034-U-14,Closed,336016,361° MEN SRT,1
034,034 - Lacaly Jeddah - MAATC,034-U-14,Closed,336111,361° MEN TSU,1
034,034 - Lacaly Jeddah - MAATC,034-U-14,Closed,336112,361° MEN TSU,2
034,034 - Lacaly Jeddah - MAATC,034-U-14,Closed,336114,361° MEN TSU,2
034,034 - Lacaly Jeddah - MAATC,034-U-14,Closed,336115,361° MEN TSU,1
034,034 - Lacaly Jeddah - MAATC,034-U-14,Closed,336117,361° MEN TSU,1
034,034 - Lacaly Jeddah - MAATC,034-U-14,Closed,336120,361° MEN TSU,2
034,034 - Lacaly Jeddah - MAATC,034-U-14,Closed,336177,361° MEN TSS,1
034,034 - Lacaly Jeddah - MAATC,034-U-14,Closed,336195,361° MEN TSS,1
034,034 - Lacaly Jeddah - MAATC,034-U-14,Closed,336198,361° MEN TSS,1
034,034 - Lacaly Jeddah - MAATC,034-U-14,Closed,336223,361° MEN SRT,1
034,034 - Lacaly Jeddah - MAATC,034-U-14,Closed,336251,361° MEN SRT,3
034,034 - Lacaly Jeddah - MAATC,034-U-14,Closed,336282,361° MEN TSS,2
034,034 - Lacaly Jeddah - MAATC,034-U-14,Closed,336284,361° MEN TSS,1
034,034 - Lacaly Jeddah - MAATC,034-U-14,Closed,336292,361° MEN TSS,2
034,034 - Lacaly Jeddah - MAATC,034-U-14,Closed,336293,361° MEN TSS,3
034,034 - Lacaly Jeddah - MAATC,034-U-14,Closed,336296,361° MEN TSS,1
034,034 - Lacaly Jeddah - MAATC,034-U-14,Closed,336297,361° MEN TSS,1
034,034 - Lacaly Jeddah - MAATC,034-U-14,Closed,336299,361° MEN TSS,3
034,034 - Lacaly Jeddah - MAATC,034-U-14,Closed,336302,361° MEN TSS,1
034,034 - Lacaly Jeddah - MAATC,034-U-14,Closed,336323,361° MEN CPR,1
034,034 - Lacaly Jeddah - MAATC,034-U-14,Closed,336349,361° MEN TSU,1
034,034 - Lacaly Jeddah - MAATC,034-U-14,Closed,336375,361° MEN SHS,1
034,034 - Lacaly Jeddah - MAATC,034-U-14,Closed,336376,361° MEN SHS,2
034,034 - Lacaly Jeddah - MAATC,034-U-14,Closed,336377,361° MEN SHS,3
034,034 - Lacaly Jeddah - MAATC,034-U-14,Closed,336379,361° MEN SHS,1
034,034 - Lacaly Jeddah - MAATC,034-U-14,Closed,336380,361° MEN SHS,1
034,034 - Lacaly Jeddah - MAATC,034-U-14,Closed,336412,361° MEN PTK,2
034,034 - Lacaly Jeddah - MAATC,034-U-14,Closed,336413,361° MEN PTK,3
034,034 - Lacaly Jeddah - MAATC,034-U-14,Closed,336416,361° MEN PTK,1
034,034 - Lacaly Jeddah - MAATC,034-U-14,Closed,336448,361° MEN TSU,2
034,034 - Lacaly Jeddah - MAATC,034-U-14,Closed,336467,361° MEN TSS,3
034,034 - Lacaly Jeddah - MAATC,034-U-14,Closed,336485,361° WMN TSU,3
034,034 - Lacaly Jeddah - MAATC,034-U-14,Closed,336487,361° WMN TSU,1
034,034 - Lacaly Jeddah - MAATC,034-U-14,Closed,336550,361° WMN SKR,2
034,034 - Lacaly Jeddah - MAATC,034-U-14,Closed,336551,361° WMN SKR,3
034,034 - Lacaly Jeddah - MAATC,034-U-14,Closed,336553,361° WMN SKR,1
034,034 - Lacaly Jeddah - MAATC,034-U-14,Closed,336554,361° WMN SKR,1
034,034 - Lacaly Jeddah - MAATC,034-U-14,Closed,336555,361° WMN TSU,1
034,034 - Lacaly Jeddah - MAATC,034-U-14,Closed,336557,361° WMN TSU,3
034,034 - Lacaly Jeddah - MAATC,034-U-14,Closed,336579,361° WMN TSU,1
034,034 - Lacaly Jeddah - MAATC,034-U-14,Closed,336581,361° WMN TSU,3
034,034 - Lacaly Jeddah - MAATC,034-U-14,Closed,336584,361° WMN TSU,1
034,034 - Lacaly Jeddah - MAATC,034-U-14,Closed,336585,361° WMN TSU,1
034,034 - Lacaly Jeddah - MAATC,034-U-14,Closed,336586,361° WMN TSU,2
034,034 - Lacaly Jeddah - MAATC,034-U-14,Closed,336590,361° WMN TSU,1
034,034 - Lacaly Jeddah - MAATC,034-U-16,Closed,336084,361° MEN WST,2
034,034 - Lacaly Jeddah - MAATC,034-U-16,Closed,336100,361° MEN JCK,2
034,034 - Lacaly Jeddah - MAATC,034-U-16,Closed,336126,361° MEN TSS,2
034,034 - Lacaly Jeddah - MAATC,034-U-16,Closed,336131,361° MEN TSS,3
034,034 - Lacaly Jeddah - MAATC,034-U-16,Closed,336172,361° MEN TSS,2
034,034 - Lacaly Jeddah - MAATC,034-U-16,Closed,336175,361° MEN TSS,1
034,034 - Lacaly Jeddah - MAATC,034-U-16,Closed,336222,361° MEN SRT,2
034,034 - Lacaly Jeddah - MAATC,034-U-16,Closed,336240,361° MEN SRT,2
034,034 - Lacaly Jeddah - MAATC,034-U-16,Closed,336243,361° MEN SRT,1
034,034 - Lacaly Jeddah - MAATC,034-U-16,Closed,336245,361° MEN SRT,3
034,034 - Lacaly Jeddah - MAATC,034-U-16,Closed,336246,361° MEN SRT,2
034,034 - Lacaly Jeddah - MAATC,034-U-16,Closed,336250,361° MEN SRT,2
034,034 - Lacaly Jeddah - MAATC,034-U-16,Closed,336252,361° MEN SRT,2
034,034 - Lacaly Jeddah - MAATC,034-U-16,Closed,336253,361° MEN SRT,1
034,034 - Lacaly Jeddah - MAATC,034-U-16,Closed,336263,361° MEN TSU,3
034,034 - Lacaly Jeddah - MAATC,034-U-16,Closed,336277,361° MEN TSU,1
034,034 - Lacaly Jeddah - MAATC,034-U-16,Closed,336315,361° MEN TSS,1
034,034 - Lacaly Jeddah - MAATC,034-U-16,Closed,336317,361° MEN TSS,3
034,034 - Lacaly Jeddah - MAATC,034-U-16,Closed,336328,361° MEN CPR,2
034,034 - Lacaly Jeddah - MAATC,034-U-16,Closed,336335,361° MEN SRT,3
034,034 - Lacaly Jeddah - MAATC,034-U-16,Closed,336371,361° MEN SHS,3
034,034 - Lacaly Jeddah - MAATC,034-U-16,Closed,336449,361° MEN TSU,3
034,034 - Lacaly Jeddah - MAATC,034-U-16,Closed,336456,361° MEN TSU,2
034,034 - Lacaly Jeddah - MAATC,034-U-16,Closed,336457,361° MEN TSU,1
034,034 - Lacaly Jeddah - MAATC,034-U-16,Closed,336473,361° MEN TSU,3
034,034 - Lacaly Jeddah - MAATC,034-U-16,Closed,336480,361° MEN TSU,2
034,034 - Lacaly Jeddah - MAATC,034-U-16,Closed,336483,361° WMN TSU,1
034,034 - Lacaly Jeddah - MAATC,034-U-16,Closed,336486,361° WMN TSU,2
034,034 - Lacaly Jeddah - MAATC,034-U-16,Closed,336488,361° WMN TSU,1
034,034 - Lacaly Jeddah - MAATC,034-U-16,Closed,336513,361° WMN TSS,1
034,034 - Lacaly Jeddah - MAATC,034-U-16,Closed,336516,361° WMN TSS,2
034,034 - Lacaly Jeddah - MAATC,034-U-16,Closed,336588,361° WMN TSU,2
034,034 - Lacaly Jeddah - MAATC,034-U-16,Closed,336805,361° MEN JCK,2
034,034 - Lacaly Jeddah - MAATC,034-U-17,Open,336128,361° MEN TSS,1
034,034 - Lacaly Jeddah - MAATC,034-U-17,Open,336129,361° MEN TSS,1
034,034 - Lacaly Jeddah - MAATC,034-U-17,Open,336130,361° MEN TSS,2
034,034 - Lacaly Jeddah - MAATC,034-U-17,Open,336152,361° MEN TSS,1
034,034 - Lacaly Jeddah - MAATC,034-U-17,Open,336269,361° MEN TSU,3
034,034 - Lacaly Jeddah - MAATC,034-U-17,Open,336370,361° MEN SHS,2
034,034 - Lacaly Jeddah - MAATC,034-U-17,Open,336425,361° MEN PTK,3
034,034 - Lacaly Jeddah - MAATC,034-U-17,Open,336442,361° MEN TSS,2
034,034 - Lacaly Jeddah - MAATC,034-U-17,Open,336443,361° MEN TSS,3
034,034 - Lacaly Jeddah - MAATC,034-U-17,Open,336475,361° MEN TSU,1
034,034 - Lacaly Jeddah - MAATC,034-U-17,Open,336476,361° MEN TSU,1
034,034 - Lacaly Jeddah - MAATC,034-U-17,Open,336479,361° MEN TSU,3
034,034 - Lacaly Jeddah - MAATC,034-U-17,Open,336549,361° WMN SKR,1
034,034 - Lacaly Jeddah - MAATC,034-U-2,Closed,336033,361° USX BPK,2
034,034 - Lacaly Jeddah - MAATC,034-U-2,Closed,336034,361° USX BPK,2
034,034 - Lacaly Jeddah - MAATC,034-U-2,Closed,336035,361° USX WST,3
034,034 - Lacaly Jeddah - MAATC,034-U-2,Closed,336037,361° USX BPK,2
034,034 - Lacaly Jeddah - MAATC,034-U-2,Closed,336038,361° USX CAP,6
034,034 - Lacaly Jeddah - MAATC,034-U-2,Closed,336039,361° USX CAP,6
034,034 - Lacaly Jeddah - MAATC,034-U-2,Closed,336040,361° USX CAP,6
034,034 - Lacaly Jeddah - MAATC,034-U-2,Closed,336041,361° USX CAP,3
034,034 - Lacaly Jeddah - MAATC,034-U-2,Closed,336043,361° USX CAP,7
034,034 - Lacaly Jeddah - MAATC,034-U-2,Closed,336044,361° USX CAP,1
034,034 - Lacaly Jeddah - MAATC,034-U-2,Closed,336047,361° USX CAP,6
034,034 - Lacaly Jeddah - MAATC,034-U-2,Closed,336048,361° MEN SCK,6
034,034 - Lacaly Jeddah - MAATC,034-U-2,Closed,336049,361° MEN SCK,6
034,034 - Lacaly Jeddah - MAATC,034-U-2,Closed,336050,361° MEN SCK,6
034,034 - Lacaly Jeddah - MAATC,034-U-2,Closed,336051,361° MEN SCK,6
034,034 - Lacaly Jeddah - MAATC,034-U-2,Closed,336052,361° MEN SCK,6
034,034 - Lacaly Jeddah - MAATC,034-U-2,Closed,336057,361° USX SCK,2
034,034 - Lacaly Jeddah - MAATC,034-U-2,Closed,336058,361° USX SCK,4
034,034 - Lacaly Jeddah - MAATC,034-U-2,Closed,336059,361° USX SCK,2
034,034 - Lacaly Jeddah - MAATC,034-U-2,Closed,336060,361° USX SCK,2
034,034 - Lacaly Jeddah - MAATC,034-U-2,Closed,336061,361° USX SCK,4
034,034 - Lacaly Jeddah - MAATC,034-U-2,Closed,336062,361° USX SCK,2
034,034 - Lacaly Jeddah - MAATC,034-U-2,Closed,336063,361° USX SCK,2
034,034 - Lacaly Jeddah - MAATC,034-U-2,Closed,336064,361° USX SCK,4
034,034 - Lacaly Jeddah - MAATC,034-U-2,Closed,336066,361° USX SCK,2
034,034 - Lacaly Jeddah - MAATC,034-U-2,Closed,336068,361° USX SCK,2
034,034 - Lacaly Jeddah - MAATC,034-U-2,Closed,336069,361° USX SCK,2
034,034 - Lacaly Jeddah - MAATC,034-U-2,Closed,336070,361° USX SCK,4
034,034 - Lacaly Jeddah - MAATC,034-U-2,Closed,336071,361° USX SCK,2
034,034 - Lacaly Jeddah - MAATC,034-U-2,Closed,336075,361° USX INS,1
034,034 - Lacaly Jeddah - MAATC,034-U-2,Closed,336076,361° USX INS,2
034,034 - Lacaly Jeddah - MAATC,034-U-2,Closed,336077,361° USX INS,3
034,034 - Lacaly Jeddah - MAATC,034-U-2,Closed,336078,361° USX INS,3
034,034 - Lacaly Jeddah - MAATC,034-U-2,Closed,336079,361° USX INS,2
034,034 - Lacaly Jeddah - MAATC,034-U-2,Closed,336080,361° USX INS,1
034,034 - Lacaly Jeddah - MAATC,034-U-21,Closed,336023,361° MEN SHO,1
034,034 - Lacaly Jeddah - MAATC,034-U-21,Closed,336024,361° MEN SHO,2
034,034 - Lacaly Jeddah - MAATC,034-U-21,Closed,336025,361° MEN SHO,3
034,034 - Lacaly Jeddah - MAATC,034-U-21,Closed,336026,361° MEN SHO,3
034,034 - Lacaly Jeddah - MAATC,034-U-21,Closed,336027,361° MEN SHO,3
034,034 - Lacaly Jeddah - MAATC,034-U-22,Closed,336028,361° MEN SHO,1
034,034 - Lacaly Jeddah - MAATC,034-U-22,Closed,336029,361° MEN SHO,2
034,034 - Lacaly Jeddah - MAATC,034-U-22,Closed,336030,361° MEN SHO,3
034,034 - Lacaly Jeddah - MAATC,034-U-22,Closed,336031,361° MEN SHO,3
034,034 - Lacaly Jeddah - MAATC,034-U-22,Closed,336032,361° MEN SHO,3
034,034 - Lacaly Jeddah - MAATC,034-U-23,Closed,336604,361° MEN SHO,1
034,034 - Lacaly Jeddah - MAATC,034-U-23,Closed,336605,361° MEN SHO,2
034,034 - Lacaly Jeddah - MAATC,034-U-23,Closed,336606,361° MEN SHO,3
034,034 - Lacaly Jeddah - MAATC,034-U-23,Closed,336607,361° MEN SHO,3
034,034 - Lacaly Jeddah - MAATC,034-U-23,Closed,336608,361° MEN SHO,2
034,034 - Lacaly Jeddah - MAATC,034-U-23,Closed,336609,361° MEN SHO,1
034,034 - Lacaly Jeddah - MAATC,034-U-24,Closed,336640,361° MEN SHO,1
034,034 - Lacaly Jeddah - MAATC,034-U-24,Closed,336641,361° MEN SHO,2
034,034 - Lacaly Jeddah - MAATC,034-U-24,Closed,336642,361° MEN SHO,3
034,034 - Lacaly Jeddah - MAATC,034-U-24,Closed,336643,361° MEN SHO,2
034,034 - Lacaly Jeddah - MAATC,034-U-24,Closed,336644,361° MEN SHO,3
034,034 - Lacaly Jeddah - MAATC,034-U-25,Closed,336666,361° MEN SHO,1
034,034 - Lacaly Jeddah - MAATC,034-U-25,Closed,336667,361° MEN SHO,2
034,034 - Lacaly Jeddah - MAATC,034-U-25,Closed,336668,361° MEN SHO,3
034,034 - Lacaly Jeddah - MAATC,034-U-25,Closed,336669,361° MEN SHO,3
034,034 - Lacaly Jeddah - MAATC,034-U-25,Closed,336670,361° MEN SHO,3
034,034 - Lacaly Jeddah - MAATC,034-U-26,Closed,336645,361° MEN SHO,1
034,034 - Lacaly Jeddah - MAATC,034-U-26,Closed,336646,361° MEN SHO,2
034,034 - Lacaly Jeddah - MAATC,034-U-26,Closed,336647,361° MEN SHO,3
034,034 - Lacaly Jeddah - MAATC,034-U-26,Closed,336648,361° MEN SHO,3
034,034 - Lacaly Jeddah - MAATC,034-U-26,Closed,336649,361° MEN SHO,3
034,034 - Lacaly Jeddah - MAATC,034-U-27,Closed,336630,361° MEN SHO,1
034,034 - Lacaly Jeddah - MAATC,034-U-27,Closed,336631,361° MEN SHO,2
034,034 - Lacaly Jeddah - MAATC,034-U-27,Closed,336632,361° MEN SHO,3
034,034 - Lacaly Jeddah - MAATC,034-U-27,Closed,336633,361° MEN SHO,3
034,034 - Lacaly Jeddah - MAATC,034-U-27,Closed,336634,361° MEN SHO,3
034,034 - Lacaly Jeddah - MAATC,034-U-28,Closed,336656,361° MEN SHO,1
034,034 - Lacaly Jeddah - MAATC,034-U-28,Closed,336657,361° MEN SHO,2
034,034 - Lacaly Jeddah - MAATC,034-U-28,Closed,336658,361° MEN SHO,3
034,034 - Lacaly Jeddah - MAATC,034-U-28,Closed,336659,361° MEN SHO,3
034,034 - Lacaly Jeddah - MAATC,034-U-28,Closed,336660,361° MEN SHO,3
034,034 - Lacaly Jeddah - MAATC,034-U-29,Closed,336635,361° MEN SHO,1
034,034 - Lacaly Jeddah - MAATC,034-U-29,Closed,336636,361° MEN SHO,2
034,034 - Lacaly Jeddah - MAATC,034-U-29,Closed,336637,361° MEN SHO,3
034,034 - Lacaly Jeddah - MAATC,034-U-29,Closed,336638,361° MEN SHO,3
034,034 - Lacaly Jeddah - MAATC,034-U-29,Closed,336639,361° MEN SHO,3
034,034 - Lacaly Jeddah - MAATC,034-U-30,Closed,336597,361° MEN SHO,1
034,034 - Lacaly Jeddah - MAATC,034-U-30,Closed,336598,361° MEN SHO,1
034,034 - Lacaly Jeddah - MAATC,034-U-30,Closed,336599,361° MEN SHO,3
034,034 - Lacaly Jeddah - MAATC,034-U-30,Closed,336600,361° MEN SHO,3
034,034 - Lacaly Jeddah - MAATC,034-U-30,Closed,336601,361° MEN SHO,2
034,034 - Lacaly Jeddah - MAATC,034-U-30,Closed,336602,361° MEN SHO,1
034,034 - Lacaly Jeddah - MAATC,034-U-30,Closed,336603,361° MEN SHO,1
034,034 - Lacaly Jeddah - MAATC,034-U-31,Closed,336661,361° MEN SHO,1
034,034 - Lacaly Jeddah - MAATC,034-U-31,Closed,336662,361° MEN SHO,2
034,034 - Lacaly Jeddah - MAATC,034-U-31,Closed,336663,361° MEN SHO,3
034,034 - Lacaly Jeddah - MAATC,034-U-31,Closed,336664,361° MEN SHO,3
034,034 - Lacaly Jeddah - MAATC,034-U-31,Closed,336665,361° MEN SHO,3
034,034 - Lacaly Jeddah - MAATC,034-U-32,Closed,336623,361° MEN SHO,1
034,034 - Lacaly Jeddah - MAATC,034-U-32,Closed,336624,361° MEN SHO,1
034,034 - Lacaly Jeddah - MAATC,034-U-32,Closed,336625,361° MEN SHO,3
034,034 - Lacaly Jeddah - MAATC,034-U-32,Closed,336626,361° MEN SHO,3
034,034 - Lacaly Jeddah - MAATC,034-U-32,Closed,336627,361° MEN SHO,2
034,034 - Lacaly Jeddah - MAATC,034-U-32,Closed,336628,361° MEN SHO,1
034,034 - Lacaly Jeddah - MAATC,034-U-32,Closed,336629,361° MEN SHO,1
034,034 - Lacaly Jeddah - MAATC,034-U-33,Closed,336650,361° MEN SHO,1
034,034 - Lacaly Jeddah - MAATC,034-U-33,Closed,336651,361° MEN SHO,2
034,034 - Lacaly Jeddah - MAATC,034-U-33,Closed,336652,361° MEN SHO,3
034,034 - Lacaly Jeddah - MAATC,034-U-33,Closed,336653,361° MEN SHO,3
034,034 - Lacaly Jeddah - MAATC,034-U-33,Closed,336654,361° MEN SHO,2
034,034 - Lacaly Jeddah - MAATC,034-U-33,Closed,336655,361° MEN SHO,1
034,034 - Lacaly Jeddah - MAATC,034-U-34,Closed,336713,361° WMN SHO,2
034,034 - Lacaly Jeddah - MAATC,034-U-34,Closed,336714,361° WMN SHO,3
034,034 - Lacaly Jeddah - MAATC,034-U-34,Closed,336715,361° WMN SHO,3
034,034 - Lacaly Jeddah - MAATC,034-U-34,Closed,336716,361° WMN SHO,3
034,034 - Lacaly Jeddah - MAATC,034-U-34,Closed,336717,361° WMN SHO,1
034,034 - Lacaly Jeddah - MAATC,034-U-35,Closed,336697,361° WMN SHO,2
034,034 - Lacaly Jeddah - MAATC,034-U-35,Closed,336698,361° WMN SHO,3
034,034 - Lacaly Jeddah - MAATC,034-U-35,Closed,336699,361° WMN SHO,3
034,034 - Lacaly Jeddah - MAATC,034-U-35,Closed,336700,361° WMN SHO,3
034,034 - Lacaly Jeddah - MAATC,034-U-35,Closed,336701,361° WMN SHO,1
034,034 - Lacaly Jeddah - MAATC,034-U-36,Closed,336686,361° WMN SHO,1
034,034 - Lacaly Jeddah - MAATC,034-U-36,Closed,336687,361° WMN SHO,2
034,034 - Lacaly Jeddah - MAATC,034-U-36,Closed,336688,361° WMN SHO,3
034,034 - Lacaly Jeddah - MAATC,034-U-36,Closed,336689,361° WMN SHO,3
034,034 - Lacaly Jeddah - MAATC,034-U-36,Closed,336690,361° WMN SHO,2
034,034 - Lacaly Jeddah - MAATC,034-U-36,Closed,336691,361° WMN SHO,1
034,034 - Lacaly Jeddah - MAATC,034-U-37,Closed,336681,361° WMN SHO,2
034,034 - Lacaly Jeddah - MAATC,034-U-37,Closed,336682,361° WMN SHO,3
034,034 - Lacaly Jeddah - MAATC,034-U-37,Closed,336683,361° WMN SHO,3
034,034 - Lacaly Jeddah - MAATC,034-U-37,Closed,336684,361° WMN SHO,3
034,034 - Lacaly Jeddah - MAATC,034-U-37,Closed,336685,361° WMN SHO,1
034,034 - Lacaly Jeddah - MAATC,034-U-38,Closed,336676,361° WMN SHO,2
034,034 - Lacaly Jeddah - MAATC,034-U-38,Closed,336677,361° WMN SHO,3
034,034 - Lacaly Jeddah - MAATC,034-U-38,Closed,336678,361° WMN SHO,3
034,034 - Lacaly Jeddah - MAATC,034-U-38,Closed,336679,361° WMN SHO,3
034,034 - Lacaly Jeddah - MAATC,034-U-38,Closed,336680,361° WMN SHO,1
034,034 - Lacaly Jeddah - MAATC,034-U-39,Closed,336702,361° WMN SHO,1
034,034 - Lacaly Jeddah - MAATC,034-U-39,Closed,336703,361° WMN SHO,2
034,034 - Lacaly Jeddah - MAATC,034-U-39,Closed,336704,361° WMN SHO,3
034,034 - Lacaly Jeddah - MAATC,034-U-39,Closed,336705,361° WMN SHO,3
034,034 - Lacaly Jeddah - MAATC,034-U-39,Closed,336706,361° WMN SHO,2
034,034 - Lacaly Jeddah - MAATC,034-U-39,Closed,336707,361° WMN SHO,1
034,034 - Lacaly Jeddah - MAATC,034-U-40,Closed,336692,361° WMN SHO,2
034,034 - Lacaly Jeddah - MAATC,034-U-40,Closed,336693,361° WMN SHO,3
034,034 - Lacaly Jeddah - MAATC,034-U-40,Closed,336694,361° WMN SHO,3
034,034 - Lacaly Jeddah - MAATC,034-U-40,Closed,336695,361° WMN SHO,3
034,034 - Lacaly Jeddah - MAATC,034-U-40,Closed,336696,361° WMN SHO,1
034,034 - Lacaly Jeddah - MAATC,034-U-6,Closed,336610,361° MEN SHO,1
034,034 - Lacaly Jeddah - MAATC,034-U-6,Closed,336611,361° MEN SHO,2
034,034 - Lacaly Jeddah - MAATC,034-U-6,Closed,336612,361° MEN SHO,3
034,034 - Lacaly Jeddah - MAATC,034-U-6,Closed,336613,361° MEN SHO,3
034,034 - Lacaly Jeddah - MAATC,034-U-6,Closed,336614,361° MEN SHO,2
034,034 - Lacaly Jeddah - MAATC,034-U-6,Closed,336615,361° MEN SHO,1
034,034 - Lacaly Jeddah - MAATC,034-U-7,Closed,336616,361° MEN SHO,1
034,034 - Lacaly Jeddah - MAATC,034-U-7,Closed,336617,361° MEN SHO,1
034,034 - Lacaly Jeddah - MAATC,034-U-7,Closed,336618,361° MEN SHO,3
034,034 - Lacaly Jeddah - MAATC,034-U-7,Closed,336619,361° MEN SHO,3
034,034 - Lacaly Jeddah - MAATC,034-U-7,Closed,336620,361° MEN SHO,2
034,034 - Lacaly Jeddah - MAATC,034-U-7,Closed,336621,361° MEN SHO,1
034,034 - Lacaly Jeddah - MAATC,034-U-7,Closed,336622,361° MEN SHO,1
034,034 - Lacaly Jeddah - MAATC,034-U-8,Closed,336591,361° MEN SHO,1
034,034 - Lacaly Jeddah - MAATC,034-U-8,Closed,336592,361° MEN SHO,2
034,034 - Lacaly Jeddah - MAATC,034-U-8,Closed,336593,361° MEN SHO,3
034,034 - Lacaly Jeddah - MAATC,034-U-8,Closed,336594,361° MEN SHO,3
034,034 - Lacaly Jeddah - MAATC,034-U-8,Closed,336595,361° MEN SHO,2
034,034 - Lacaly Jeddah - MAATC,034-U-8,Closed,336596,361° MEN SHO,1
034,034 - Lacaly Jeddah - MAATC,034-U-9,Closed,336018,361° MEN SHO,1
034,034 - Lacaly Jeddah - MAATC,034-U-9,Closed,336019,361° MEN SHO,2
034,034 - Lacaly Jeddah - MAATC,034-U-9,Closed,336020,361° MEN SHO,3
034,034 - Lacaly Jeddah - MAATC,034-U-9,Closed,336021,361° MEN SHO,3
034,034 - Lacaly Jeddah - MAATC,034-U-9,Closed,336022,361° MEN SHO,3
035,035 - Lacali - MAATC,035-A-01,Closed,336151,361° MEN TSS,1
035,035 - Lacali - MAATC,035-A-01,Closed,336185,361° MEN TSS,3
035,035 - Lacali - MAATC,035-A-01,Closed,336264,361° MEN TSU,2
035,035 - Lacali - MAATC,035-A-01,Closed,336474,361° MEN TSU,2
035,035 - Lacali - MAATC,035-A-02,Closed,336116,361° MEN TSU,1
035,035 - Lacali - MAATC,035-A-02,Closed,336122,361° MEN TSU,1
035,035 - Lacali - MAATC,035-A-02,Closed,336123,361° MEN TSS,1
035,035 - Lacali - MAATC,035-A-02,Closed,336153,361° MEN TSS,1
035,035 - Lacali - MAATC,035-A-02,Closed,336154,361° MEN TSS,2
035,035 - Lacali - MAATC,035-A-02,Closed,336155,361° MEN TSS,3
035,035 - Lacali - MAATC,035-A-02,Closed,336157,361° MEN TSS,1
035,035 - Lacali - MAATC,035-A-02,Closed,336171,361° MEN TSS,1
035,035 - Lacali - MAATC,035-A-02,Closed,336174,361° MEN TSS,2
035,035 - Lacali - MAATC,035-A-02,Closed,336182,361° MEN TSS,1
035,035 - Lacali - MAATC,035-A-02,Closed,336267,361° MEN TSU,1
035,035 - Lacali - MAATC,035-A-02,Closed,336270,361° MEN TSU,2
035,035 - Lacali - MAATC,035-A-02,Closed,336272,361° MEN TSU,1
035,035 - Lacali - MAATC,035-A-02,Closed,336273,361° MEN TSU,1
035,035 - Lacali - MAATC,035-A-02,Closed,336274,361° MEN TSU,2
035,035 - Lacali - MAATC,035-A-02,Closed,336278,361° MEN TSU,1
035,035 - Lacali - MAATC,035-A-02,Closed,336280,361° MEN TSS,2
035,035 - Lacali - MAATC,035-A-02,Closed,336281,361° MEN TSS,3
035,035 - Lacali - MAATC,035-A-02,Closed,336285,361° MEN TSS,1
035,035 - Lacali - MAATC,035-A-02,Closed,336289,361° MEN TSS,1
035,035 - Lacali - MAATC,035-A-02,Closed,336324,361° MEN CPR,2
035,035 - Lacali - MAATC,035-A-02,Closed,336325,361° MEN CPR,1
035,035 - Lacali - MAATC,035-A-02,Closed,336326,361° MEN CPR,1
035,035 - Lacali - MAATC,035-A-02,Closed,336355,361° MEN TSU,1
035,035 - Lacali - MAATC,035-A-02,Closed,336419,361° MEN PTK,3
035,035 - Lacali - MAATC,035-A-02,Closed,336420,361° MEN PTK,2
035,035 - Lacali - MAATC,035-A-02,Closed,336429,361° MEN PTK,1
035,035 - Lacali - MAATC,035-A-02,Closed,336436,361° MEN TSS,2
035,035 - Lacali - MAATC,035-A-02,Closed,336440,361° MEN TSS,1
035,035 - Lacali - MAATC,035-A-02,Closed,336441,361° MEN TSS,1
035,035 - Lacali - MAATC,035-A-02,Closed,336445,361° MEN TSS,1
035,035 - Lacali - MAATC,035-A-02,Closed,336446,361° MEN TSS,1
035,035 - Lacali - MAATC,035-A-02,Closed,336453,361° MEN TSU,1
035,035 - Lacali - MAATC,035-A-02,Closed,336462,361° MEN TSS,2
035,035 - Lacali - MAATC,035-A-02,Closed,336504,361° WMN TSU,2
035,035 - Lacali - MAATC,035-A-02,Closed,336511,361° WMN TSU,1
035,035 - Lacali - MAATC,035-A-02,Closed,336514,361° WMN TSS,2
035,035 - Lacali - MAATC,035-A-02,Closed,336515,361° WMN TSS,3
035,035 - Lacali - MAATC,035-A-02,Closed,336517,361° WMN TSS,1
035,035 - Lacali - MAATC,035-A-02,Closed,336521,361° WMN TSS,3
035,035 - Lacali - MAATC,035-A-02,Closed,336524,361° WMN TSS,1
035,035 - Lacali - MAATC,035-A-02,Closed,336537,361° WMN TSU,1
035,035 - Lacali - MAATC,035-A-02,Closed,336545,361° WMN TSU,3
035,035 - Lacali - MAATC,035-A-02,Closed,336582,361° WMN TSU,2
035,035 - Lacali - MAATC,035-A-02,Closed,336583,361° WMN TSU,1
035,035 - Lacali - MAATC,035-A-02,Closed,336587,361° WMN TSU,3
035,035 - Lacali - MAATC,035-A-02,Closed,336589,361° WMN TSU,1
035,035 - Lacali - MAATC,035-A-03,Closed,336098,361° MEN WST,1
035,035 - Lacali - MAATC,035-A-03,Closed,336125,361° MEN TSS,3
035,035 - Lacali - MAATC,035-A-03,Closed,336135,361° MEN SRT,1
035,035 - Lacali - MAATC,035-A-03,Closed,336140,361° MEN SRT,1
035,035 - Lacali - MAATC,035-A-03,Closed,336141,361° MEN SRT,1
035,035 - Lacali - MAATC,035-A-03,Closed,336148,361° MEN TSS,2
035,035 - Lacali - MAATC,035-A-03,Closed,336149,361° MEN TSS,3
035,035 - Lacali - MAATC,035-A-03,Closed,336167,361° MEN TSS,3
035,035 - Lacali - MAATC,035-A-03,Closed,336180,361° MEN TSS,2
035,035 - Lacali - MAATC,035-A-03,Closed,336181,361° MEN TSS,1
035,035 - Lacali - MAATC,035-A-03,Closed,336186,361° MEN TSS,2
035,035 - Lacali - MAATC,035-A-03,Closed,336189,361° MEN TSS,1
035,035 - Lacali - MAATC,035-A-03,Closed,336204,361° MEN TSS,1
035,035 - Lacali - MAATC,035-A-03,Closed,336209,361° MEN TSS,3
035,035 - Lacali - MAATC,035-A-03,Closed,336218,361° MEN TSS,1
035,035 - Lacali - MAATC,035-A-03,Closed,336239,361° MEN SRT,3
035,035 - Lacali - MAATC,035-A-03,Closed,336247,361° MEN SRT,1
035,035 - Lacali - MAATC,035-A-03,Closed,336255,361° MEN TSU,1
035,035 - Lacali - MAATC,035-A-03,Closed,336256,361° MEN TSU,2
035,035 - Lacali - MAATC,035-A-03,Closed,336260,361° MEN TSU,1
035,035 - Lacali - MAATC,035-A-03,Closed,336283,361° MEN TSS,1
035,035 - Lacali - MAATC,035-A-03,Closed,336311,361° MEN TSS,3
035,035 - Lacali - MAATC,035-A-03,Closed,336322,361° MEN CPR,2
035,035 - Lacali - MAATC,035-A-03,Closed,336330,361° MEN CPR,2
035,035 - Lacali - MAATC,035-A-03,Closed,336357,361° MEN TSS,1
035,035 - Lacali - MAATC,035-A-03,Closed,336359,361° MEN TSS,3
035,035 - Lacali - MAATC,035-A-03,Closed,336360,361° MEN TSS,2
035,035 - Lacali - MAATC,035-A-03,Closed,336363,361° MEN TSS,1
035,035 - Lacali - MAATC,035-A-03,Closed,336364,361° MEN TSS,2
035,035 - Lacali - MAATC,035-A-03,Closed,336367,361° MEN TSS,1
035,035 - Lacali - MAATC,035-A-03,Closed,336368,361° MEN TSS,1
035,035 - Lacali - MAATC,035-A-03,Closed,336388,361° MEN TSS,2
035,035 - Lacali - MAATC,035-A-03,Closed,336390,361° MEN TSS,2
035,035 - Lacali - MAATC,035-A-03,Closed,336393,361° MEN TSS,1
035,035 - Lacali - MAATC,035-A-03,Closed,336395,361° MEN TSS,3
035,035 - Lacali - MAATC,035-A-03,Closed,336396,361° MEN TSS,2
035,035 - Lacali - MAATC,035-A-03,Closed,336401,361° MEN TSS,3
035,035 - Lacali - MAATC,035-A-03,Closed,336471,361° MEN TSU,1
035,035 - Lacali - MAATC,035-A-03,Closed,336477,361° MEN TSU,1
035,035 - Lacali - MAATC,035-A-03,Closed,336478,361° MEN TSU,2
035,035 - Lacali - MAATC,035-A-03,Closed,336489,361° WMN TSS,1
035,035 - Lacali - MAATC,035-A-03,Closed,336492,361° WMN TSS,2
035,035 - Lacali - MAATC,035-A-03,Closed,336493,361° WMN TSS,1
035,035 - Lacali - MAATC,035-A-03,Closed,336499,361° WMN TSS,1
035,035 - Lacali - MAATC,035-A-03,Closed,336543,361° WMN TSU,1
035,035 - Lacali - MAATC,035-A-03,Closed,336544,361° WMN TSU,2
035,035 - Lacali - MAATC,035-A-03,Closed,336558,361° WMN TSU,2
035,035 - Lacali - MAATC,035-A-03,Closed,336561,361° WMN TSU,1
035,035 - Lacali - MAATC,035-A-03,Closed,336562,361° WMN TSU,2
035,035 - Lacali - MAATC,035-A-03,Closed,336569,361° WMN TSU,3
035,035 - Lacali - MAATC,035-A-03,Closed,336570,361° WMN TSU,2
035,035 - Lacali - MAATC,035-A-06,Open,336012,361° MEN SRT,1
035,035 - Lacali - MAATC,035-A-06,Open,336143,361° MEN SRT,3
035,035 - Lacali - MAATC,035-J-01,Closed,336102,361° MEN JCK,2
035,035 - Lacali - MAATC,035-J-01,Closed,336104,361° MEN JCK,1
035,035 - Lacali - MAATC,035-J-01,Closed,336113,361° MEN TSU,3
035,035 - Lacali - MAATC,035-J-01,Closed,336132,361° MEN TSS,2
035,035 - Lacali - MAATC,035-J-01,Closed,336138,361° MEN SRT,2
035,035 - Lacali - MAATC,035-J-01,Closed,336161,361° MEN TSS,3
035,035 - Lacali - MAATC,035-J-01,Closed,336162,361° MEN TSS,2
035,035 - Lacali - MAATC,035-J-01,Closed,336169,361° MEN TSS,1
035,035 - Lacali - MAATC,035-J-01,Closed,336170,361° MEN TSS,1
035,035 - Lacali - MAATC,035-J-01,Closed,336173,361° MEN TSS,3
035,035 - Lacali - MAATC,035-J-01,Closed,336197,361° MEN TSS,3
035,035 - Lacali - MAATC,035-J-01,Closed,336208,361° MEN TSS,2
035,035 - Lacali - MAATC,035-J-01,Closed,336210,361° MEN TSS,2
035,035 - Lacali - MAATC,035-J-01,Closed,336212,361° MEN TSS,1
035,035 - Lacali - MAATC,035-J-01,Closed,336213,361° MEN TSS,1
035,035 - Lacali - MAATC,035-J-01,Closed,336217,361° MEN TSS,1
035,035 - Lacali - MAATC,035-J-01,Closed,336225,361° MEN SRT,1
035,035 - Lacali - MAATC,035-J-01,Closed,336227,361° MEN SRT,3
035,035 - Lacali - MAATC,035-J-01,Closed,336228,361° MEN SRT,2
035,035 - Lacali - MAATC,035-J-01,Closed,336233,361° MEN SRT,3
035,035 - Lacali - MAATC,035-J-01,Closed,336236,361° MEN SRT,1
035,035 - Lacali - MAATC,035-J-01,Closed,336259,361° MEN TSU,1
035,035 - Lacali - MAATC,035-J-01,Closed,336266,361° MEN TSU,1
035,035 - Lacali - MAATC,035-J-01,Closed,336300,361° MEN TSS,2
035,035 - Lacali - MAATC,035-J-01,Closed,336321,361° MEN CPR,1
035,035 - Lacali - MAATC,035-J-01,Closed,336331,361° MEN CPR,1
035,035 - Lacali - MAATC,035-J-01,Closed,336337,361° MEN SRT,1
035,035 - Lacali - MAATC,035-J-01,Closed,336338,361° MEN SRT,1
035,035 - Lacali - MAATC,035-J-01,Closed,336343,361° MEN SRT,1
035,035 - Lacali - MAATC,035-J-01,Closed,336344,361° MEN SRT,1
035,035 - Lacali - MAATC,035-J-01,Closed,336373,361° MEN SHS,1
035,035 - Lacali - MAATC,035-J-01,Closed,336378,361° MEN SHS,2
035,035 - Lacali - MAATC,035-J-01,Closed,336381,361° MEN SRT,1
035,035 - Lacali - MAATC,035-J-01,Closed,336383,361° MEN SRT,3
035,035 - Lacali - MAATC,035-J-01,Closed,336387,361° MEN TSS,1
035,035 - Lacali - MAATC,035-J-01,Closed,336447,361° MEN TSU,1
035,035 - Lacali - MAATC,035-J-01,Closed,336459,361° MEN TSS,1
035,035 - Lacali - MAATC,035-J-01,Closed,336461,361° MEN TSS,3
035,035 - Lacali - MAATC,035-J-01,Closed,336501,361° WMN TSU,1
035,035 - Lacali - MAATC,035-J-01,Closed,336530,361° WMN TSS,1
035,035 - Lacali - MAATC,035-J-01,Closed,336538,361° WMN TSU,2
035,035 - Lacali - MAATC,035-J-01,Closed,336541,361° WMN TSU,1
035,035 - Lacali - MAATC,035-J-02,Closed,336091,361° MEN WST,1
035,035 - Lacali - MAATC,035-J-02,Closed,336092,361° MEN WST,1
035,035 - Lacali - MAATC,035-J-02,Closed,336119,361° MEN TSU,3
035,035 - Lacali - MAATC,035-J-02,Closed,336127,361° MEN TSS,1
035,035 - Lacali - MAATC,035-J-02,Closed,336163,361° MEN TSS,1
035,035 - Lacali - MAATC,035-J-02,Closed,336166,361° MEN TSS,2
035,035 - Lacali - MAATC,035-J-02,Closed,336184,361° MEN TSS,2
035,035 - Lacali - MAATC,035-J-02,Closed,336187,361° MEN TSS,1
035,035 - Lacali - MAATC,035-J-02,Closed,336219,361° MEN SRT,1
035,035 - Lacali - MAATC,035-J-02,Closed,336231,361° MEN SRT,1
035,035 - Lacali - MAATC,035-J-02,Closed,336232,361° MEN SRT,2
035,035 - Lacali - MAATC,035-J-02,Closed,336241,361° MEN SRT,1
035,035 - Lacali - MAATC,035-J-02,Closed,336242,361° MEN SRT,1
035,035 - Lacali - MAATC,035-J-02,Closed,336254,361° MEN SRT,1
035,035 - Lacali - MAATC,035-J-02,Closed,336261,361° MEN TSU,1
035,035 - Lacali - MAATC,035-J-02,Closed,336265,361° MEN TSU,1
035,035 - Lacali - MAATC,035-J-02,Closed,336275,361° MEN TSU,3
035,035 - Lacali - MAATC,035-J-02,Closed,336276,361° MEN TSU,2
035,035 - Lacali - MAATC,035-J-02,Closed,336290,361° MEN TSS,1
035,035 - Lacali - MAATC,035-J-02,Closed,336294,361° MEN TSS,2
035,035 - Lacali - MAATC,035-J-02,Closed,336301,361° MEN TSS,1
035,035 - Lacali - MAATC,035-J-02,Closed,336339,361° MEN SRT,1
035,035 - Lacali - MAATC,035-J-02,Closed,336372,361° MEN SHS,2
035,035 - Lacali - MAATC,035-J-02,Closed,336374,361° MEN SHS,1
035,035 - Lacali - MAATC,035-J-02,Closed,336411,361° MEN PTK,1
035,035 - Lacali - MAATC,035-J-02,Closed,336415,361° MEN PTK,1
035,035 - Lacali - MAATC,035-J-02,Closed,336417,361° MEN PTK,1
035,035 - Lacali - MAATC,035-J-02,Closed,336434,361° MEN PTK,1
035,035 - Lacali - MAATC,035-J-02,Closed,336451,361° MEN TSU,1
035,035 - Lacali - MAATC,035-J-02,Closed,336452,361° MEN TSU,1
035,035 - Lacali - MAATC,035-J-02,Closed,336458,361° MEN TSU,1
035,035 - Lacali - MAATC,035-J-02,Closed,336470,361° MEN TSS,1
035,035 - Lacali - MAATC,035-J-02,Closed,336481,361° MEN TSU,1
035,035 - Lacali - MAATC,035-J-02,Closed,336491,361° WMN TSS,3
035,035 - Lacali - MAATC,035-J-02,Closed,336508,361° WMN TSU,2
035,035 - Lacali - MAATC,035-J-02,Closed,336510,361° WMN TSU,2
035,035 - Lacali - MAATC,035-J-02,Closed,336512,361° WMN TSU,1
035,035 - Lacali - MAATC,035-J-02,Closed,336518,361° WMN TSS,1
035,035 - Lacali - MAATC,035-J-02,Closed,336519,361° WMN TSS,1
035,035 - Lacali - MAATC,035-J-02,Closed,336520,361° WMN TSS,2
035,035 - Lacali - MAATC,035-J-02,Closed,336522,361° WMN TSS,2
035,035 - Lacali - MAATC,035-J-02,Closed,336523,361° WMN TSS,1
035,035 - Lacali - MAATC,035-J-02,Closed,336525,361° WMN TSS,1
035,035 - Lacali - MAATC,035-J-02,Closed,336563,361° WMN TSU,3
035,035 - Lacali - MAATC,035-J-02,Closed,336568,361° WMN TSU,2
035,035 - Lacali - MAATC,035-J-02,Closed,336572,361° WMN TSU,1
035,035 - Lacali - MAATC,035-J-02,Closed,336573,361° WMN TSU,1
035,035 - Lacali - MAATC,035-J-02,Closed,336576,361° WMN TSU,2
035,035 - Lacali - MAATC,035-J-02,Closed,336577,361° WMN TSU,1
035,035 - Lacali - MAATC,035-J-02,Closed,336578,361° WMN TSU,1
035,035 - Lacali - MAATC,035-J-03,Closed,336087,361° MEN WST,1
035,035 - Lacali - MAATC,035-J-03,Closed,336089,361° MEN WST,3
035,035 - Lacali - MAATC,035-J-03,Closed,336124,361° MEN TSS,2
035,035 - Lacali - MAATC,035-J-03,Closed,336133,361° MEN TSS,1
035,035 - Lacali - MAATC,035-J-03,Closed,336134,361° MEN TSS,1
035,035 - Lacali - MAATC,035-J-03,Closed,336164,361° MEN TSS,1
035,035 - Lacali - MAATC,035-J-03,Closed,336279,361° MEN TSS,1
035,035 - Lacali - MAATC,035-J-03,Closed,336298,361° MEN TSS,2
035,035 - Lacali - MAATC,035-J-03,Closed,336313,361° MEN TSS,1
035,035 - Lacali - MAATC,035-J-03,Closed,336316,361° MEN TSS,2
035,035 - Lacali - MAATC,035-J-03,Closed,336333,361° MEN SRT,1
035,035 - Lacali - MAATC,035-J-03,Closed,336334,361° MEN SRT,2
035,035 - Lacali - MAATC,035-J-03,Closed,336341,361° MEN SRT,3
035,035 - Lacali - MAATC,035-J-03,Closed,336346,361° MEN TSU,2
035,035 - Lacali - MAATC,035-J-03,Closed,336394,361° MEN TSS,2
035,035 - Lacali - MAATC,035-J-03,Closed,336421,361° MEN PTK,1
035,035 - Lacali - MAATC,035-J-03,Closed,336450,361° MEN TSU,2
035,035 - Lacali - MAATC,035-J-03,Closed,336502,361° WMN TSU,2
035,035 - Lacali - MAATC,035-J-03,Closed,336503,361° WMN TSU,3
035,035 - Lacali - MAATC,035-U-1,Closed,336009,361° MEN SRT,2
035,035 - Lacali - MAATC,035-U-1,Closed,336013,361° MEN SRT,3
035,035 - Lacali - MAATC,035-U-1,Closed,336016,361° MEN SRT,1
035,035 - Lacali - MAATC,035-U-1,Closed,336111,361° MEN TSU,1
035,035 - Lacali - MAATC,035-U-1,Closed,336112,361° MEN TSU,2
035,035 - Lacali - MAATC,035-U-1,Closed,336114,361° MEN TSU,2
035,035 - Lacali - MAATC,035-U-1,Closed,336115,361° MEN TSU,1
035,035 - Lacali - MAATC,035-U-1,Closed,336117,361° MEN TSU,1
035,035 - Lacali - MAATC,035-U-1,Closed,336120,361° MEN TSU,2
035,035 - Lacali - MAATC,035-U-1,Closed,336177,361° MEN TSS,1
035,035 - Lacali - MAATC,035-U-1,Closed,336195,361° MEN TSS,1
035,035 - Lacali - MAATC,035-U-1,Closed,336198,361° MEN TSS,1
035,035 - Lacali - MAATC,035-U-1,Closed,336203,361° MEN TSS,3
035,035 - Lacali - MAATC,035-U-1,Closed,336223,361° MEN SRT,1
035,035 - Lacali - MAATC,035-U-1,Closed,336251,361° MEN SRT,3
035,035 - Lacali - MAATC,035-U-1,Closed,336282,361° MEN TSS,2
035,035 - Lacali - MAATC,035-U-1,Closed,336284,361° MEN TSS,1
035,035 - Lacali - MAATC,035-U-1,Closed,336292,361° MEN TSS,2
035,035 - Lacali - MAATC,035-U-1,Closed,336293,361° MEN TSS,3
035,035 - Lacali - MAATC,035-U-1,Closed,336296,361° MEN TSS,1
035,035 - Lacali - MAATC,035-U-1,Closed,336297,361° MEN TSS,1
035,035 - Lacali - MAATC,035-U-1,Closed,336299,361° MEN TSS,3
035,035 - Lacali - MAATC,035-U-1,Closed,336302,361° MEN TSS,1
035,035 - Lacali - MAATC,035-U-1,Closed,336323,361° MEN CPR,3
035,035 - Lacali - MAATC,035-U-1,Closed,336349,361° MEN TSU,1
035,035 - Lacali - MAATC,035-U-1,Closed,336375,361° MEN SHS,1
035,035 - Lacali - MAATC,035-U-1,Closed,336376,361° MEN SHS,2
035,035 - Lacali - MAATC,035-U-1,Closed,336377,361° MEN SHS,3
035,035 - Lacali - MAATC,035-U-1,Closed,336379,361° MEN SHS,1
035,035 - Lacali - MAATC,035-U-1,Closed,336380,361° MEN SHS,1
035,035 - Lacali - MAATC,035-U-1,Closed,336412,361° MEN PTK,2
035,035 - Lacali - MAATC,035-U-1,Closed,336413,361° MEN PTK,3
035,035 - Lacali - MAATC,035-U-1,Closed,336416,361° MEN PTK,1
035,035 - Lacali - MAATC,035-U-1,Closed,336467,361° MEN TSS,3
035,035 - Lacali - MAATC,035-U-1,Closed,336485,361° WMN TSU,3
035,035 - Lacali - MAATC,035-U-1,Closed,336487,361° WMN TSU,1
035,035 - Lacali - MAATC,035-U-1,Closed,336550,361° WMN SKR,2
035,035 - Lacali - MAATC,035-U-1,Closed,336551,361° WMN SKR,3
035,035 - Lacali - MAATC,035-U-1,Closed,336553,361° WMN SKR,1
035,035 - Lacali - MAATC,035-U-1,Closed,336554,361° WMN SKR,1
035,035 - Lacali - MAATC,035-U-1,Closed,336555,361° WMN TSU,1
035,035 - Lacali - MAATC,035-U-1,Closed,336557,361° WMN TSU,3
035,035 - Lacali - MAATC,035-U-1,Closed,336579,361° WMN TSU,1
035,035 - Lacali - MAATC,035-U-1,Closed,336581,361° WMN TSU,3
035,035 - Lacali - MAATC,035-U-1,Closed,336584,361° WMN TSU,1
035,035 - Lacali - MAATC,035-U-1,Closed,336585,361° WMN TSU,1
035,035 - Lacali - MAATC,035-U-1,Closed,336586,361° WMN TSU,2
035,035 - Lacali - MAATC,035-U-1,Closed,336590,361° WMN TSU,1
035,035 - Lacali - MAATC,035-U-15,Closed,336033,361° USX BPK,2
035,035 - Lacali - MAATC,035-U-15,Closed,336034,361° USX BPK,2
035,035 - Lacali - MAATC,035-U-15,Closed,336035,361° USX WST,6
035,035 - Lacali - MAATC,035-U-15,Closed,336038,361° USX CAP,6
035,035 - Lacali - MAATC,035-U-15,Closed,336039,361° USX CAP,6
035,035 - Lacali - MAATC,035-U-15,Closed,336040,361° USX CAP,6
035,035 - Lacali - MAATC,035-U-15,Closed,336041,361° USX CAP,6
035,035 - Lacali - MAATC,035-U-15,Closed,336043,361° USX CAP,6
035,035 - Lacali - MAATC,035-U-15,Closed,336044,361° USX CAP,6
035,035 - Lacali - MAATC,035-U-15,Closed,336045,361° USX CAP,6
035,035 - Lacali - MAATC,035-U-15,Closed,336046,361° USX CAP,6
035,035 - Lacali - MAATC,035-U-15,Closed,336047,361° USX CAP,6
035,035 - Lacali - MAATC,035-U-15,Closed,336048,361° MEN SCK,9
035,035 - Lacali - MAATC,035-U-15,Closed,336049,361° MEN SCK,9
035,035 - Lacali - MAATC,035-U-15,Closed,336050,361° MEN SCK,1
035,035 - Lacali - MAATC,035-U-15,Closed,336051,361° MEN SCK,9
035,035 - Lacali - MAATC,035-U-15,Closed,336052,361° MEN SCK,9
035,035 - Lacali - MAATC,035-U-15,Closed,336055,361° MEN SCK,9
035,035 - Lacali - MAATC,035-U-15,Closed,336057,361° USX SCK,4
035,035 - Lacali - MAATC,035-U-15,Closed,336058,361° USX SCK,8
035,035 - Lacali - MAATC,035-U-15,Closed,336059,361° USX SCK,4
035,035 - Lacali - MAATC,035-U-15,Closed,336060,361° USX SCK,4
035,035 - Lacali - MAATC,035-U-15,Closed,336061,361° USX SCK,8
035,035 - Lacali - MAATC,035-U-15,Closed,336062,361° USX SCK,4
035,035 - Lacali - MAATC,035-U-15,Closed,336063,361° USX SCK,4
035,035 - Lacali - MAATC,035-U-15,Closed,336064,361° USX SCK,8
035,035 - Lacali - MAATC,035-U-15,Closed,336065,361° USX SCK,4
035,035 - Lacali - MAATC,035-U-15,Closed,336066,361° USX SCK,4
035,035 - Lacali - MAATC,035-U-15,Closed,336067,361° USX SCK,8
035,035 - Lacali - MAATC,035-U-15,Closed,336068,361° USX SCK,4
035,035 - Lacali - MAATC,035-U-15,Closed,336069,361° USX SCK,4
035,035 - Lacali - MAATC,035-U-15,Closed,336070,361° USX SCK,8
035,035 - Lacali - MAATC,035-U-15,Closed,336071,361° USX SCK,4
035,035 - Lacali - MAATC,035-U-15,Closed,336072,361° USX SCK,4
035,035 - Lacali - MAATC,035-U-15,Closed,336073,361° USX SCK,8
035,035 - Lacali - MAATC,035-U-15,Closed,336074,361° USX SCK,4
035,035 - Lacali - MAATC,035-U-15,Closed,336075,361° USX INS,1
035,035 - Lacali - MAATC,035-U-15,Closed,336076,361° USX INS,2
035,035 - Lacali - MAATC,035-U-15,Closed,336077,361° USX INS,3
035,035 - Lacali - MAATC,035-U-15,Closed,336078,361° USX INS,3
035,035 - Lacali - MAATC,035-U-15,Closed,336079,361° USX INS,2
035,035 - Lacali - MAATC,035-U-15,Closed,336080,361° USX INS,1
035,035 - Lacali - MAATC,035-U-16,Closed,336671,361° MEN SHO,1
035,035 - Lacali - MAATC,035-U-16,Closed,336672,361° MEN SHO,2
035,035 - Lacali - MAATC,035-U-16,Closed,336673,361° MEN SHO,3
035,035 - Lacali - MAATC,035-U-16,Closed,336674,361° MEN SHO,3
035,035 - Lacali - MAATC,035-U-16,Closed,336675,361° MEN SHO,3
035,035 - Lacali - MAATC,035-U-17,Closed,336018,361° MEN SHO,1
035,035 - Lacali - MAATC,035-U-17,Closed,336019,361° MEN SHO,2
035,035 - Lacali - MAATC,035-U-17,Closed,336020,361° MEN SHO,3
035,035 - Lacali - MAATC,035-U-17,Closed,336021,361° MEN SHO,3
035,035 - Lacali - MAATC,035-U-17,Closed,336022,361° MEN SHO,3
035,035 - Lacali - MAATC,035-U-18,Closed,336023,361° MEN SHO,1
035,035 - Lacali - MAATC,035-U-18,Closed,336024,361° MEN SHO,2
035,035 - Lacali - MAATC,035-U-18,Closed,336025,361° MEN SHO,3
035,035 - Lacali - MAATC,035-U-18,Closed,336026,361° MEN SHO,3
035,035 - Lacali - MAATC,035-U-18,Closed,336027,361° MEN SHO,3
035,035 - Lacali - MAATC,035-U-19,Closed,336650,361° MEN SHO,1
035,035 - Lacali - MAATC,035-U-19,Closed,336651,361° MEN SHO,2
035,035 - Lacali - MAATC,035-U-19,Closed,336652,361° MEN SHO,3
035,035 - Lacali - MAATC,035-U-19,Closed,336653,361° MEN SHO,3
035,035 - Lacali - MAATC,035-U-19,Closed,336654,361° MEN SHO,2
035,035 - Lacali - MAATC,035-U-19,Closed,336655,361° MEN SHO,1
035,035 - Lacali - MAATC,035-U-20,Closed,336645,361° MEN SHO,1
035,035 - Lacali - MAATC,035-U-20,Closed,336646,361° MEN SHO,2
035,035 - Lacali - MAATC,035-U-20,Closed,336647,361° MEN SHO,3
035,035 - Lacali - MAATC,035-U-20,Closed,336648,361° MEN SHO,3
035,035 - Lacali - MAATC,035-U-20,Closed,336649,361° MEN SHO,3
035,035 - Lacali - MAATC,035-U-21,Closed,336616,361° MEN SHO,1
035,035 - Lacali - MAATC,035-U-21,Closed,336617,361° MEN SHO,1
035,035 - Lacali - MAATC,035-U-21,Closed,336618,361° MEN SHO,3
035,035 - Lacali - MAATC,035-U-21,Closed,336619,361° MEN SHO,3
035,035 - Lacali - MAATC,035-U-21,Closed,336620,361° MEN SHO,2
035,035 - Lacali - MAATC,035-U-21,Closed,336621,361° MEN SHO,1
035,035 - Lacali - MAATC,035-U-21,Closed,336622,361° MEN SHO,1
035,035 - Lacali - MAATC,035-U-22,Closed,336635,361° MEN SHO,1
035,035 - Lacali - MAATC,035-U-22,Closed,336636,361° MEN SHO,2
035,035 - Lacali - MAATC,035-U-22,Closed,336637,361° MEN SHO,3
035,035 - Lacali - MAATC,035-U-22,Closed,336638,361° MEN SHO,3
035,035 - Lacali - MAATC,035-U-22,Closed,336639,361° MEN SHO,3
035,035 - Lacali - MAATC,035-U-23,Closed,336591,361° MEN SHO,1
035,035 - Lacali - MAATC,035-U-23,Closed,336592,361° MEN SHO,2
035,035 - Lacali - MAATC,035-U-23,Closed,336593,361° MEN SHO,3
035,035 - Lacali - MAATC,035-U-23,Closed,336594,361° MEN SHO,3
035,035 - Lacali - MAATC,035-U-23,Closed,336595,361° MEN SHO,2
035,035 - Lacali - MAATC,035-U-23,Closed,336596,361° MEN SHO,1
035,035 - Lacali - MAATC,035-U-24,Closed,336623,361° MEN SHO,1
035,035 - Lacali - MAATC,035-U-24,Closed,336624,361° MEN SHO,1
035,035 - Lacali - MAATC,035-U-24,Closed,336625,361° MEN SHO,3
035,035 - Lacali - MAATC,035-U-24,Closed,336626,361° MEN SHO,3
035,035 - Lacali - MAATC,035-U-24,Closed,336627,361° MEN SHO,2
035,035 - Lacali - MAATC,035-U-24,Closed,336628,361° MEN SHO,1
035,035 - Lacali - MAATC,035-U-24,Closed,336629,361° MEN SHO,1
035,035 - Lacali - MAATC,035-U-25,Closed,336597,361° MEN SHO,1
035,035 - Lacali - MAATC,035-U-25,Closed,336598,361° MEN SHO,1
035,035 - Lacali - MAATC,035-U-25,Closed,336599,361° MEN SHO,3
035,035 - Lacali - MAATC,035-U-25,Closed,336600,361° MEN SHO,3
035,035 - Lacali - MAATC,035-U-25,Closed,336601,361° MEN SHO,2
035,035 - Lacali - MAATC,035-U-25,Closed,336602,361° MEN SHO,1
035,035 - Lacali - MAATC,035-U-25,Closed,336603,361° MEN SHO,1
035,035 - Lacali - MAATC,035-U-26,Closed,336656,361° MEN SHO,1
035,035 - Lacali - MAATC,035-U-26,Closed,336657,361° MEN SHO,2
035,035 - Lacali - MAATC,035-U-26,Closed,336658,361° MEN SHO,3
035,035 - Lacali - MAATC,035-U-26,Closed,336659,361° MEN SHO,3
035,035 - Lacali - MAATC,035-U-26,Closed,336660,361° MEN SHO,3
035,035 - Lacali - MAATC,035-U-27,Closed,336666,361° MEN SHO,1
035,035 - Lacali - MAATC,035-U-27,Closed,336667,361° MEN SHO,2
035,035 - Lacali - MAATC,035-U-27,Closed,336668,361° MEN SHO,3
035,035 - Lacali - MAATC,035-U-27,Closed,336669,361° MEN SHO,3
035,035 - Lacali - MAATC,035-U-27,Closed,336670,361° MEN SHO,3
035,035 - Lacali - MAATC,035-U-28,Closed,336604,361° MEN SHO,1
035,035 - Lacali - MAATC,035-U-28,Closed,336605,361° MEN SHO,2
035,035 - Lacali - MAATC,035-U-28,Closed,336606,361° MEN SHO,3
035,035 - Lacali - MAATC,035-U-28,Closed,336607,361° MEN SHO,3
035,035 - Lacali - MAATC,035-U-28,Closed,336608,361° MEN SHO,2
035,035 - Lacali - MAATC,035-U-28,Closed,336609,361° MEN SHO,1
035,035 - Lacali - MAATC,035-U-29,Closed,336610,361° MEN SHO,1
035,035 - Lacali - MAATC,035-U-29,Closed,336611,361° MEN SHO,2
035,035 - Lacali - MAATC,035-U-29,Closed,336612,361° MEN SHO,3
035,035 - Lacali - MAATC,035-U-29,Closed,336613,361° MEN SHO,3
035,035 - Lacali - MAATC,035-U-29,Closed,336614,361° MEN SHO,2
035,035 - Lacali - MAATC,035-U-29,Closed,336615,361° MEN SHO,1
035,035 - Lacali - MAATC,035-U-3,Closed,336011,361° MEN SRT,1
035,035 - Lacali - MAATC,035-U-3,Closed,336090,361° MEN WST,2
035,035 - Lacali - MAATC,035-U-3,Closed,336156,361° MEN TSS,2
035,035 - Lacali - MAATC,035-U-3,Closed,336158,361° MEN TSS,1
035,035 - Lacali - MAATC,035-U-3,Closed,336160,361° MEN TSS,2
035,035 - Lacali - MAATC,035-U-3,Closed,336172,361° MEN TSS,1
035,035 - Lacali - MAATC,035-U-3,Closed,336176,361° MEN TSS,1
035,035 - Lacali - MAATC,035-U-3,Closed,336178,361° MEN TSS,2
035,035 - Lacali - MAATC,035-U-3,Closed,336183,361° MEN TSS,1
035,035 - Lacali - MAATC,035-U-3,Closed,336188,361° MEN TSS,1
035,035 - Lacali - MAATC,035-U-3,Closed,336190,361° MEN TSS,2
035,035 - Lacali - MAATC,035-U-3,Closed,336191,361° MEN TSS,3
035,035 - Lacali - MAATC,035-U-3,Closed,336193,361° MEN TSS,1
035,035 - Lacali - MAATC,035-U-3,Closed,336194,361° MEN TSS,1
035,035 - Lacali - MAATC,035-U-3,Closed,336196,361° MEN TSS,2
035,035 - Lacali - MAATC,035-U-3,Closed,336198,361° MEN TSS,1
035,035 - Lacali - MAATC,035-U-3,Closed,336208,361° MEN TSS,1
035,035 - Lacali - MAATC,035-U-3,Closed,336214,361° MEN TSS,2
035,035 - Lacali - MAATC,035-U-3,Closed,336224,361° MEN SRT,1
035,035 - Lacali - MAATC,035-U-3,Closed,336244,361° MEN SRT,2
035,035 - Lacali - MAATC,035-U-3,Closed,336291,361° MEN TSS,1
035,035 - Lacali - MAATC,035-U-3,Closed,336303,361° MEN TSS,1
035,035 - Lacali - MAATC,035-U-3,Closed,336305,361° MEN TSS,3
035,035 - Lacali - MAATC,035-U-3,Closed,336318,361° MEN TSS,2
035,035 - Lacali - MAATC,035-U-3,Closed,336329,361° MEN CPR,3
035,035 - Lacali - MAATC,035-U-3,Closed,336348,361° MEN TSU,1
035,035 - Lacali - MAATC,035-U-3,Closed,336351,361° MEN TSU,1
035,035 - Lacali - MAATC,035-U-3,Closed,336402,361° MEN TSS,2
035,035 - Lacali - MAATC,035-U-3,Closed,336407,361° MEN TSS,3
035,035 - Lacali - MAATC,035-U-3,Closed,336408,361° MEN TSS,2
035,035 - Lacali - MAATC,035-U-3,Closed,336414,361° MEN PTK,2
035,035 - Lacali - MAATC,035-U-3,Closed,336426,361° MEN PTK,2
035,035 - Lacali - MAATC,035-U-3,Closed,336432,361° MEN PTK,2
035,035 - Lacali - MAATC,035-U-3,Closed,336438,361° MEN TSS,2
035,035 - Lacali - MAATC,035-U-3,Closed,336444,361° MEN TSS,2
035,035 - Lacali - MAATC,035-U-3,Closed,336460,361° MEN TSS,2
035,035 - Lacali - MAATC,035-U-3,Closed,336464,361° MEN TSS,1
035,035 - Lacali - MAATC,035-U-3,Closed,336468,361° MEN TSS,2
035,035 - Lacali - MAATC,035-U-3,Closed,336484,361° WMN TSU,2
035,035 - Lacali - MAATC,035-U-3,Closed,336496,361° WMN TSS,1
035,035 - Lacali - MAATC,035-U-3,Closed,336505,361° WMN TSU,1
035,035 - Lacali - MAATC,035-U-3,Closed,336506,361° WMN TSU,1
035,035 - Lacali - MAATC,035-U-3,Closed,336528,361° WMN TSS,2
035,035 - Lacali - MAATC,035-U-3,Closed,336533,361° WMN TSS,3
035,035 - Lacali - MAATC,035-U-3,Closed,336540,361° WMN TSU,2
035,035 - Lacali - MAATC,035-U-30,Closed,336630,361° MEN SHO,1
035,035 - Lacali - MAATC,035-U-30,Closed,336631,361° MEN SHO,2
035,035 - Lacali - MAATC,035-U-30,Closed,336632,361° MEN SHO,3
035,035 - Lacali - MAATC,035-U-30,Closed,336633,361° MEN SHO,3
035,035 - Lacali - MAATC,035-U-30,Closed,336634,361° MEN SHO,3
035,035 - Lacali - MAATC,035-U-31,Closed,336661,361° MEN SHO,1
035,035 - Lacali - MAATC,035-U-31,Closed,336662,361° MEN SHO,2
035,035 - Lacali - MAATC,035-U-31,Closed,336663,361° MEN SHO,3
035,035 - Lacali - MAATC,035-U-31,Closed,336664,361° MEN SHO,3
035,035 - Lacali - MAATC,035-U-31,Closed,336665,361° MEN SHO,3
035,035 - Lacali - MAATC,035-U-32,Closed,336640,361° MEN SHO,1
035,035 - Lacali - MAATC,035-U-32,Closed,336641,361° MEN SHO,2
035,035 - Lacali - MAATC,035-U-32,Closed,336642,361° MEN SHO,3
035,035 - Lacali - MAATC,035-U-32,Closed,336643,361° MEN SHO,3
035,035 - Lacali - MAATC,035-U-32,Closed,336644,361° MEN SHO,3
035,035 - Lacali - MAATC,035-U-33,Closed,336028,361° MEN SHO,1
035,035 - Lacali - MAATC,035-U-33,Closed,336029,361° MEN SHO,2
035,035 - Lacali - MAATC,035-U-33,Closed,336030,361° MEN SHO,3
035,035 - Lacali - MAATC,035-U-33,Closed,336031,361° MEN SHO,3
035,035 - Lacali - MAATC,035-U-33,Closed,336032,361° MEN SHO,3
035,035 - Lacali - MAATC,035-U-34,Closed,336713,361° WMN SHO,2
035,035 - Lacali - MAATC,035-U-34,Closed,336714,361° WMN SHO,3
035,035 - Lacali - MAATC,035-U-34,Closed,336715,361° WMN SHO,3
035,035 - Lacali - MAATC,035-U-34,Closed,336716,361° WMN SHO,3
035,035 - Lacali - MAATC,035-U-35,Closed,336686,361° WMN SHO,1
035,035 - Lacali - MAATC,035-U-35,Closed,336687,361° WMN SHO,2
035,035 - Lacali - MAATC,035-U-35,Closed,336688,361° WMN SHO,3
035,035 - Lacali - MAATC,035-U-35,Closed,336689,361° WMN SHO,3
035,035 - Lacali - MAATC,035-U-35,Closed,336690,361° WMN SHO,1
035,035 - Lacali - MAATC,035-U-35,Closed,336691,361° WMN SHO,1
035,035 - Lacali - MAATC,035-U-36,Closed,336702,361° WMN SHO,1
035,035 - Lacali - MAATC,035-U-36,Closed,336703,361° WMN SHO,2
035,035 - Lacali - MAATC,035-U-36,Closed,336704,361° WMN SHO,3
035,035 - Lacali - MAATC,035-U-36,Closed,336705,361° WMN SHO,3
035,035 - Lacali - MAATC,035-U-36,Closed,336706,361° WMN SHO,1
035,035 - Lacali - MAATC,035-U-36,Closed,336707,361° WMN SHO,1
035,035 - Lacali - MAATC,035-U-37,Closed,336676,361° WMN SHO,2
035,035 - Lacali - MAATC,035-U-37,Closed,336677,361° WMN SHO,3
035,035 - Lacali - MAATC,035-U-37,Closed,336678,361° WMN SHO,3
035,035 - Lacali - MAATC,035-U-37,Closed,336679,361° WMN SHO,3
035,035 - Lacali - MAATC,035-U-38,Closed,336692,361° WMN SHO,2
035,035 - Lacali - MAATC,035-U-38,Closed,336693,361° WMN SHO,3
035,035 - Lacali - MAATC,035-U-38,Closed,336694,361° WMN SHO,3
035,035 - Lacali - MAATC,035-U-38,Closed,336695,361° WMN SHO,3
035,035 - Lacali - MAATC,035-U-39,Closed,336681,361° WMN SHO,2
035,035 - Lacali - MAATC,035-U-39,Closed,336682,361° WMN SHO,3
035,035 - Lacali - MAATC,035-U-39,Closed,336683,361° WMN SHO,3
035,035 - Lacali - MAATC,035-U-39,Closed,336684,361° WMN SHO,3
035,035 - Lacali - MAATC,035-U-4,Closed,336007,361° MEN SRT,3
035,035 - Lacali - MAATC,035-U-4,Closed,336010,361° MEN SRT,1
035,035 - Lacali - MAATC,035-U-4,Closed,336017,361° MEN SRT,1
035,035 - Lacali - MAATC,035-U-4,Closed,336093,361° MEN WST,1
035,035 - Lacali - MAATC,035-U-4,Closed,336094,361° MEN WST,2
035,035 - Lacali - MAATC,035-U-4,Closed,336096,361° MEN WST,2
035,035 - Lacali - MAATC,035-U-4,Closed,336106,361° MEN JCK,2
035,035 - Lacali - MAATC,035-U-4,Closed,336204,361° MEN TSS,1
035,035 - Lacali - MAATC,035-U-4,Closed,336206,361° MEN TSS,1
035,035 - Lacali - MAATC,035-U-4,Closed,336220,361° MEN SRT,2
035,035 - Lacali - MAATC,035-U-4,Closed,336226,361° MEN SRT,2
035,035 - Lacali - MAATC,035-U-4,Closed,336229,361° MEN SRT,1
035,035 - Lacali - MAATC,035-U-4,Closed,336230,361° MEN SRT,1
035,035 - Lacali - MAATC,035-U-4,Closed,336234,361° MEN SRT,2
035,035 - Lacali - MAATC,035-U-4,Closed,336235,361° MEN SRT,1
035,035 - Lacali - MAATC,035-U-4,Closed,336258,361° MEN TSU,2
035,035 - Lacali - MAATC,035-U-4,Closed,336295,361° MEN TSS,1
035,035 - Lacali - MAATC,035-U-4,Closed,336332,361° MEN CPR,1
035,035 - Lacali - MAATC,035-U-4,Closed,336336,361° MEN SRT,2
035,035 - Lacali - MAATC,035-U-4,Closed,336340,361° MEN SRT,2
035,035 - Lacali - MAATC,035-U-4,Closed,336342,361° MEN SRT,2
035,035 - Lacali - MAATC,035-U-4,Closed,336353,361° MEN TSU,3
035,035 - Lacali - MAATC,035-U-4,Closed,336369,361° MEN SHS,1
035,035 - Lacali - MAATC,035-U-4,Closed,336382,361° MEN SRT,2
035,035 - Lacali - MAATC,035-U-4,Closed,336384,361° MEN SRT,2
035,035 - Lacali - MAATC,035-U-4,Closed,336385,361° MEN SRT,1
035,035 - Lacali - MAATC,035-U-4,Closed,336386,361° MEN SRT,1
035,035 - Lacali - MAATC,035-U-4,Closed,336389,361° MEN TSS,2
035,035 - Lacali - MAATC,035-U-4,Closed,336422,361° MEN PTK,1
035,035 - Lacali - MAATC,035-U-4,Closed,336423,361° MEN PTK,1
035,035 - Lacali - MAATC,035-U-4,Closed,336430,361° MEN PTK,2
035,035 - Lacali - MAATC,035-U-4,Closed,336433,361° MEN PTK,1
035,035 - Lacali - MAATC,035-U-4,Closed,336442,361° MEN TSS,1
035,035 - Lacali - MAATC,035-U-4,Closed,336463,361° MEN TSS,1
035,035 - Lacali - MAATC,035-U-4,Closed,336465,361° MEN TSS,1
035,035 - Lacali - MAATC,035-U-4,Closed,336466,361° MEN TSS,2
035,035 - Lacali - MAATC,035-U-4,Closed,336469,361° MEN TSS,1
035,035 - Lacali - MAATC,035-U-4,Closed,336472,361° MEN TSU,1
035,035 - Lacali - MAATC,035-U-4,Closed,336482,361° MEN TSU,1
035,035 - Lacali - MAATC,035-U-4,Closed,336498,361° WMN TSS,2
035,035 - Lacali - MAATC,035-U-4,Closed,336507,361° WMN TSU,1
035,035 - Lacali - MAATC,035-U-4,Closed,336509,361° WMN TSU,3
035,035 - Lacali - MAATC,035-U-4,Closed,336535,361° WMN TSS,1
035,035 - Lacali - MAATC,035-U-4,Closed,336552,361° WMN SKR,2
035,035 - Lacali - MAATC,035-U-4,Closed,336556,361° WMN TSU,2
035,035 - Lacali - MAATC,035-U-4,Closed,336564,361° WMN TSU,2
035,035 - Lacali - MAATC,035-U-4,Closed,336565,361° WMN TSU,1
035,035 - Lacali - MAATC,035-U-4,Closed,336567,361° WMN TSU,1
035,035 - Lacali - MAATC,035-U-4,Closed,336571,361° WMN TSU,1
035,035 - Lacali - MAATC,035-U-4,Closed,336574,361° WMN TSU,2
035,035 - Lacali - MAATC,035-U-4,Closed,336575,361° WMN TSU,3
035,035 - Lacali - MAATC,035-U-40,Closed,336708,361° WMN SHO,2
035,035 - Lacali - MAATC,035-U-40,Closed,336709,361° WMN SHO,3
035,035 - Lacali - MAATC,035-U-40,Closed,336710,361° WMN SHO,3
035,035 - Lacali - MAATC,035-U-40,Closed,336711,361° WMN SHO,3
035,035 - Lacali - MAATC,035-U-41,Closed,336697,361° WMN SHO,2
035,035 - Lacali - MAATC,035-U-41,Closed,336698,361° WMN SHO,3
035,035 - Lacali - MAATC,035-U-41,Closed,336699,361° WMN SHO,3
035,035 - Lacali - MAATC,035-U-41,Closed,336700,361° WMN SHO,3
035,035 - Lacali - MAATC,035-U-43,Closed,336084,361° MEN WST,2
035,035 - Lacali - MAATC,035-U-43,Closed,336100,361° MEN JCK,2
035,035 - Lacali - MAATC,035-U-43,Closed,336126,361° MEN TSS,2
035,035 - Lacali - MAATC,035-U-43,Closed,336131,361° MEN TSS,3
035,035 - Lacali - MAATC,035-U-43,Closed,336172,361° MEN TSS,2
035,035 - Lacali - MAATC,035-U-43,Closed,336175,361° MEN TSS,1
035,035 - Lacali - MAATC,035-U-43,Closed,336222,361° MEN SRT,2
035,035 - Lacali - MAATC,035-U-43,Closed,336240,361° MEN SRT,2
035,035 - Lacali - MAATC,035-U-43,Closed,336243,361° MEN SRT,1
035,035 - Lacali - MAATC,035-U-43,Closed,336245,361° MEN SRT,3
035,035 - Lacali - MAATC,035-U-43,Closed,336246,361° MEN SRT,2
035,035 - Lacali - MAATC,035-U-43,Closed,336250,361° MEN SRT,2
035,035 - Lacali - MAATC,035-U-43,Closed,336252,361° MEN SRT,2
035,035 - Lacali - MAATC,035-U-43,Closed,336253,361° MEN SRT,1
035,035 - Lacali - MAATC,035-U-43,Closed,336263,361° MEN TSU,3
035,035 - Lacali - MAATC,035-U-43,Closed,336277,361° MEN TSU,1
035,035 - Lacali - MAATC,035-U-43,Closed,336315,361° MEN TSS,1
035,035 - Lacali - MAATC,035-U-43,Closed,336317,361° MEN TSS,3
035,035 - Lacali - MAATC,035-U-43,Closed,336328,361° MEN CPR,2
035,035 - Lacali - MAATC,035-U-43,Closed,336335,361° MEN SRT,3
035,035 - Lacali - MAATC,035-U-43,Closed,336371,361° MEN SHS,3
035,035 - Lacali - MAATC,035-U-43,Closed,336449,361° MEN TSU,3
035,035 - Lacali - MAATC,035-U-43,Closed,336456,361° MEN TSU,1
035,035 - Lacali - MAATC,035-U-43,Closed,336457,361° MEN TSU,1
035,035 - Lacali - MAATC,035-U-43,Closed,336473,361° MEN TSU,3
035,035 - Lacali - MAATC,035-U-43,Closed,336480,361° MEN TSU,2
035,035 - Lacali - MAATC,035-U-43,Closed,336483,361° WMN TSU,1
035,035 - Lacali - MAATC,035-U-43,Closed,336486,361° WMN TSU,2
035,035 - Lacali - MAATC,035-U-43,Closed,336488,361° WMN TSU,1
035,035 - Lacali - MAATC,035-U-43,Closed,336513,361° WMN TSS,1
035,035 - Lacali - MAATC,035-U-43,Closed,336516,361° WMN TSS,2
035,035 - Lacali - MAATC,035-U-43,Closed,336588,361° WMN TSU,2
035,035 - Lacali - MAATC,035-U-43,Closed,336805,361° MEN JCK,2
035,035 - Lacali - MAATC,035-U-46,Closed,336083,361° MEN WST,3
035,035 - Lacali - MAATC,035-U-46,Closed,336095,361° MEN WST,3
035,035 - Lacali - MAATC,035-U-46,Closed,336097,361° MEN WST,1
035,035 - Lacali - MAATC,035-U-46,Closed,336103,361° MEN JCK,1
035,035 - Lacali - MAATC,035-U-46,Closed,336105,361° MEN JCK,1
035,035 - Lacali - MAATC,035-U-46,Closed,336121,361° MEN TSU,1
035,035 - Lacali - MAATC,035-U-46,Closed,336136,361° MEN SRT,2
035,035 - Lacali - MAATC,035-U-46,Closed,336150,361° MEN TSS,2
035,035 - Lacali - MAATC,035-U-46,Closed,336159,361° MEN TSS,1
035,035 - Lacali - MAATC,035-U-46,Closed,336179,361° MEN TSS,3
035,035 - Lacali - MAATC,035-U-46,Closed,336192,361° MEN TSS,2
035,035 - Lacali - MAATC,035-U-46,Closed,336262,361° MEN TSU,2
035,035 - Lacali - MAATC,035-U-46,Closed,336327,361° MEN CPR,1
035,035 - Lacali - MAATC,035-U-46,Closed,336365,361° MEN TSS,3
035,035 - Lacali - MAATC,035-U-46,Closed,336397,361° MEN TSS,1
035,035 - Lacali - MAATC,035-U-46,Closed,336455,361° MEN TSU,3
035,035 - Lacali - MAATC,035-U-46,Closed,336548,361° WMN TSU,1
035,035 - Lacali - MAATC,035-U-47,Closed,336008,361° MEN SRT,3
035,035 - Lacali - MAATC,035-U-47,Closed,336014,361° MEN SRT,3
035,035 - Lacali - MAATC,035-U-47,Closed,336015,361° MEN SRT,2
035,035 - Lacali - MAATC,035-U-47,Closed,336081,361° MEN WST,1
035,035 - Lacali - MAATC,035-U-47,Closed,336085,361° MEN WST,1
035,035 - Lacali - MAATC,035-U-47,Closed,336099,361° MEN JCK,1
035,035 - Lacali - MAATC,035-U-47,Closed,336107,361° MEN JCK,2
035,035 - Lacali - MAATC,035-U-47,Closed,336108,361° MEN JCK,2
035,035 - Lacali - MAATC,035-U-47,Closed,336110,361° MEN JCK,1
035,035 - Lacali - MAATC,035-U-47,Closed,336137,361° MEN SRT,3
035,035 - Lacali - MAATC,035-U-47,Closed,336139,361° MEN SRT,1
035,035 - Lacali - MAATC,035-U-47,Closed,336199,361° MEN TSS,1
035,035 - Lacali - MAATC,035-U-47,Closed,336201,361° MEN TSS,1
035,035 - Lacali - MAATC,035-U-47,Closed,336207,361° MEN TSS,1
035,035 - Lacali - MAATC,035-U-47,Closed,336271,361° MEN TSU,1
035,035 - Lacali - MAATC,035-U-47,Closed,336288,361° MEN TSS,2
035,035 - Lacali - MAATC,035-U-47,Closed,336309,361° MEN TSS,1
035,035 - Lacali - MAATC,035-U-47,Closed,336310,361° MEN TSS,2
035,035 - Lacali - MAATC,035-U-47,Closed,336312,361° MEN TSS,2
035,035 - Lacali - MAATC,035-U-47,Closed,336314,361° MEN TSS,1
035,035 - Lacali - MAATC,035-U-47,Closed,336319,361° MEN TSS,1
035,035 - Lacali - MAATC,035-U-47,Closed,336320,361° MEN TSS,1
035,035 - Lacali - MAATC,035-U-47,Closed,336366,361° MEN TSS,2
035,035 - Lacali - MAATC,035-U-47,Closed,336399,361° MEN TSS,1
035,035 - Lacali - MAATC,035-U-47,Closed,336404,361° MEN TSS,1
035,035 - Lacali - MAATC,035-U-47,Closed,336409,361° MEN TSS,1
035,035 - Lacali - MAATC,035-U-47,Closed,336427,361° MEN PTK,1
035,035 - Lacali - MAATC,035-U-47,Closed,336431,361° MEN PTK,3
035,035 - Lacali - MAATC,035-U-47,Closed,336435,361° MEN TSS,1
035,035 - Lacali - MAATC,035-U-47,Closed,336437,361° MEN TSS,3
035,035 - Lacali - MAATC,035-U-47,Closed,336439,361° MEN TSS,1
035,035 - Lacali - MAATC,035-U-47,Closed,336495,361° WMN TSS,1
035,035 - Lacali - MAATC,035-U-47,Closed,336529,361° WMN TSS,1
035,035 - Lacali - MAATC,035-U-47,Closed,336580,361° WMN TSU,2
035,035 - Lacali - MAATC,035-U-5,Closed,336082,361° MEN WST,2
035,035 - Lacali - MAATC,035-U-5,Closed,336086,361° MEN WST,1
035,035 - Lacali - MAATC,035-U-5,Closed,336088,361° MEN WST,2
035,035 - Lacali - MAATC,035-U-5,Closed,336142,361° MEN SRT,2
035,035 - Lacali - MAATC,035-U-5,Closed,336144,361° MEN SRT,2
035,035 - Lacali - MAATC,035-U-5,Closed,336147,361° MEN TSS,1
035,035 - Lacali - MAATC,035-U-5,Closed,336200,361° MEN TSS,1
035,035 - Lacali - MAATC,035-U-5,Closed,336202,361° MEN TSS,2
035,035 - Lacali - MAATC,035-U-5,Closed,336205,361° MEN TSS,1
035,035 - Lacali - MAATC,035-U-5,Closed,336211,361° MEN TSS,1
035,035 - Lacali - MAATC,035-U-5,Closed,336215,361° MEN TSS,3
035,035 - Lacali - MAATC,035-U-5,Closed,336216,361° MEN TSS,2
035,035 - Lacali - MAATC,035-U-5,Closed,336221,361° MEN SRT,3
035,035 - Lacali - MAATC,035-U-5,Closed,336286,361° MEN TSS,2
035,035 - Lacali - MAATC,035-U-5,Closed,336287,361° MEN TSS,3
035,035 - Lacali - MAATC,035-U-5,Closed,336304,361° MEN TSS,2
035,035 - Lacali - MAATC,035-U-5,Closed,336306,361° MEN TSS,2
035,035 - Lacali - MAATC,035-U-5,Closed,336307,361° MEN TSS,1
035,035 - Lacali - MAATC,035-U-5,Closed,336308,361° MEN TSS,1
035,035 - Lacali - MAATC,035-U-5,Closed,336352,361° MEN TSU,2
035,035 - Lacali - MAATC,035-U-5,Closed,336358,361° MEN TSS,2
035,035 - Lacali - MAATC,035-U-5,Closed,336361,361° MEN TSS,1
035,035 - Lacali - MAATC,035-U-5,Closed,336362,361° MEN TSS,1
035,035 - Lacali - MAATC,035-U-5,Closed,336389,361° MEN TSS,1
035,035 - Lacali - MAATC,035-U-5,Closed,336391,361° MEN TSS,1
035,035 - Lacali - MAATC,035-U-5,Closed,336392,361° MEN TSS,1
035,035 - Lacali - MAATC,035-U-5,Closed,336398,361° MEN TSS,1
035,035 - Lacali - MAATC,035-U-5,Closed,336400,361° MEN TSS,2
035,035 - Lacali - MAATC,035-U-5,Closed,336403,361° MEN TSS,1
035,035 - Lacali - MAATC,035-U-5,Closed,336405,361° MEN TSS,1
035,035 - Lacali - MAATC,035-U-5,Closed,336406,361° MEN TSS,2
035,035 - Lacali - MAATC,035-U-5,Closed,336410,361° MEN TSS,1
035,035 - Lacali - MAATC,035-U-5,Closed,336454,361° MEN TSU,2
035,035 - Lacali - MAATC,035-U-5,Closed,336490,361° WMN TSS,2
035,035 - Lacali - MAATC,035-U-5,Closed,336494,361° WMN TSS,1
035,035 - Lacali - MAATC,035-U-5,Closed,336497,361° WMN TSS,3
035,035 - Lacali - MAATC,035-U-5,Closed,336500,361° WMN TSS,1
035,035 - Lacali - MAATC,035-U-5,Closed,336526,361° WMN TSS,2
035,035 - Lacali - MAATC,035-U-5,Closed,336527,361° WMN TSS,3
035,035 - Lacali - MAATC,035-U-5,Closed,336531,361° WMN TSS,1
035,035 - Lacali - MAATC,035-U-5,Closed,336532,361° WMN TSS,2
035,035 - Lacali - MAATC,035-U-5,Closed,336534,361° WMN TSS,2
035,035 - Lacali - MAATC,035-U-5,Closed,336536,361° WMN TSS,1
035,035 - Lacali - MAATC,035-U-5,Closed,336539,361° WMN TSU,3
035,035 - Lacali - MAATC,035-U-5,Closed,336542,361° WMN TSU,1
035,035 - Lacali - MAATC,035-U-5,Closed,336546,361° WMN TSU,2
035,035 - Lacali - MAATC,035-U-5,Closed,336547,361° WMN TSU,1
035,035 - Lacali - MAATC,035-U-5,Closed,336559,361° WMN TSU,1
035,035 - Lacali - MAATC,035-U-5,Closed,336560,361° WMN TSU,1
035,035 - Lacali - MAATC,035-U-5,Closed,336566,361° WMN TSU,1
035,035 - Lacali - MAATC,035-U-6,Open,336128,361° MEN TSS,1
035,035 - Lacali - MAATC,035-U-6,Open,336129,361° MEN TSS,1
035,035 - Lacali - MAATC,035-U-6,Open,336130,361° MEN TSS,2
035,035 - Lacali - MAATC,035-U-6,Open,336152,361° MEN TSS,1
035,035 - Lacali - MAATC,035-U-6,Open,336269,361° MEN TSU,3
035,035 - Lacali - MAATC,035-U-6,Open,336370,361° MEN SHS,2
035,035 - Lacali - MAATC,035-U-6,Open,336425,361° MEN PTK,3
035,035 - Lacali - MAATC,035-U-6,Open,336442,361° MEN TSS,1
035,035 - Lacali - MAATC,035-U-6,Open,336443,361° MEN TSS,3
035,035 - Lacali - MAATC,035-U-6,Open,336475,361° MEN TSU,1
035,035 - Lacali - MAATC,035-U-6,Open,336476,361° MEN TSU,1
035,035 - Lacali - MAATC,035-U-6,Open,336479,361° MEN TSU,3
035,035 - Lacali - MAATC,035-U-6,Open,336549,361° WMN SKR,1
036,036 - Lacaly Dareen Mall - MAATC,036-A-01,Closed,336151,361° MEN TSS,1
036,036 - Lacaly Dareen Mall - MAATC,036-A-01,Closed,336185,361° MEN TSS,3
036,036 - Lacaly Dareen Mall - MAATC,036-A-01,Closed,336264,361° MEN TSU,2
036,036 - Lacaly Dareen Mall - MAATC,036-A-01,Closed,336474,361° MEN TSU,2
036,036 - Lacaly Dareen Mall - MAATC,036-A-02,Closed,336116,361° MEN TSU,1
036,036 - Lacaly Dareen Mall - MAATC,036-A-02,Closed,336122,361° MEN TSU,1
036,036 - Lacaly Dareen Mall - MAATC,036-A-02,Closed,336123,361° MEN TSS,1
036,036 - Lacaly Dareen Mall - MAATC,036-A-02,Closed,336153,361° MEN TSS,1
036,036 - Lacaly Dareen Mall - MAATC,036-A-02,Closed,336154,361° MEN TSS,2
036,036 - Lacaly Dareen Mall - MAATC,036-A-02,Closed,336155,361° MEN TSS,3
036,036 - Lacaly Dareen Mall - MAATC,036-A-02,Closed,336157,361° MEN TSS,1
036,036 - Lacaly Dareen Mall - MAATC,036-A-02,Closed,336171,361° MEN TSS,1
036,036 - Lacaly Dareen Mall - MAATC,036-A-02,Closed,336174,361° MEN TSS,2
036,036 - Lacaly Dareen Mall - MAATC,036-A-02,Closed,336182,361° MEN TSS,1
036,036 - Lacaly Dareen Mall - MAATC,036-A-02,Closed,336267,361° MEN TSU,1
036,036 - Lacaly Dareen Mall - MAATC,036-A-02,Closed,336270,361° MEN TSU,2
036,036 - Lacaly Dareen Mall - MAATC,036-A-02,Closed,336272,361° MEN TSU,1
036,036 - Lacaly Dareen Mall - MAATC,036-A-02,Closed,336273,361° MEN TSU,1
036,036 - Lacaly Dareen Mall - MAATC,036-A-02,Closed,336274,361° MEN TSU,2
036,036 - Lacaly Dareen Mall - MAATC,036-A-02,Closed,336278,361° MEN TSU,1
036,036 - Lacaly Dareen Mall - MAATC,036-A-02,Closed,336280,361° MEN TSS,2
036,036 - Lacaly Dareen Mall - MAATC,036-A-02,Closed,336281,361° MEN TSS,3
036,036 - Lacaly Dareen Mall - MAATC,036-A-02,Closed,336285,361° MEN TSS,1
036,036 - Lacaly Dareen Mall - MAATC,036-A-02,Closed,336289,361° MEN TSS,1
036,036 - Lacaly Dareen Mall - MAATC,036-A-02,Closed,336324,361° MEN CPR,2
036,036 - Lacaly Dareen Mall - MAATC,036-A-02,Closed,336325,361° MEN CPR,1
036,036 - Lacaly Dareen Mall - MAATC,036-A-02,Closed,336326,361° MEN CPR,1
036,036 - Lacaly Dareen Mall - MAATC,036-A-02,Closed,336355,361° MEN TSU,1
036,036 - Lacaly Dareen Mall - MAATC,036-A-02,Closed,336419,361° MEN PTK,3
036,036 - Lacaly Dareen Mall - MAATC,036-A-02,Closed,336429,361° MEN PTK,1
036,036 - Lacaly Dareen Mall - MAATC,036-A-02,Closed,336440,361° MEN TSS,1
036,036 - Lacaly Dareen Mall - MAATC,036-A-02,Closed,336441,361° MEN TSS,1
036,036 - Lacaly Dareen Mall - MAATC,036-A-02,Closed,336445,361° MEN TSS,1
036,036 - Lacaly Dareen Mall - MAATC,036-A-02,Closed,336446,361° MEN TSS,1
036,036 - Lacaly Dareen Mall - MAATC,036-A-02,Closed,336453,361° MEN TSU,1
036,036 - Lacaly Dareen Mall - MAATC,036-A-02,Closed,336462,361° MEN TSS,2
036,036 - Lacaly Dareen Mall - MAATC,036-A-02,Closed,336504,361° WMN TSU,2
036,036 - Lacaly Dareen Mall - MAATC,036-A-02,Closed,336511,361° WMN TSU,1
036,036 - Lacaly Dareen Mall - MAATC,036-A-02,Closed,336514,361° WMN TSS,2
036,036 - Lacaly Dareen Mall - MAATC,036-A-02,Closed,336515,361° WMN TSS,3
036,036 - Lacaly Dareen Mall - MAATC,036-A-02,Closed,336517,361° WMN TSS,1
036,036 - Lacaly Dareen Mall - MAATC,036-A-02,Closed,336521,361° WMN TSS,3
036,036 - Lacaly Dareen Mall - MAATC,036-A-02,Closed,336524,361° WMN TSS,1
036,036 - Lacaly Dareen Mall - MAATC,036-A-02,Closed,336537,361° WMN TSU,1
036,036 - Lacaly Dareen Mall - MAATC,036-A-02,Closed,336545,361° WMN TSU,3
036,036 - Lacaly Dareen Mall - MAATC,036-A-02,Closed,336582,361° WMN TSU,2
036,036 - Lacaly Dareen Mall - MAATC,036-A-02,Closed,336583,361° WMN TSU,1
036,036 - Lacaly Dareen Mall - MAATC,036-A-02,Closed,336587,361° WMN TSU,3
036,036 - Lacaly Dareen Mall - MAATC,036-A-02,Closed,336589,361° WMN TSU,1
036,036 - Lacaly Dareen Mall - MAATC,036-A-03,Closed,336098,361° MEN WST,1
036,036 - Lacaly Dareen Mall - MAATC,036-A-03,Closed,336125,361° MEN TSS,3
036,036 - Lacaly Dareen Mall - MAATC,036-A-03,Closed,336135,361° MEN SRT,1
036,036 - Lacaly Dareen Mall - MAATC,036-A-03,Closed,336140,361° MEN SRT,1
036,036 - Lacaly Dareen Mall - MAATC,036-A-03,Closed,336141,361° MEN SRT,1
036,036 - Lacaly Dareen Mall - MAATC,036-A-03,Closed,336148,361° MEN TSS,2
036,036 - Lacaly Dareen Mall - MAATC,036-A-03,Closed,336149,361° MEN TSS,3
036,036 - Lacaly Dareen Mall - MAATC,036-A-03,Closed,336167,361° MEN TSS,1
036,036 - Lacaly Dareen Mall - MAATC,036-A-03,Closed,336180,361° MEN TSS,2
036,036 - Lacaly Dareen Mall - MAATC,036-A-03,Closed,336181,361° MEN TSS,1
036,036 - Lacaly Dareen Mall - MAATC,036-A-03,Closed,336186,361° MEN TSS,2
036,036 - Lacaly Dareen Mall - MAATC,036-A-03,Closed,336189,361° MEN TSS,1
036,036 - Lacaly Dareen Mall - MAATC,036-A-03,Closed,336209,361° MEN TSS,3
036,036 - Lacaly Dareen Mall - MAATC,036-A-03,Closed,336218,361° MEN TSS,1
036,036 - Lacaly Dareen Mall - MAATC,036-A-03,Closed,336239,361° MEN SRT,3
036,036 - Lacaly Dareen Mall - MAATC,036-A-03,Closed,336247,361° MEN SRT,1
036,036 - Lacaly Dareen Mall - MAATC,036-A-03,Closed,336255,361° MEN TSU,1
036,036 - Lacaly Dareen Mall - MAATC,036-A-03,Closed,336256,361° MEN TSU,2
036,036 - Lacaly Dareen Mall - MAATC,036-A-03,Closed,336260,361° MEN TSU,1
036,036 - Lacaly Dareen Mall - MAATC,036-A-03,Closed,336283,361° MEN TSS,1
036,036 - Lacaly Dareen Mall - MAATC,036-A-03,Closed,336311,361° MEN TSS,3
036,036 - Lacaly Dareen Mall - MAATC,036-A-03,Closed,336357,361° MEN TSS,1
036,036 - Lacaly Dareen Mall - MAATC,036-A-03,Closed,336359,361° MEN TSS,3
036,036 - Lacaly Dareen Mall - MAATC,036-A-03,Closed,336360,361° MEN TSS,2
036,036 - Lacaly Dareen Mall - MAATC,036-A-03,Closed,336363,361° MEN TSS,1
036,036 - Lacaly Dareen Mall - MAATC,036-A-03,Closed,336364,361° MEN TSS,2
036,036 - Lacaly Dareen Mall - MAATC,036-A-03,Closed,336367,361° MEN TSS,1
036,036 - Lacaly Dareen Mall - MAATC,036-A-03,Closed,336368,361° MEN TSS,1
036,036 - Lacaly Dareen Mall - MAATC,036-A-03,Closed,336388,361° MEN TSS,2
036,036 - Lacaly Dareen Mall - MAATC,036-A-03,Closed,336390,361° MEN TSS,2
036,036 - Lacaly Dareen Mall - MAATC,036-A-03,Closed,336393,361° MEN TSS,1
036,036 - Lacaly Dareen Mall - MAATC,036-A-03,Closed,336395,361° MEN TSS,3
036,036 - Lacaly Dareen Mall - MAATC,036-A-03,Closed,336401,361° MEN TSS,3
036,036 - Lacaly Dareen Mall - MAATC,036-A-03,Closed,336471,361° MEN TSU,1
036,036 - Lacaly Dareen Mall - MAATC,036-A-03,Closed,336478,361° MEN TSU,2
036,036 - Lacaly Dareen Mall - MAATC,036-A-03,Closed,336489,361° WMN TSS,1
036,036 - Lacaly Dareen Mall - MAATC,036-A-03,Closed,336492,361° WMN TSS,2
036,036 - Lacaly Dareen Mall - MAATC,036-A-03,Closed,336493,361° WMN TSS,1
036,036 - Lacaly Dareen Mall - MAATC,036-A-03,Closed,336499,361° WMN TSS,1
036,036 - Lacaly Dareen Mall - MAATC,036-A-03,Closed,336543,361° WMN TSU,1
036,036 - Lacaly Dareen Mall - MAATC,036-A-03,Closed,336544,361° WMN TSU,2
036,036 - Lacaly Dareen Mall - MAATC,036-A-03,Closed,336558,361° WMN TSU,2
036,036 - Lacaly Dareen Mall - MAATC,036-A-03,Closed,336561,361° WMN TSU,1
036,036 - Lacaly Dareen Mall - MAATC,036-A-03,Closed,336562,361° WMN TSU,2
036,036 - Lacaly Dareen Mall - MAATC,036-A-03,Closed,336569,361° WMN TSU,3
036,036 - Lacaly Dareen Mall - MAATC,036-A-03,Closed,336570,361° WMN TSU,2
036,036 - Lacaly Dareen Mall - MAATC,036-A-04,Closed,336322,361° MEN CPR,2
036,036 - Lacaly Dareen Mall - MAATC,036-A-04,Closed,336330,361° MEN CPR,2
036,036 - Lacaly Dareen Mall - MAATC,036-A-04,Closed,336477,361° MEN TSU,1
036,036 - Lacaly Dareen Mall - MAATC,036-A-05,Open,336012,361° MEN SRT,1
036,036 - Lacaly Dareen Mall - MAATC,036-A-05,Open,336143,361° MEN SRT,3
036,036 - Lacaly Dareen Mall - MAATC,036-J-01,Closed,336102,361° MEN JCK,2
036,036 - Lacaly Dareen Mall - MAATC,036-J-01,Closed,336104,361° MEN JCK,1
036,036 - Lacaly Dareen Mall - MAATC,036-J-01,Closed,336113,361° MEN TSU,3
036,036 - Lacaly Dareen Mall - MAATC,036-J-01,Closed,336132,361° MEN TSS,1
036,036 - Lacaly Dareen Mall - MAATC,036-J-01,Closed,336138,361° MEN SRT,2
036,036 - Lacaly Dareen Mall - MAATC,036-J-01,Closed,336161,361° MEN TSS,3
036,036 - Lacaly Dareen Mall - MAATC,036-J-01,Closed,336162,361° MEN TSS,2
036,036 - Lacaly Dareen Mall - MAATC,036-J-01,Closed,336169,361° MEN TSS,1
036,036 - Lacaly Dareen Mall - MAATC,036-J-01,Closed,336170,361° MEN TSS,1
036,036 - Lacaly Dareen Mall - MAATC,036-J-01,Closed,336173,361° MEN TSS,3
036,036 - Lacaly Dareen Mall - MAATC,036-J-01,Closed,336197,361° MEN TSS,3
036,036 - Lacaly Dareen Mall - MAATC,036-J-01,Closed,336208,361° MEN TSS,2
036,036 - Lacaly Dareen Mall - MAATC,036-J-01,Closed,336210,361° MEN TSS,2
036,036 - Lacaly Dareen Mall - MAATC,036-J-01,Closed,336212,361° MEN TSS,1
036,036 - Lacaly Dareen Mall - MAATC,036-J-01,Closed,336213,361° MEN TSS,1
036,036 - Lacaly Dareen Mall - MAATC,036-J-01,Closed,336217,361° MEN TSS,1
036,036 - Lacaly Dareen Mall - MAATC,036-J-01,Closed,336225,361° MEN SRT,1
036,036 - Lacaly Dareen Mall - MAATC,036-J-01,Closed,336227,361° MEN SRT,3
036,036 - Lacaly Dareen Mall - MAATC,036-J-01,Closed,336228,361° MEN SRT,2
036,036 - Lacaly Dareen Mall - MAATC,036-J-01,Closed,336233,361° MEN SRT,3
036,036 - Lacaly Dareen Mall - MAATC,036-J-01,Closed,336236,361° MEN SRT,1
036,036 - Lacaly Dareen Mall - MAATC,036-J-01,Closed,336259,361° MEN TSU,1
036,036 - Lacaly Dareen Mall - MAATC,036-J-01,Closed,336266,361° MEN TSU,1
036,036 - Lacaly Dareen Mall - MAATC,036-J-01,Closed,336300,361° MEN TSS,2
036,036 - Lacaly Dareen Mall - MAATC,036-J-01,Closed,336321,361° MEN CPR,1
036,036 - Lacaly Dareen Mall - MAATC,036-J-01,Closed,336331,361° MEN CPR,1
036,036 - Lacaly Dareen Mall - MAATC,036-J-01,Closed,336337,361° MEN SRT,1
036,036 - Lacaly Dareen Mall - MAATC,036-J-01,Closed,336338,361° MEN SRT,1
036,036 - Lacaly Dareen Mall - MAATC,036-J-01,Closed,336343,361° MEN SRT,1
036,036 - Lacaly Dareen Mall - MAATC,036-J-01,Closed,336344,361° MEN SRT,1
036,036 - Lacaly Dareen Mall - MAATC,036-J-01,Closed,336373,361° MEN SHS,1
036,036 - Lacaly Dareen Mall - MAATC,036-J-01,Closed,336378,361° MEN SHS,2
036,036 - Lacaly Dareen Mall - MAATC,036-J-01,Closed,336381,361° MEN SRT,1
036,036 - Lacaly Dareen Mall - MAATC,036-J-01,Closed,336383,361° MEN SRT,3
036,036 - Lacaly Dareen Mall - MAATC,036-J-01,Closed,336387,361° MEN TSS,1
036,036 - Lacaly Dareen Mall - MAATC,036-J-01,Closed,336447,361° MEN TSU,1
036,036 - Lacaly Dareen Mall - MAATC,036-J-01,Closed,336459,361° MEN TSS,1
036,036 - Lacaly Dareen Mall - MAATC,036-J-01,Closed,336461,361° MEN TSS,3
036,036 - Lacaly Dareen Mall - MAATC,036-J-01,Closed,336501,361° WMN TSU,1
036,036 - Lacaly Dareen Mall - MAATC,036-J-01,Closed,336530,361° WMN TSS,1
036,036 - Lacaly Dareen Mall - MAATC,036-J-01,Closed,336538,361° WMN TSU,2
036,036 - Lacaly Dareen Mall - MAATC,036-J-01,Closed,336541,361° WMN TSU,1
036,036 - Lacaly Dareen Mall - MAATC,036-J-02,Closed,336091,361° MEN WST,1
036,036 - Lacaly Dareen Mall - MAATC,036-J-02,Closed,336092,361° MEN WST,1
036,036 - Lacaly Dareen Mall - MAATC,036-J-02,Closed,336119,361° MEN TSU,3
036,036 - Lacaly Dareen Mall - MAATC,036-J-02,Closed,336127,361° MEN TSS,1
036,036 - Lacaly Dareen Mall - MAATC,036-J-02,Closed,336163,361° MEN TSS,1
036,036 - Lacaly Dareen Mall - MAATC,036-J-02,Closed,336166,361° MEN TSS,2
036,036 - Lacaly Dareen Mall - MAATC,036-J-02,Closed,336184,361° MEN TSS,2
036,036 - Lacaly Dareen Mall - MAATC,036-J-02,Closed,336187,361° MEN TSS,1
036,036 - Lacaly Dareen Mall - MAATC,036-J-02,Closed,336219,361° MEN SRT,1
036,036 - Lacaly Dareen Mall - MAATC,036-J-02,Closed,336231,361° MEN SRT,1
036,036 - Lacaly Dareen Mall - MAATC,036-J-02,Closed,336232,361° MEN SRT,2
036,036 - Lacaly Dareen Mall - MAATC,036-J-02,Closed,336241,361° MEN SRT,1
036,036 - Lacaly Dareen Mall - MAATC,036-J-02,Closed,336242,361° MEN SRT,1
036,036 - Lacaly Dareen Mall - MAATC,036-J-02,Closed,336254,361° MEN SRT,1
036,036 - Lacaly Dareen Mall - MAATC,036-J-02,Closed,336261,361° MEN TSU,1
036,036 - Lacaly Dareen Mall - MAATC,036-J-02,Closed,336265,361° MEN TSU,1
036,036 - Lacaly Dareen Mall - MAATC,036-J-02,Closed,336275,361° MEN TSU,3
036,036 - Lacaly Dareen Mall - MAATC,036-J-02,Closed,336276,361° MEN TSU,2
036,036 - Lacaly Dareen Mall - MAATC,036-J-02,Closed,336290,361° MEN TSS,1
036,036 - Lacaly Dareen Mall - MAATC,036-J-02,Closed,336294,361° MEN TSS,2
036,036 - Lacaly Dareen Mall - MAATC,036-J-02,Closed,336301,361° MEN TSS,1
036,036 - Lacaly Dareen Mall - MAATC,036-J-02,Closed,336339,361° MEN SRT,1
036,036 - Lacaly Dareen Mall - MAATC,036-J-02,Closed,336372,361° MEN SHS,2
036,036 - Lacaly Dareen Mall - MAATC,036-J-02,Closed,336374,361° MEN SHS,1
036,036 - Lacaly Dareen Mall - MAATC,036-J-02,Closed,336411,361° MEN PTK,1
036,036 - Lacaly Dareen Mall - MAATC,036-J-02,Closed,336415,361° MEN PTK,1
036,036 - Lacaly Dareen Mall - MAATC,036-J-02,Closed,336417,361° MEN PTK,1
036,036 - Lacaly Dareen Mall - MAATC,036-J-02,Closed,336434,361° MEN PTK,1
036,036 - Lacaly Dareen Mall - MAATC,036-J-02,Closed,336451,361° MEN TSU,1
036,036 - Lacaly Dareen Mall - MAATC,036-J-02,Closed,336452,361° MEN TSU,1
036,036 - Lacaly Dareen Mall - MAATC,036-J-02,Closed,336458,361° MEN TSU,1
036,036 - Lacaly Dareen Mall - MAATC,036-J-02,Closed,336470,361° MEN TSS,1
036,036 - Lacaly Dareen Mall - MAATC,036-J-02,Closed,336481,361° MEN TSU,1
036,036 - Lacaly Dareen Mall - MAATC,036-J-02,Closed,336491,361° WMN TSS,3
036,036 - Lacaly Dareen Mall - MAATC,036-J-02,Closed,336508,361° WMN TSU,2
036,036 - Lacaly Dareen Mall - MAATC,036-J-02,Closed,336510,361° WMN TSU,2
036,036 - Lacaly Dareen Mall - MAATC,036-J-02,Closed,336512,361° WMN TSU,1
036,036 - Lacaly Dareen Mall - MAATC,036-J-02,Closed,336518,361° WMN TSS,1
036,036 - Lacaly Dareen Mall - MAATC,036-J-02,Closed,336519,361° WMN TSS,1
036,036 - Lacaly Dareen Mall - MAATC,036-J-02,Closed,336520,361° WMN TSS,2
036,036 - Lacaly Dareen Mall - MAATC,036-J-02,Closed,336522,361° WMN TSS,2
036,036 - Lacaly Dareen Mall - MAATC,036-J-02,Closed,336523,361° WMN TSS,1
036,036 - Lacaly Dareen Mall - MAATC,036-J-02,Closed,336525,361° WMN TSS,1
036,036 - Lacaly Dareen Mall - MAATC,036-J-02,Closed,336563,361° WMN TSU,3
036,036 - Lacaly Dareen Mall - MAATC,036-J-02,Closed,336568,361° WMN TSU,2
036,036 - Lacaly Dareen Mall - MAATC,036-J-02,Closed,336572,361° WMN TSU,1
036,036 - Lacaly Dareen Mall - MAATC,036-J-02,Closed,336573,361° WMN TSU,1
036,036 - Lacaly Dareen Mall - MAATC,036-J-02,Closed,336576,361° WMN TSU,2
036,036 - Lacaly Dareen Mall - MAATC,036-J-02,Closed,336577,361° WMN TSU,1
036,036 - Lacaly Dareen Mall - MAATC,036-J-02,Closed,336578,361° WMN TSU,1
036,036 - Lacaly Dareen Mall - MAATC,036-J-03,Closed,336087,361° MEN WST,1
036,036 - Lacaly Dareen Mall - MAATC,036-J-03,Closed,336089,361° MEN WST,3
036,036 - Lacaly Dareen Mall - MAATC,036-J-03,Closed,336124,361° MEN TSS,2
036,036 - Lacaly Dareen Mall - MAATC,036-J-03,Closed,336132,361° MEN TSS,1
036,036 - Lacaly Dareen Mall - MAATC,036-J-03,Closed,336133,361° MEN TSS,1
036,036 - Lacaly Dareen Mall - MAATC,036-J-03,Closed,336134,361° MEN TSS,1
036,036 - Lacaly Dareen Mall - MAATC,036-J-03,Closed,336164,361° MEN TSS,1
036,036 - Lacaly Dareen Mall - MAATC,036-J-03,Closed,336279,361° MEN TSS,1
036,036 - Lacaly Dareen Mall - MAATC,036-J-03,Closed,336298,361° MEN TSS,2
036,036 - Lacaly Dareen Mall - MAATC,036-J-03,Closed,336313,361° MEN TSS,1
036,036 - Lacaly Dareen Mall - MAATC,036-J-03,Closed,336316,361° MEN TSS,2
036,036 - Lacaly Dareen Mall - MAATC,036-J-03,Closed,336333,361° MEN SRT,1
036,036 - Lacaly Dareen Mall - MAATC,036-J-03,Closed,336334,361° MEN SRT,2
036,036 - Lacaly Dareen Mall - MAATC,036-J-03,Closed,336341,361° MEN SRT,3
036,036 - Lacaly Dareen Mall - MAATC,036-J-03,Closed,336346,361° MEN TSU,2
036,036 - Lacaly Dareen Mall - MAATC,036-J-03,Closed,336394,361° MEN TSS,2
036,036 - Lacaly Dareen Mall - MAATC,036-J-03,Closed,336421,361° MEN PTK,1
036,036 - Lacaly Dareen Mall - MAATC,036-J-03,Closed,336450,361° MEN TSU,2
036,036 - Lacaly Dareen Mall - MAATC,036-J-03,Closed,336502,361° WMN TSU,2
036,036 - Lacaly Dareen Mall - MAATC,036-J-03,Closed,336503,361° WMN TSU,3
036,036 - Lacaly Dareen Mall - MAATC,036-J-20,Closed,336084,361° MEN WST,2
036,036 - Lacaly Dareen Mall - MAATC,036-J-20,Closed,336100,361° MEN JCK,2
036,036 - Lacaly Dareen Mall - MAATC,036-J-20,Closed,336126,361° MEN TSS,2
036,036 - Lacaly Dareen Mall - MAATC,036-J-20,Closed,336131,361° MEN TSS,1
036,036 - Lacaly Dareen Mall - MAATC,036-J-20,Closed,336175,361° MEN TSS,1
036,036 - Lacaly Dareen Mall - MAATC,036-J-20,Closed,336222,361° MEN SRT,2
036,036 - Lacaly Dareen Mall - MAATC,036-J-20,Closed,336240,361° MEN SRT,2
036,036 - Lacaly Dareen Mall - MAATC,036-J-20,Closed,336243,361° MEN SRT,1
036,036 - Lacaly Dareen Mall - MAATC,036-J-20,Closed,336245,361° MEN SRT,3
036,036 - Lacaly Dareen Mall - MAATC,036-J-20,Closed,336246,361° MEN SRT,2
036,036 - Lacaly Dareen Mall - MAATC,036-J-20,Closed,336252,361° MEN SRT,2
036,036 - Lacaly Dareen Mall - MAATC,036-J-20,Closed,336253,361° MEN SRT,1
036,036 - Lacaly Dareen Mall - MAATC,036-J-20,Closed,336263,361° MEN TSU,3
036,036 - Lacaly Dareen Mall - MAATC,036-J-20,Closed,336277,361° MEN TSU,1
036,036 - Lacaly Dareen Mall - MAATC,036-J-20,Closed,336315,361° MEN TSS,1
036,036 - Lacaly Dareen Mall - MAATC,036-J-20,Closed,336317,361° MEN TSS,3
036,036 - Lacaly Dareen Mall - MAATC,036-J-20,Closed,336328,361° MEN CPR,2
036,036 - Lacaly Dareen Mall - MAATC,036-J-20,Closed,336335,361° MEN SRT,3
036,036 - Lacaly Dareen Mall - MAATC,036-J-20,Closed,336371,361° MEN SHS,3
036,036 - Lacaly Dareen Mall - MAATC,036-J-20,Closed,336449,361° MEN TSU,3
036,036 - Lacaly Dareen Mall - MAATC,036-J-20,Closed,336457,361° MEN TSU,1
036,036 - Lacaly Dareen Mall - MAATC,036-J-20,Closed,336473,361° MEN TSU,3
036,036 - Lacaly Dareen Mall - MAATC,036-J-20,Closed,336480,361° MEN TSU,2
036,036 - Lacaly Dareen Mall - MAATC,036-J-20,Closed,336483,361° WMN TSU,1
036,036 - Lacaly Dareen Mall - MAATC,036-J-20,Closed,336486,361° WMN TSU,2
036,036 - Lacaly Dareen Mall - MAATC,036-J-20,Closed,336488,361° WMN TSU,1
036,036 - Lacaly Dareen Mall - MAATC,036-J-20,Closed,336513,361° WMN TSS,1
036,036 - Lacaly Dareen Mall - MAATC,036-J-20,Closed,336516,361° WMN TSS,2
036,036 - Lacaly Dareen Mall - MAATC,036-J-20,Closed,336588,361° WMN TSU,2
036,036 - Lacaly Dareen Mall - MAATC,036-J-20,Closed,336805,361° MEN JCK,1
036,036 - Lacaly Dareen Mall - MAATC,036-U-1,Closed,336007,361° MEN SRT,3
036,036 - Lacaly Dareen Mall - MAATC,036-U-1,Closed,336010,361° MEN SRT,1
036,036 - Lacaly Dareen Mall - MAATC,036-U-1,Closed,336017,361° MEN SRT,1
036,036 - Lacaly Dareen Mall - MAATC,036-U-1,Closed,336093,361° MEN WST,1
036,036 - Lacaly Dareen Mall - MAATC,036-U-1,Closed,336096,361° MEN WST,2
036,036 - Lacaly Dareen Mall - MAATC,036-U-1,Closed,336106,361° MEN JCK,2
036,036 - Lacaly Dareen Mall - MAATC,036-U-1,Closed,336188,361° MEN TSS,1
036,036 - Lacaly Dareen Mall - MAATC,036-U-1,Closed,336190,361° MEN TSS,2
036,036 - Lacaly Dareen Mall - MAATC,036-U-1,Closed,336191,361° MEN TSS,3
036,036 - Lacaly Dareen Mall - MAATC,036-U-1,Closed,336196,361° MEN TSS,2
036,036 - Lacaly Dareen Mall - MAATC,036-U-1,Closed,336198,361° MEN TSS,1
036,036 - Lacaly Dareen Mall - MAATC,036-U-1,Closed,336206,361° MEN TSS,1
036,036 - Lacaly Dareen Mall - MAATC,036-U-1,Closed,336220,361° MEN SRT,2
036,036 - Lacaly Dareen Mall - MAATC,036-U-1,Closed,336226,361° MEN SRT,2
036,036 - Lacaly Dareen Mall - MAATC,036-U-1,Closed,336229,361° MEN SRT,1
036,036 - Lacaly Dareen Mall - MAATC,036-U-1,Closed,336230,361° MEN SRT,1
036,036 - Lacaly Dareen Mall - MAATC,036-U-1,Closed,336234,361° MEN SRT,2
036,036 - Lacaly Dareen Mall - MAATC,036-U-1,Closed,336235,361° MEN SRT,1
036,036 - Lacaly Dareen Mall - MAATC,036-U-1,Closed,336258,361° MEN TSU,2
036,036 - Lacaly Dareen Mall - MAATC,036-U-1,Closed,336332,361° MEN CPR,1
036,036 - Lacaly Dareen Mall - MAATC,036-U-1,Closed,336336,361° MEN SRT,2
036,036 - Lacaly Dareen Mall - MAATC,036-U-1,Closed,336340,361° MEN SRT,2
036,036 - Lacaly Dareen Mall - MAATC,036-U-1,Closed,336342,361° MEN SRT,2
036,036 - Lacaly Dareen Mall - MAATC,036-U-1,Closed,336351,361° MEN TSU,1
036,036 - Lacaly Dareen Mall - MAATC,036-U-1,Closed,336353,361° MEN TSU,3
036,036 - Lacaly Dareen Mall - MAATC,036-U-1,Closed,336369,361° MEN SHS,1
036,036 - Lacaly Dareen Mall - MAATC,036-U-1,Closed,336382,361° MEN SRT,2
036,036 - Lacaly Dareen Mall - MAATC,036-U-1,Closed,336384,361° MEN SRT,2
036,036 - Lacaly Dareen Mall - MAATC,036-U-1,Closed,336385,361° MEN SRT,1
036,036 - Lacaly Dareen Mall - MAATC,036-U-1,Closed,336386,361° MEN SRT,1
036,036 - Lacaly Dareen Mall - MAATC,036-U-1,Closed,336389,361° MEN TSS,3
036,036 - Lacaly Dareen Mall - MAATC,036-U-1,Closed,336423,361° MEN PTK,1
036,036 - Lacaly Dareen Mall - MAATC,036-U-1,Closed,336430,361° MEN PTK,1
036,036 - Lacaly Dareen Mall - MAATC,036-U-1,Closed,336433,361° MEN PTK,1
036,036 - Lacaly Dareen Mall - MAATC,036-U-1,Closed,336460,361° MEN TSS,2
036,036 - Lacaly Dareen Mall - MAATC,036-U-1,Closed,336465,361° MEN TSS,1
036,036 - Lacaly Dareen Mall - MAATC,036-U-1,Closed,336466,361° MEN TSS,2
036,036 - Lacaly Dareen Mall - MAATC,036-U-1,Closed,336469,361° MEN TSS,1
036,036 - Lacaly Dareen Mall - MAATC,036-U-1,Closed,336472,361° MEN TSU,2
036,036 - Lacaly Dareen Mall - MAATC,036-U-1,Closed,336482,361° MEN TSU,1
036,036 - Lacaly Dareen Mall - MAATC,036-U-1,Closed,336498,361° WMN TSS,2
036,036 - Lacaly Dareen Mall - MAATC,036-U-1,Closed,336528,361° WMN TSS,2
036,036 - Lacaly Dareen Mall - MAATC,036-U-1,Closed,336535,361° WMN TSS,1
036,036 - Lacaly Dareen Mall - MAATC,036-U-1,Closed,336552,361° WMN SKR,2
036,036 - Lacaly Dareen Mall - MAATC,036-U-1,Closed,336556,361° WMN TSU,2
036,036 - Lacaly Dareen Mall - MAATC,036-U-1,Closed,336564,361° WMN TSU,2
036,036 - Lacaly Dareen Mall - MAATC,036-U-1,Closed,336565,361° WMN TSU,1
036,036 - Lacaly Dareen Mall - MAATC,036-U-1,Closed,336567,361° WMN TSU,1
036,036 - Lacaly Dareen Mall - MAATC,036-U-1,Closed,336571,361° WMN TSU,1
036,036 - Lacaly Dareen Mall - MAATC,036-U-1,Closed,336574,361° WMN TSU,2
036,036 - Lacaly Dareen Mall - MAATC,036-U-1,Closed,336575,361° WMN TSU,3
036,036 - Lacaly Dareen Mall - MAATC,036-U-10,Closed,336650,361° MEN SHO,1
036,036 - Lacaly Dareen Mall - MAATC,036-U-10,Closed,336651,361° MEN SHO,2
036,036 - Lacaly Dareen Mall - MAATC,036-U-10,Closed,336652,361° MEN SHO,3
036,036 - Lacaly Dareen Mall - MAATC,036-U-10,Closed,336653,361° MEN SHO,3
036,036 - Lacaly Dareen Mall - MAATC,036-U-10,Closed,336654,361° MEN SHO,2
036,036 - Lacaly Dareen Mall - MAATC,036-U-10,Closed,336655,361° MEN SHO,1
036,036 - Lacaly Dareen Mall - MAATC,036-U-16,Open,336128,361° MEN TSS,1
036,036 - Lacaly Dareen Mall - MAATC,036-U-16,Open,336129,361° MEN TSS,1
036,036 - Lacaly Dareen Mall - MAATC,036-U-16,Open,336130,361° MEN TSS,2
036,036 - Lacaly Dareen Mall - MAATC,036-U-16,Open,336152,361° MEN TSS,1
036,036 - Lacaly Dareen Mall - MAATC,036-U-16,Open,336269,361° MEN TSU,3
036,036 - Lacaly Dareen Mall - MAATC,036-U-16,Open,336370,361° MEN SHS,2
036,036 - Lacaly Dareen Mall - MAATC,036-U-16,Open,336425,361° MEN PTK,3
036,036 - Lacaly Dareen Mall - MAATC,036-U-16,Open,336443,361° MEN TSS,3
036,036 - Lacaly Dareen Mall - MAATC,036-U-16,Open,336475,361° MEN TSU,1
036,036 - Lacaly Dareen Mall - MAATC,036-U-16,Open,336476,361° MEN TSU,1
036,036 - Lacaly Dareen Mall - MAATC,036-U-16,Open,336479,361° MEN TSU,3
036,036 - Lacaly Dareen Mall - MAATC,036-U-16,Open,336549,361° WMN SKR,1
036,036 - Lacaly Dareen Mall - MAATC,036-U-19,Closed,336708,361° WMN SHO,2
036,036 - Lacaly Dareen Mall - MAATC,036-U-19,Closed,336709,361° WMN SHO,3
036,036 - Lacaly Dareen Mall - MAATC,036-U-19,Closed,336710,361° WMN SHO,3
036,036 - Lacaly Dareen Mall - MAATC,036-U-19,Closed,336711,361° WMN SHO,3
036,036 - Lacaly Dareen Mall - MAATC,036-U-19,Closed,336712,361° WMN SHO,1
036,036 - Lacaly Dareen Mall - MAATC,036-U-20,Closed,336033,361° USX BPK,3
036,036 - Lacaly Dareen Mall - MAATC,036-U-20,Closed,336034,361° USX BPK,3
036,036 - Lacaly Dareen Mall - MAATC,036-U-20,Closed,336035,361° USX WST,6
036,036 - Lacaly Dareen Mall - MAATC,036-U-20,Closed,336038,361° USX CAP,6
036,036 - Lacaly Dareen Mall - MAATC,036-U-20,Closed,336039,361° USX CAP,6
036,036 - Lacaly Dareen Mall - MAATC,036-U-20,Closed,336040,361° USX CAP,6
036,036 - Lacaly Dareen Mall - MAATC,036-U-20,Closed,336041,361° USX CAP,6
036,036 - Lacaly Dareen Mall - MAATC,036-U-20,Closed,336043,361° USX CAP,1
036,036 - Lacaly Dareen Mall - MAATC,036-U-20,Closed,336044,361° USX CAP,6
036,036 - Lacaly Dareen Mall - MAATC,036-U-20,Closed,336045,361° USX CAP,6
036,036 - Lacaly Dareen Mall - MAATC,036-U-20,Closed,336046,361° USX CAP,6
036,036 - Lacaly Dareen Mall - MAATC,036-U-20,Closed,336047,361° USX CAP,6
036,036 - Lacaly Dareen Mall - MAATC,036-U-20,Closed,336048,361° MEN SCK,9
036,036 - Lacaly Dareen Mall - MAATC,036-U-20,Closed,336049,361° MEN SCK,9
036,036 - Lacaly Dareen Mall - MAATC,036-U-20,Closed,336051,361° MEN SCK,9
036,036 - Lacaly Dareen Mall - MAATC,036-U-20,Closed,336052,361° MEN SCK,9
036,036 - Lacaly Dareen Mall - MAATC,036-U-20,Closed,336055,361° MEN SCK,9
036,036 - Lacaly Dareen Mall - MAATC,036-U-20,Closed,336057,361° USX SCK,4
036,036 - Lacaly Dareen Mall - MAATC,036-U-20,Closed,336058,361° USX SCK,8
036,036 - Lacaly Dareen Mall - MAATC,036-U-20,Closed,336059,361° USX SCK,4
036,036 - Lacaly Dareen Mall - MAATC,036-U-20,Closed,336060,361° USX SCK,4
036,036 - Lacaly Dareen Mall - MAATC,036-U-20,Closed,336061,361° USX SCK,8
036,036 - Lacaly Dareen Mall - MAATC,036-U-20,Closed,336062,361° USX SCK,4
036,036 - Lacaly Dareen Mall - MAATC,036-U-20,Closed,336063,361° USX SCK,4
036,036 - Lacaly Dareen Mall - MAATC,036-U-20,Closed,336064,361° USX SCK,1
036,036 - Lacaly Dareen Mall - MAATC,036-U-20,Closed,336065,361° USX SCK,4
036,036 - Lacaly Dareen Mall - MAATC,036-U-20,Closed,336066,361° USX SCK,4
036,036 - Lacaly Dareen Mall - MAATC,036-U-20,Closed,336067,361° USX SCK,8
036,036 - Lacaly Dareen Mall - MAATC,036-U-20,Closed,336068,361° USX SCK,4
036,036 - Lacaly Dareen Mall - MAATC,036-U-20,Closed,336069,361° USX SCK,4
036,036 - Lacaly Dareen Mall - MAATC,036-U-20,Closed,336070,361° USX SCK,8
036,036 - Lacaly Dareen Mall - MAATC,036-U-20,Closed,336071,361° USX SCK,4
036,036 - Lacaly Dareen Mall - MAATC,036-U-20,Closed,336072,361° USX SCK,4
036,036 - Lacaly Dareen Mall - MAATC,036-U-20,Closed,336073,361° USX SCK,8
036,036 - Lacaly Dareen Mall - MAATC,036-U-20,Closed,336074,361° USX SCK,4
036,036 - Lacaly Dareen Mall - MAATC,036-U-20,Closed,336075,361° USX INS,1
036,036 - Lacaly Dareen Mall - MAATC,036-U-20,Closed,336076,361° USX INS,2
036,036 - Lacaly Dareen Mall - MAATC,036-U-20,Closed,336077,361° USX INS,1
036,036 - Lacaly Dareen Mall - MAATC,036-U-20,Closed,336078,361° USX INS,3
036,036 - Lacaly Dareen Mall - MAATC,036-U-20,Closed,336079,361° USX INS,2
036,036 - Lacaly Dareen Mall - MAATC,036-U-20,Closed,336080,361° USX INS,1
036,036 - Lacaly Dareen Mall - MAATC,036-U-21,Closed,336645,361° MEN SHO,1
036,036 - Lacaly Dareen Mall - MAATC,036-U-21,Closed,336646,361° MEN SHO,2
036,036 - Lacaly Dareen Mall - MAATC,036-U-21,Closed,336647,361° MEN SHO,3
036,036 - Lacaly Dareen Mall - MAATC,036-U-21,Closed,336648,361° MEN SHO,3
036,036 - Lacaly Dareen Mall - MAATC,036-U-21,Closed,336649,361° MEN SHO,3
036,036 - Lacaly Dareen Mall - MAATC,036-U-22,Closed,336623,361° MEN SHO,1
036,036 - Lacaly Dareen Mall - MAATC,036-U-22,Closed,336624,361° MEN SHO,1
036,036 - Lacaly Dareen Mall - MAATC,036-U-22,Closed,336625,361° MEN SHO,3
036,036 - Lacaly Dareen Mall - MAATC,036-U-22,Closed,336626,361° MEN SHO,3
036,036 - Lacaly Dareen Mall - MAATC,036-U-22,Closed,336627,361° MEN SHO,2
036,036 - Lacaly Dareen Mall - MAATC,036-U-22,Closed,336628,361° MEN SHO,1
036,036 - Lacaly Dareen Mall - MAATC,036-U-22,Closed,336629,361° MEN SHO,1
036,036 - Lacaly Dareen Mall - MAATC,036-U-23,Closed,336591,361° MEN SHO,1
036,036 - Lacaly Dareen Mall - MAATC,036-U-23,Closed,336592,361° MEN SHO,2
036,036 - Lacaly Dareen Mall - MAATC,036-U-23,Closed,336593,361° MEN SHO,3
036,036 - Lacaly Dareen Mall - MAATC,036-U-23,Closed,336594,361° MEN SHO,3
036,036 - Lacaly Dareen Mall - MAATC,036-U-23,Closed,336595,361° MEN SHO,2
036,036 - Lacaly Dareen Mall - MAATC,036-U-23,Closed,336596,361° MEN SHO,1
036,036 - Lacaly Dareen Mall - MAATC,036-U-24,Closed,336597,361° MEN SHO,1
036,036 - Lacaly Dareen Mall - MAATC,036-U-24,Closed,336598,361° MEN SHO,1
036,036 - Lacaly Dareen Mall - MAATC,036-U-24,Closed,336599,361° MEN SHO,3
036,036 - Lacaly Dareen Mall - MAATC,036-U-24,Closed,336600,361° MEN SHO,3
036,036 - Lacaly Dareen Mall - MAATC,036-U-24,Closed,336601,361° MEN SHO,2
036,036 - Lacaly Dareen Mall - MAATC,036-U-24,Closed,336602,361° MEN SHO,1
036,036 - Lacaly Dareen Mall - MAATC,036-U-24,Closed,336603,361° MEN SHO,1
036,036 - Lacaly Dareen Mall - MAATC,036-U-25,Closed,336604,361° MEN SHO,1
036,036 - Lacaly Dareen Mall - MAATC,036-U-25,Closed,336605,361° MEN SHO,2
036,036 - Lacaly Dareen Mall - MAATC,036-U-25,Closed,336606,361° MEN SHO,3
036,036 - Lacaly Dareen Mall - MAATC,036-U-25,Closed,336607,361° MEN SHO,3
036,036 - Lacaly Dareen Mall - MAATC,036-U-25,Closed,336608,361° MEN SHO,2
036,036 - Lacaly Dareen Mall - MAATC,036-U-25,Closed,336609,361° MEN SHO,1
036,036 - Lacaly Dareen Mall - MAATC,036-U-26,Closed,336610,361° MEN SHO,1
036,036 - Lacaly Dareen Mall - MAATC,036-U-26,Closed,336611,361° MEN SHO,2
036,036 - Lacaly Dareen Mall - MAATC,036-U-26,Closed,336612,361° MEN SHO,3
036,036 - Lacaly Dareen Mall - MAATC,036-U-26,Closed,336613,361° MEN SHO,3
036,036 - Lacaly Dareen Mall - MAATC,036-U-26,Closed,336614,361° MEN SHO,2
036,036 - Lacaly Dareen Mall - MAATC,036-U-26,Closed,336615,361° MEN SHO,1
036,036 - Lacaly Dareen Mall - MAATC,036-U-27,Closed,336630,361° MEN SHO,1
036,036 - Lacaly Dareen Mall - MAATC,036-U-27,Closed,336631,361° MEN SHO,2
036,036 - Lacaly Dareen Mall - MAATC,036-U-27,Closed,336632,361° MEN SHO,3
036,036 - Lacaly Dareen Mall - MAATC,036-U-27,Closed,336633,361° MEN SHO,3
036,036 - Lacaly Dareen Mall - MAATC,036-U-27,Closed,336634,361° MEN SHO,3
036,036 - Lacaly Dareen Mall - MAATC,036-U-28,Closed,336661,361° MEN SHO,1
036,036 - Lacaly Dareen Mall - MAATC,036-U-28,Closed,336662,361° MEN SHO,2
036,036 - Lacaly Dareen Mall - MAATC,036-U-28,Closed,336663,361° MEN SHO,3
036,036 - Lacaly Dareen Mall - MAATC,036-U-28,Closed,336664,361° MEN SHO,3
036,036 - Lacaly Dareen Mall - MAATC,036-U-28,Closed,336665,361° MEN SHO,3
036,036 - Lacaly Dareen Mall - MAATC,036-U-29,Closed,336640,361° MEN SHO,1
036,036 - Lacaly Dareen Mall - MAATC,036-U-29,Closed,336641,361° MEN SHO,2
036,036 - Lacaly Dareen Mall - MAATC,036-U-29,Closed,336642,361° MEN SHO,3
036,036 - Lacaly Dareen Mall - MAATC,036-U-29,Closed,336643,361° MEN SHO,3
036,036 - Lacaly Dareen Mall - MAATC,036-U-29,Closed,336644,361° MEN SHO,3
036,036 - Lacaly Dareen Mall - MAATC,036-U-3,Closed,336009,361° MEN SRT,2
036,036 - Lacaly Dareen Mall - MAATC,036-U-3,Closed,336013,361° MEN SRT,3
036,036 - Lacaly Dareen Mall - MAATC,036-U-3,Closed,336016,361° MEN SRT,1
036,036 - Lacaly Dareen Mall - MAATC,036-U-3,Closed,336111,361° MEN TSU,1
036,036 - Lacaly Dareen Mall - MAATC,036-U-3,Closed,336115,361° MEN TSU,2
036,036 - Lacaly Dareen Mall - MAATC,036-U-3,Closed,336117,361° MEN TSU,1
036,036 - Lacaly Dareen Mall - MAATC,036-U-3,Closed,336177,361° MEN TSS,1
036,036 - Lacaly Dareen Mall - MAATC,036-U-3,Closed,336198,361° MEN TSS,1
036,036 - Lacaly Dareen Mall - MAATC,036-U-3,Closed,336251,361° MEN SRT,3
036,036 - Lacaly Dareen Mall - MAATC,036-U-3,Closed,336282,361° MEN TSS,2
036,036 - Lacaly Dareen Mall - MAATC,036-U-3,Closed,336284,361° MEN TSS,1
036,036 - Lacaly Dareen Mall - MAATC,036-U-3,Closed,336287,361° MEN TSS,2
036,036 - Lacaly Dareen Mall - MAATC,036-U-3,Closed,336292,361° MEN TSS,2
036,036 - Lacaly Dareen Mall - MAATC,036-U-3,Closed,336293,361° MEN TSS,3
036,036 - Lacaly Dareen Mall - MAATC,036-U-3,Closed,336296,361° MEN TSS,1
036,036 - Lacaly Dareen Mall - MAATC,036-U-3,Closed,336297,361° MEN TSS,1
036,036 - Lacaly Dareen Mall - MAATC,036-U-3,Closed,336299,361° MEN TSS,3
036,036 - Lacaly Dareen Mall - MAATC,036-U-3,Closed,336302,361° MEN TSS,1
036,036 - Lacaly Dareen Mall - MAATC,036-U-3,Closed,336349,361° MEN TSU,1
036,036 - Lacaly Dareen Mall - MAATC,036-U-3,Closed,336413,361° MEN PTK,3
036,036 - Lacaly Dareen Mall - MAATC,036-U-3,Closed,336416,361° MEN PTK,1
036,036 - Lacaly Dareen Mall - MAATC,036-U-3,Closed,336467,361° MEN TSS,3
036,036 - Lacaly Dareen Mall - MAATC,036-U-3,Closed,336485,361° WMN TSU,3
036,036 - Lacaly Dareen Mall - MAATC,036-U-3,Closed,336487,361° WMN TSU,1
036,036 - Lacaly Dareen Mall - MAATC,036-U-3,Closed,336550,361° WMN SKR,2
036,036 - Lacaly Dareen Mall - MAATC,036-U-3,Closed,336551,361° WMN SKR,3
036,036 - Lacaly Dareen Mall - MAATC,036-U-3,Closed,336553,361° WMN SKR,1
036,036 - Lacaly Dareen Mall - MAATC,036-U-3,Closed,336554,361° WMN SKR,1
036,036 - Lacaly Dareen Mall - MAATC,036-U-3,Closed,336555,361° WMN TSU,1
036,036 - Lacaly Dareen Mall - MAATC,036-U-3,Closed,336557,361° WMN TSU,3
036,036 - Lacaly Dareen Mall - MAATC,036-U-3,Closed,336579,361° WMN TSU,1
036,036 - Lacaly Dareen Mall - MAATC,036-U-3,Closed,336581,361° WMN TSU,3
036,036 - Lacaly Dareen Mall - MAATC,036-U-3,Closed,336584,361° WMN TSU,1
036,036 - Lacaly Dareen Mall - MAATC,036-U-3,Closed,336585,361° WMN TSU,1
036,036 - Lacaly Dareen Mall - MAATC,036-U-3,Closed,336586,361° WMN TSU,2
036,036 - Lacaly Dareen Mall - MAATC,036-U-3,Closed,336590,361° WMN TSU,1
036,036 - Lacaly Dareen Mall - MAATC,036-U-30,Closed,336023,361° MEN SHO,1
036,036 - Lacaly Dareen Mall - MAATC,036-U-30,Closed,336024,361° MEN SHO,2
036,036 - Lacaly Dareen Mall - MAATC,036-U-30,Closed,336025,361° MEN SHO,3
036,036 - Lacaly Dareen Mall - MAATC,036-U-30,Closed,336026,361° MEN SHO,3
036,036 - Lacaly Dareen Mall - MAATC,036-U-30,Closed,336027,361° MEN SHO,3
036,036 - Lacaly Dareen Mall - MAATC,036-U-31,Closed,336656,361° MEN SHO,1
036,036 - Lacaly Dareen Mall - MAATC,036-U-31,Closed,336657,361° MEN SHO,2
036,036 - Lacaly Dareen Mall - MAATC,036-U-31,Closed,336658,361° MEN SHO,3
036,036 - Lacaly Dareen Mall - MAATC,036-U-31,Closed,336659,361° MEN SHO,3
036,036 - Lacaly Dareen Mall - MAATC,036-U-31,Closed,336660,361° MEN SHO,3
036,036 - Lacaly Dareen Mall - MAATC,036-U-32,Closed,336666,361° MEN SHO,1
036,036 - Lacaly Dareen Mall - MAATC,036-U-32,Closed,336667,361° MEN SHO,2
036,036 - Lacaly Dareen Mall - MAATC,036-U-32,Closed,336668,361° MEN SHO,3
036,036 - Lacaly Dareen Mall - MAATC,036-U-32,Closed,336669,361° MEN SHO,3
036,036 - Lacaly Dareen Mall - MAATC,036-U-32,Closed,336670,361° MEN SHO,3
036,036 - Lacaly Dareen Mall - MAATC,036-U-33,Closed,336028,361° MEN SHO,1
036,036 - Lacaly Dareen Mall - MAATC,036-U-33,Closed,336029,361° MEN SHO,2
036,036 - Lacaly Dareen Mall - MAATC,036-U-33,Closed,336030,361° MEN SHO,3
036,036 - Lacaly Dareen Mall - MAATC,036-U-33,Closed,336031,361° MEN SHO,3
036,036 - Lacaly Dareen Mall - MAATC,036-U-33,Closed,336032,361° MEN SHO,3
036,036 - Lacaly Dareen Mall - MAATC,036-U-34,Closed,336713,361° WMN SHO,2
036,036 - Lacaly Dareen Mall - MAATC,036-U-34,Closed,336714,361° WMN SHO,3
036,036 - Lacaly Dareen Mall - MAATC,036-U-34,Closed,336715,361° WMN SHO,3
036,036 - Lacaly Dareen Mall - MAATC,036-U-34,Closed,336716,361° WMN SHO,3
036,036 - Lacaly Dareen Mall - MAATC,036-U-34,Closed,336717,361° WMN SHO,1
036,036 - Lacaly Dareen Mall - MAATC,036-U-35,Closed,336681,361° WMN SHO,2
036,036 - Lacaly Dareen Mall - MAATC,036-U-35,Closed,336682,361° WMN SHO,3
036,036 - Lacaly Dareen Mall - MAATC,036-U-35,Closed,336683,361° WMN SHO,3
036,036 - Lacaly Dareen Mall - MAATC,036-U-35,Closed,336684,361° WMN SHO,3
036,036 - Lacaly Dareen Mall - MAATC,036-U-35,Closed,336685,361° WMN SHO,1
036,036 - Lacaly Dareen Mall - MAATC,036-U-36,Closed,336697,361° WMN SHO,2
036,036 - Lacaly Dareen Mall - MAATC,036-U-36,Closed,336698,361° WMN SHO,3
036,036 - Lacaly Dareen Mall - MAATC,036-U-36,Closed,336699,361° WMN SHO,3
036,036 - Lacaly Dareen Mall - MAATC,036-U-36,Closed,336700,361° WMN SHO,3
036,036 - Lacaly Dareen Mall - MAATC,036-U-36,Closed,336701,361° WMN SHO,1
036,036 - Lacaly Dareen Mall - MAATC,036-U-37,Closed,336686,361° WMN SHO,1
036,036 - Lacaly Dareen Mall - MAATC,036-U-37,Closed,336687,361° WMN SHO,2
036,036 - Lacaly Dareen Mall - MAATC,036-U-37,Closed,336688,361° WMN SHO,3
036,036 - Lacaly Dareen Mall - MAATC,036-U-37,Closed,336689,361° WMN SHO,3
036,036 - Lacaly Dareen Mall - MAATC,036-U-37,Closed,336690,361° WMN SHO,2
036,036 - Lacaly Dareen Mall - MAATC,036-U-37,Closed,336691,361° WMN SHO,1
036,036 - Lacaly Dareen Mall - MAATC,036-U-38,Closed,336692,361° WMN SHO,2
036,036 - Lacaly Dareen Mall - MAATC,036-U-38,Closed,336693,361° WMN SHO,3
036,036 - Lacaly Dareen Mall - MAATC,036-U-38,Closed,336694,361° WMN SHO,3
036,036 - Lacaly Dareen Mall - MAATC,036-U-38,Closed,336695,361° WMN SHO,3
036,036 - Lacaly Dareen Mall - MAATC,036-U-38,Closed,336696,361° WMN SHO,1
036,036 - Lacaly Dareen Mall - MAATC,036-U-39,Closed,336676,361° WMN SHO,2
036,036 - Lacaly Dareen Mall - MAATC,036-U-39,Closed,336677,361° WMN SHO,3
036,036 - Lacaly Dareen Mall - MAATC,036-U-39,Closed,336678,361° WMN SHO,3
036,036 - Lacaly Dareen Mall - MAATC,036-U-39,Closed,336679,361° WMN SHO,3
036,036 - Lacaly Dareen Mall - MAATC,036-U-39,Closed,336680,361° WMN SHO,1
036,036 - Lacaly Dareen Mall - MAATC,036-U-4,Closed,336011,361° MEN SRT,1
036,036 - Lacaly Dareen Mall - MAATC,036-U-4,Closed,336090,361° MEN WST,2
036,036 - Lacaly Dareen Mall - MAATC,036-U-4,Closed,336112,361° MEN TSU,2
036,036 - Lacaly Dareen Mall - MAATC,036-U-4,Closed,336114,361° MEN TSU,2
036,036 - Lacaly Dareen Mall - MAATC,036-U-4,Closed,336120,361° MEN TSU,2
036,036 - Lacaly Dareen Mall - MAATC,036-U-4,Closed,336156,361° MEN TSS,2
036,036 - Lacaly Dareen Mall - MAATC,036-U-4,Closed,336158,361° MEN TSS,1
036,036 - Lacaly Dareen Mall - MAATC,036-U-4,Closed,336160,361° MEN TSS,2
036,036 - Lacaly Dareen Mall - MAATC,036-U-4,Closed,336176,361° MEN TSS,1
036,036 - Lacaly Dareen Mall - MAATC,036-U-4,Closed,336178,361° MEN TSS,2
036,036 - Lacaly Dareen Mall - MAATC,036-U-4,Closed,336183,361° MEN TSS,1
036,036 - Lacaly Dareen Mall - MAATC,036-U-4,Closed,336193,361° MEN TSS,1
036,036 - Lacaly Dareen Mall - MAATC,036-U-4,Closed,336194,361° MEN TSS,1
036,036 - Lacaly Dareen Mall - MAATC,036-U-4,Closed,336195,361° MEN TSS,1
036,036 - Lacaly Dareen Mall - MAATC,036-U-4,Closed,336203,361° MEN TSS,3
036,036 - Lacaly Dareen Mall - MAATC,036-U-4,Closed,336214,361° MEN TSS,2
036,036 - Lacaly Dareen Mall - MAATC,036-U-4,Closed,336223,361° MEN SRT,1
036,036 - Lacaly Dareen Mall - MAATC,036-U-4,Closed,336224,361° MEN SRT,1
036,036 - Lacaly Dareen Mall - MAATC,036-U-4,Closed,336244,361° MEN SRT,2
036,036 - Lacaly Dareen Mall - MAATC,036-U-4,Closed,336291,361° MEN TSS,1
036,036 - Lacaly Dareen Mall - MAATC,036-U-4,Closed,336303,361° MEN TSS,1
036,036 - Lacaly Dareen Mall - MAATC,036-U-4,Closed,336305,361° MEN TSS,3
036,036 - Lacaly Dareen Mall - MAATC,036-U-4,Closed,336318,361° MEN TSS,2
036,036 - Lacaly Dareen Mall - MAATC,036-U-4,Closed,336323,361° MEN CPR,3
036,036 - Lacaly Dareen Mall - MAATC,036-U-4,Closed,336329,361° MEN CPR,3
036,036 - Lacaly Dareen Mall - MAATC,036-U-4,Closed,336348,361° MEN TSU,1
036,036 - Lacaly Dareen Mall - MAATC,036-U-4,Closed,336375,361° MEN SHS,1
036,036 - Lacaly Dareen Mall - MAATC,036-U-4,Closed,336376,361° MEN SHS,2
036,036 - Lacaly Dareen Mall - MAATC,036-U-4,Closed,336377,361° MEN SHS,3
036,036 - Lacaly Dareen Mall - MAATC,036-U-4,Closed,336379,361° MEN SHS,1
036,036 - Lacaly Dareen Mall - MAATC,036-U-4,Closed,336380,361° MEN SHS,1
036,036 - Lacaly Dareen Mall - MAATC,036-U-4,Closed,336402,361° MEN TSS,2
036,036 - Lacaly Dareen Mall - MAATC,036-U-4,Closed,336407,361° MEN TSS,3
036,036 - Lacaly Dareen Mall - MAATC,036-U-4,Closed,336408,361° MEN TSS,2
036,036 - Lacaly Dareen Mall - MAATC,036-U-4,Closed,336412,361° MEN PTK,2
036,036 - Lacaly Dareen Mall - MAATC,036-U-4,Closed,336414,361° MEN PTK,2
036,036 - Lacaly Dareen Mall - MAATC,036-U-4,Closed,336426,361° MEN PTK,2
036,036 - Lacaly Dareen Mall - MAATC,036-U-4,Closed,336432,361° MEN PTK,2
036,036 - Lacaly Dareen Mall - MAATC,036-U-4,Closed,336438,361° MEN TSS,2
036,036 - Lacaly Dareen Mall - MAATC,036-U-4,Closed,336444,361° MEN TSS,2
036,036 - Lacaly Dareen Mall - MAATC,036-U-4,Closed,336468,361° MEN TSS,2
036,036 - Lacaly Dareen Mall - MAATC,036-U-4,Closed,336484,361° WMN TSU,2
036,036 - Lacaly Dareen Mall - MAATC,036-U-4,Closed,336496,361° WMN TSS,1
036,036 - Lacaly Dareen Mall - MAATC,036-U-4,Closed,336505,361° WMN TSU,1
036,036 - Lacaly Dareen Mall - MAATC,036-U-4,Closed,336506,361° WMN TSU,1
036,036 - Lacaly Dareen Mall - MAATC,036-U-4,Closed,336533,361° WMN TSS,3
036,036 - Lacaly Dareen Mall - MAATC,036-U-4,Closed,336540,361° WMN TSU,2
036,036 - Lacaly Dareen Mall - MAATC,036-U-40,Closed,336702,361° WMN SHO,1
036,036 - Lacaly Dareen Mall - MAATC,036-U-40,Closed,336703,361° WMN SHO,2
036,036 - Lacaly Dareen Mall - MAATC,036-U-40,Closed,336704,361° WMN SHO,3
036,036 - Lacaly Dareen Mall - MAATC,036-U-40,Closed,336705,361° WMN SHO,3
036,036 - Lacaly Dareen Mall - MAATC,036-U-40,Closed,336706,361° WMN SHO,2
036,036 - Lacaly Dareen Mall - MAATC,036-U-40,Closed,336707,361° WMN SHO,1
036,036 - Lacaly Dareen Mall - MAATC,036-U-46,Closed,336083,361° MEN WST,3
036,036 - Lacaly Dareen Mall - MAATC,036-U-46,Closed,336095,361° MEN WST,3
036,036 - Lacaly Dareen Mall - MAATC,036-U-46,Closed,336097,361° MEN WST,1
036,036 - Lacaly Dareen Mall - MAATC,036-U-46,Closed,336103,361° MEN JCK,1
036,036 - Lacaly Dareen Mall - MAATC,036-U-46,Closed,336105,361° MEN JCK,1
036,036 - Lacaly Dareen Mall - MAATC,036-U-46,Closed,336121,361° MEN TSU,1
036,036 - Lacaly Dareen Mall - MAATC,036-U-46,Closed,336136,361° MEN SRT,2
036,036 - Lacaly Dareen Mall - MAATC,036-U-46,Closed,336150,361° MEN TSS,2
036,036 - Lacaly Dareen Mall - MAATC,036-U-46,Closed,336159,361° MEN TSS,1
036,036 - Lacaly Dareen Mall - MAATC,036-U-46,Closed,336179,361° MEN TSS,3
036,036 - Lacaly Dareen Mall - MAATC,036-U-46,Closed,336192,361° MEN TSS,2
036,036 - Lacaly Dareen Mall - MAATC,036-U-46,Closed,336262,361° MEN TSU,2
036,036 - Lacaly Dareen Mall - MAATC,036-U-46,Closed,336327,361° MEN CPR,1
036,036 - Lacaly Dareen Mall - MAATC,036-U-46,Closed,336365,361° MEN TSS,3
036,036 - Lacaly Dareen Mall - MAATC,036-U-46,Closed,336397,361° MEN TSS,1
036,036 - Lacaly Dareen Mall - MAATC,036-U-46,Closed,336455,361° MEN TSU,3
036,036 - Lacaly Dareen Mall - MAATC,036-U-46,Closed,336548,361° WMN TSU,1
036,036 - Lacaly Dareen Mall - MAATC,036-U-47,Closed,336008,361° MEN SRT,3
036,036 - Lacaly Dareen Mall - MAATC,036-U-47,Closed,336014,361° MEN SRT,3
036,036 - Lacaly Dareen Mall - MAATC,036-U-47,Closed,336015,361° MEN SRT,2
036,036 - Lacaly Dareen Mall - MAATC,036-U-47,Closed,336081,361° MEN WST,1
036,036 - Lacaly Dareen Mall - MAATC,036-U-47,Closed,336085,361° MEN WST,1
036,036 - Lacaly Dareen Mall - MAATC,036-U-47,Closed,336099,361° MEN JCK,1
036,036 - Lacaly Dareen Mall - MAATC,036-U-47,Closed,336107,361° MEN JCK,2
036,036 - Lacaly Dareen Mall - MAATC,036-U-47,Closed,336108,361° MEN JCK,2
036,036 - Lacaly Dareen Mall - MAATC,036-U-47,Closed,336110,361° MEN JCK,1
036,036 - Lacaly Dareen Mall - MAATC,036-U-47,Closed,336137,361° MEN SRT,3
036,036 - Lacaly Dareen Mall - MAATC,036-U-47,Closed,336199,361° MEN TSS,1
036,036 - Lacaly Dareen Mall - MAATC,036-U-47,Closed,336201,361° MEN TSS,1
036,036 - Lacaly Dareen Mall - MAATC,036-U-47,Closed,336207,361° MEN TSS,1
036,036 - Lacaly Dareen Mall - MAATC,036-U-47,Closed,336271,361° MEN TSU,1
036,036 - Lacaly Dareen Mall - MAATC,036-U-47,Closed,336288,361° MEN TSS,2
036,036 - Lacaly Dareen Mall - MAATC,036-U-47,Closed,336309,361° MEN TSS,1
036,036 - Lacaly Dareen Mall - MAATC,036-U-47,Closed,336310,361° MEN TSS,2
036,036 - Lacaly Dareen Mall - MAATC,036-U-47,Closed,336312,361° MEN TSS,2
036,036 - Lacaly Dareen Mall - MAATC,036-U-47,Closed,336314,361° MEN TSS,1
036,036 - Lacaly Dareen Mall - MAATC,036-U-47,Closed,336319,361° MEN TSS,1
036,036 - Lacaly Dareen Mall - MAATC,036-U-47,Closed,336320,361° MEN TSS,1
036,036 - Lacaly Dareen Mall - MAATC,036-U-47,Closed,336366,361° MEN TSS,2
036,036 - Lacaly Dareen Mall - MAATC,036-U-47,Closed,336399,361° MEN TSS,1
036,036 - Lacaly Dareen Mall - MAATC,036-U-47,Closed,336404,361° MEN TSS,1
036,036 - Lacaly Dareen Mall - MAATC,036-U-47,Closed,336409,361° MEN TSS,1
036,036 - Lacaly Dareen Mall - MAATC,036-U-47,Closed,336431,361° MEN PTK,3
036,036 - Lacaly Dareen Mall - MAATC,036-U-47,Closed,336435,361° MEN TSS,1
036,036 - Lacaly Dareen Mall - MAATC,036-U-47,Closed,336437,361° MEN TSS,3
036,036 - Lacaly Dareen Mall - MAATC,036-U-47,Closed,336439,361° MEN TSS,1
036,036 - Lacaly Dareen Mall - MAATC,036-U-47,Closed,336529,361° WMN TSS,1
036,036 - Lacaly Dareen Mall - MAATC,036-U-47,Closed,336580,361° WMN TSU,2
036,036 - Lacaly Dareen Mall - MAATC,036-U-47,Closed,336805,361° MEN JCK,1
036,036 - Lacaly Dareen Mall - MAATC,036-U-5,Closed,336082,361° MEN WST,2
036,036 - Lacaly Dareen Mall - MAATC,036-U-5,Closed,336086,361° MEN WST,1
036,036 - Lacaly Dareen Mall - MAATC,036-U-5,Closed,336088,361° MEN WST,2
036,036 - Lacaly Dareen Mall - MAATC,036-U-5,Closed,336094,361° MEN WST,2
036,036 - Lacaly Dareen Mall - MAATC,036-U-5,Closed,336142,361° MEN SRT,2
036,036 - Lacaly Dareen Mall - MAATC,036-U-5,Closed,336144,361° MEN SRT,2
036,036 - Lacaly Dareen Mall - MAATC,036-U-5,Closed,336147,361° MEN TSS,1
036,036 - Lacaly Dareen Mall - MAATC,036-U-5,Closed,336200,361° MEN TSS,1
036,036 - Lacaly Dareen Mall - MAATC,036-U-5,Closed,336202,361° MEN TSS,2
036,036 - Lacaly Dareen Mall - MAATC,036-U-5,Closed,336205,361° MEN TSS,1
036,036 - Lacaly Dareen Mall - MAATC,036-U-5,Closed,336211,361° MEN TSS,1
036,036 - Lacaly Dareen Mall - MAATC,036-U-5,Closed,336215,361° MEN TSS,3
036,036 - Lacaly Dareen Mall - MAATC,036-U-5,Closed,336216,361° MEN TSS,2
036,036 - Lacaly Dareen Mall - MAATC,036-U-5,Closed,336221,361° MEN SRT,3
036,036 - Lacaly Dareen Mall - MAATC,036-U-5,Closed,336286,361° MEN TSS,2
036,036 - Lacaly Dareen Mall - MAATC,036-U-5,Closed,336287,361° MEN TSS,1
036,036 - Lacaly Dareen Mall - MAATC,036-U-5,Closed,336295,361° MEN TSS,1
036,036 - Lacaly Dareen Mall - MAATC,036-U-5,Closed,336304,361° MEN TSS,2
036,036 - Lacaly Dareen Mall - MAATC,036-U-5,Closed,336306,361° MEN TSS,2
036,036 - Lacaly Dareen Mall - MAATC,036-U-5,Closed,336307,361° MEN TSS,1
036,036 - Lacaly Dareen Mall - MAATC,036-U-5,Closed,336308,361° MEN TSS,1
036,036 - Lacaly Dareen Mall - MAATC,036-U-5,Closed,336352,361° MEN TSU,2
036,036 - Lacaly Dareen Mall - MAATC,036-U-5,Closed,336358,361° MEN TSS,2
036,036 - Lacaly Dareen Mall - MAATC,036-U-5,Closed,336361,361° MEN TSS,1
036,036 - Lacaly Dareen Mall - MAATC,036-U-5,Closed,336362,361° MEN TSS,1
036,036 - Lacaly Dareen Mall - MAATC,036-U-5,Closed,336391,361° MEN TSS,1
036,036 - Lacaly Dareen Mall - MAATC,036-U-5,Closed,336392,361° MEN TSS,1
036,036 - Lacaly Dareen Mall - MAATC,036-U-5,Closed,336398,361° MEN TSS,1
036,036 - Lacaly Dareen Mall - MAATC,036-U-5,Closed,336400,361° MEN TSS,2
036,036 - Lacaly Dareen Mall - MAATC,036-U-5,Closed,336403,361° MEN TSS,1
036,036 - Lacaly Dareen Mall - MAATC,036-U-5,Closed,336405,361° MEN TSS,1
036,036 - Lacaly Dareen Mall - MAATC,036-U-5,Closed,336406,361° MEN TSS,2
036,036 - Lacaly Dareen Mall - MAATC,036-U-5,Closed,336410,361° MEN TSS,1
036,036 - Lacaly Dareen Mall - MAATC,036-U-5,Closed,336422,361° MEN PTK,1
036,036 - Lacaly Dareen Mall - MAATC,036-U-5,Closed,336454,361° MEN TSU,2
036,036 - Lacaly Dareen Mall - MAATC,036-U-5,Closed,336463,361° MEN TSS,1
036,036 - Lacaly Dareen Mall - MAATC,036-U-5,Closed,336464,361° MEN TSS,1
036,036 - Lacaly Dareen Mall - MAATC,036-U-5,Closed,336490,361° WMN TSS,2
036,036 - Lacaly Dareen Mall - MAATC,036-U-5,Closed,336494,361° WMN TSS,1
036,036 - Lacaly Dareen Mall - MAATC,036-U-5,Closed,336497,361° WMN TSS,3
036,036 - Lacaly Dareen Mall - MAATC,036-U-5,Closed,336500,361° WMN TSS,1
036,036 - Lacaly Dareen Mall - MAATC,036-U-5,Closed,336507,361° WMN TSU,1
036,036 - Lacaly Dareen Mall - MAATC,036-U-5,Closed,336509,361° WMN TSU,3
036,036 - Lacaly Dareen Mall - MAATC,036-U-5,Closed,336526,361° WMN TSS,2
036,036 - Lacaly Dareen Mall - MAATC,036-U-5,Closed,336527,361° WMN TSS,3
036,036 - Lacaly Dareen Mall - MAATC,036-U-5,Closed,336531,361° WMN TSS,1
036,036 - Lacaly Dareen Mall - MAATC,036-U-5,Closed,336532,361° WMN TSS,2
036,036 - Lacaly Dareen Mall - MAATC,036-U-5,Closed,336534,361° WMN TSS,2
036,036 - Lacaly Dareen Mall - MAATC,036-U-5,Closed,336536,361° WMN TSS,1
036,036 - Lacaly Dareen Mall - MAATC,036-U-5,Closed,336539,361° WMN TSU,3
036,036 - Lacaly Dareen Mall - MAATC,036-U-5,Closed,336542,361° WMN TSU,1
036,036 - Lacaly Dareen Mall - MAATC,036-U-5,Closed,336546,361° WMN TSU,2
036,036 - Lacaly Dareen Mall - MAATC,036-U-5,Closed,336547,361° WMN TSU,1
036,036 - Lacaly Dareen Mall - MAATC,036-U-5,Closed,336559,361° WMN TSU,1
036,036 - Lacaly Dareen Mall - MAATC,036-U-5,Closed,336560,361° WMN TSU,1
036,036 - Lacaly Dareen Mall - MAATC,036-U-5,Closed,336566,361° WMN TSU,1
036,036 - Lacaly Dareen Mall - MAATC,036-U-6,Closed,336616,361° MEN SHO,1
036,036 - Lacaly Dareen Mall - MAATC,036-U-6,Closed,336617,361° MEN SHO,1
036,036 - Lacaly Dareen Mall - MAATC,036-U-6,Closed,336618,361° MEN SHO,3
036,036 - Lacaly Dareen Mall - MAATC,036-U-6,Closed,336619,361° MEN SHO,3
036,036 - Lacaly Dareen Mall - MAATC,036-U-6,Closed,336620,361° MEN SHO,2
036,036 - Lacaly Dareen Mall - MAATC,036-U-6,Closed,336621,361° MEN SHO,1
036,036 - Lacaly Dareen Mall - MAATC,036-U-6,Closed,336622,361° MEN SHO,1
036,036 - Lacaly Dareen Mall - MAATC,036-U-7,Closed,336018,361° MEN SHO,1
036,036 - Lacaly Dareen Mall - MAATC,036-U-7,Closed,336019,361° MEN SHO,2
036,036 - Lacaly Dareen Mall - MAATC,036-U-7,Closed,336020,361° MEN SHO,3
036,036 - Lacaly Dareen Mall - MAATC,036-U-7,Closed,336021,361° MEN SHO,3
036,036 - Lacaly Dareen Mall - MAATC,036-U-7,Closed,336022,361° MEN SHO,3
036,036 - Lacaly Dareen Mall - MAATC,036-U-8,Closed,336671,361° MEN SHO,1
036,036 - Lacaly Dareen Mall - MAATC,036-U-8,Closed,336672,361° MEN SHO,2
036,036 - Lacaly Dareen Mall - MAATC,036-U-8,Closed,336673,361° MEN SHO,3
036,036 - Lacaly Dareen Mall - MAATC,036-U-8,Closed,336674,361° MEN SHO,3
036,036 - Lacaly Dareen Mall - MAATC,036-U-8,Closed,336675,361° MEN SHO,3
036,036 - Lacaly Dareen Mall - MAATC,036-U-9,Closed,336635,361° MEN SHO,1
036,036 - Lacaly Dareen Mall - MAATC,036-U-9,Closed,336636,361° MEN SHO,2
036,036 - Lacaly Dareen Mall - MAATC,036-U-9,Closed,336637,361° MEN SHO,3
036,036 - Lacaly Dareen Mall - MAATC,036-U-9,Closed,336638,361° MEN SHO,3
036,036 - Lacaly Dareen Mall - MAATC,036-U-9,Closed,336639,361° MEN SHO,3
037,037 - Lacaly AlMahmal - MAATC,002-S-12,Closed,336011,361° MEN SRT,1
037,037 - Lacaly AlMahmal - MAATC,002-S-12,Closed,336090,361° MEN WST,2
037,037 - Lacaly AlMahmal - MAATC,002-S-12,Closed,336112,361° MEN TSU,2
037,037 - Lacaly AlMahmal - MAATC,002-S-12,Closed,336114,361° MEN TSU,2
037,037 - Lacaly AlMahmal - MAATC,002-S-12,Closed,336120,361° MEN TSU,2
037,037 - Lacaly AlMahmal - MAATC,002-S-12,Closed,336156,361° MEN TSS,2
037,037 - Lacaly AlMahmal - MAATC,002-S-12,Closed,336158,361° MEN TSS,1
037,037 - Lacaly AlMahmal - MAATC,002-S-12,Closed,336160,361° MEN TSS,2
037,037 - Lacaly AlMahmal - MAATC,002-S-12,Closed,336176,361° MEN TSS,1
037,037 - Lacaly AlMahmal - MAATC,002-S-12,Closed,336178,361° MEN TSS,2
037,037 - Lacaly AlMahmal - MAATC,002-S-12,Closed,336183,361° MEN TSS,1
037,037 - Lacaly AlMahmal - MAATC,002-S-12,Closed,336193,361° MEN TSS,1
037,037 - Lacaly AlMahmal - MAATC,002-S-12,Closed,336194,361° MEN TSS,1
037,037 - Lacaly AlMahmal - MAATC,002-S-12,Closed,336195,361° MEN TSS,1
037,037 - Lacaly AlMahmal - MAATC,002-S-12,Closed,336203,361° MEN TSS,3
037,037 - Lacaly AlMahmal - MAATC,002-S-12,Closed,336214,361° MEN TSS,2
037,037 - Lacaly AlMahmal - MAATC,002-S-12,Closed,336223,361° MEN SRT,1
037,037 - Lacaly AlMahmal - MAATC,002-S-12,Closed,336224,361° MEN SRT,1
037,037 - Lacaly AlMahmal - MAATC,002-S-12,Closed,336244,361° MEN SRT,2
037,037 - Lacaly AlMahmal - MAATC,002-S-12,Closed,336291,361° MEN TSS,1
037,037 - Lacaly AlMahmal - MAATC,002-S-12,Closed,336303,361° MEN TSS,1
037,037 - Lacaly AlMahmal - MAATC,002-S-12,Closed,336305,361° MEN TSS,3
037,037 - Lacaly AlMahmal - MAATC,002-S-12,Closed,336318,361° MEN TSS,2
037,037 - Lacaly AlMahmal - MAATC,002-S-12,Closed,336323,361° MEN CPR,3
037,037 - Lacaly AlMahmal - MAATC,002-S-12,Closed,336329,361° MEN CPR,3
037,037 - Lacaly AlMahmal - MAATC,002-S-12,Closed,336348,361° MEN TSU,1
037,037 - Lacaly AlMahmal - MAATC,002-S-12,Closed,336375,361° MEN SHS,1
037,037 - Lacaly AlMahmal - MAATC,002-S-12,Closed,336376,361° MEN SHS,2
037,037 - Lacaly AlMahmal - MAATC,002-S-12,Closed,336377,361° MEN SHS,3
037,037 - Lacaly AlMahmal - MAATC,002-S-12,Closed,336379,361° MEN SHS,1
037,037 - Lacaly AlMahmal - MAATC,002-S-12,Closed,336380,361° MEN SHS,1
037,037 - Lacaly AlMahmal - MAATC,002-S-12,Closed,336402,361° MEN TSS,2
037,037 - Lacaly AlMahmal - MAATC,002-S-12,Closed,336407,361° MEN TSS,3
037,037 - Lacaly AlMahmal - MAATC,002-S-12,Closed,336408,361° MEN TSS,2
037,037 - Lacaly AlMahmal - MAATC,002-S-12,Closed,336412,361° MEN PTK,2
037,037 - Lacaly AlMahmal - MAATC,002-S-12,Closed,336414,361° MEN PTK,2
037,037 - Lacaly AlMahmal - MAATC,002-S-12,Closed,336426,361° MEN PTK,2
037,037 - Lacaly AlMahmal - MAATC,002-S-12,Closed,336432,361° MEN PTK,2
037,037 - Lacaly AlMahmal - MAATC,002-S-12,Closed,336438,361° MEN TSS,2
037,037 - Lacaly AlMahmal - MAATC,002-S-12,Closed,336444,361° MEN TSS,2
037,037 - Lacaly AlMahmal - MAATC,002-S-12,Closed,336464,361° MEN TSS,1
037,037 - Lacaly AlMahmal - MAATC,002-S-12,Closed,336468,361° MEN TSS,2
037,037 - Lacaly AlMahmal - MAATC,002-S-12,Closed,336484,361° WMN TSU,2
037,037 - Lacaly AlMahmal - MAATC,002-S-12,Closed,336496,361° WMN TSS,1
037,037 - Lacaly AlMahmal - MAATC,002-S-12,Closed,336505,361° WMN TSU,1
037,037 - Lacaly AlMahmal - MAATC,002-S-12,Closed,336506,361° WMN TSU,1
037,037 - Lacaly AlMahmal - MAATC,002-S-12,Closed,336533,361° WMN TSS,3
037,037 - Lacaly AlMahmal - MAATC,019-U-34,Closed,336692,361° WMN SHO,2
037,037 - Lacaly AlMahmal - MAATC,019-U-34,Closed,336693,361° WMN SHO,3
037,037 - Lacaly AlMahmal - MAATC,019-U-34,Closed,336694,361° WMN SHO,3
037,037 - Lacaly AlMahmal - MAATC,019-U-34,Closed,336695,361° WMN SHO,3
037,037 - Lacaly AlMahmal - MAATC,019-U-36,Closed,336702,361° WMN SHO,1
037,037 - Lacaly AlMahmal - MAATC,019-U-36,Closed,336703,361° WMN SHO,2
037,037 - Lacaly AlMahmal - MAATC,019-U-36,Closed,336704,361° WMN SHO,3
037,037 - Lacaly AlMahmal - MAATC,019-U-36,Closed,336705,361° WMN SHO,3
037,037 - Lacaly AlMahmal - MAATC,019-U-36,Closed,336706,361° WMN SHO,1
037,037 - Lacaly AlMahmal - MAATC,019-U-36,Closed,336707,361° WMN SHO,1
037,037 - Lacaly AlMahmal - MAATC,019-U-37,Closed,336708,361° WMN SHO,2
037,037 - Lacaly AlMahmal - MAATC,019-U-37,Closed,336709,361° WMN SHO,3
037,037 - Lacaly AlMahmal - MAATC,019-U-37,Closed,336710,361° WMN SHO,3
037,037 - Lacaly AlMahmal - MAATC,019-U-37,Closed,336711,361° WMN SHO,3
037,037 - Lacaly AlMahmal - MAATC,019-U-38,Closed,336676,361° WMN SHO,2
037,037 - Lacaly AlMahmal - MAATC,019-U-38,Closed,336677,361° WMN SHO,3
037,037 - Lacaly AlMahmal - MAATC,019-U-38,Closed,336678,361° WMN SHO,3
037,037 - Lacaly AlMahmal - MAATC,019-U-38,Closed,336679,361° WMN SHO,3
037,037 - Lacaly AlMahmal - MAATC,019-U-39,Closed,336686,361° WMN SHO,1
037,037 - Lacaly AlMahmal - MAATC,019-U-39,Closed,336687,361° WMN SHO,2
037,037 - Lacaly AlMahmal - MAATC,019-U-39,Closed,336688,361° WMN SHO,3
037,037 - Lacaly AlMahmal - MAATC,019-U-39,Closed,336689,361° WMN SHO,3
037,037 - Lacaly AlMahmal - MAATC,019-U-39,Closed,336690,361° WMN SHO,1
037,037 - Lacaly AlMahmal - MAATC,019-U-39,Closed,336691,361° WMN SHO,1
037,037 - Lacaly AlMahmal - MAATC,019-U-40,Closed,336697,361° WMN SHO,2
037,037 - Lacaly AlMahmal - MAATC,019-U-40,Closed,336698,361° WMN SHO,3
037,037 - Lacaly AlMahmal - MAATC,019-U-40,Closed,336699,361° WMN SHO,3
037,037 - Lacaly AlMahmal - MAATC,019-U-40,Closed,336700,361° WMN SHO,3
037,037 - Lacaly AlMahmal - MAATC,019-U-41,Closed,336713,361° WMN SHO,2
037,037 - Lacaly AlMahmal - MAATC,019-U-41,Closed,336714,361° WMN SHO,3
037,037 - Lacaly AlMahmal - MAATC,019-U-41,Closed,336715,361° WMN SHO,3
037,037 - Lacaly AlMahmal - MAATC,019-U-41,Closed,336716,361° WMN SHO,3
037,037 - Lacaly AlMahmal - MAATC,019-U-41,Closed,336717,361° WMN SHO,1
037,037 - Lacaly AlMahmal - MAATC,019-U-42,Closed,336681,361° WMN SHO,2
037,037 - Lacaly AlMahmal - MAATC,019-U-42,Closed,336682,361° WMN SHO,3
037,037 - Lacaly AlMahmal - MAATC,019-U-42,Closed,336683,361° WMN SHO,3
037,037 - Lacaly AlMahmal - MAATC,019-U-42,Closed,336684,361° WMN SHO,3
037,037 - Lacaly AlMahmal - MAATC,019-U-43,Closed,336680,361° WMN SHO,1
037,037 - Lacaly AlMahmal - MAATC,019-U-43,Closed,336685,361° WMN SHO,1
037,037 - Lacaly AlMahmal - MAATC,019-U-43,Closed,336690,361° WMN SHO,1
037,037 - Lacaly AlMahmal - MAATC,019-U-43,Closed,336696,361° WMN SHO,1
037,037 - Lacaly AlMahmal - MAATC,019-U-43,Closed,336701,361° WMN SHO,1
037,037 - Lacaly AlMahmal - MAATC,019-U-43,Closed,336706,361° WMN SHO,1
037,037 - Lacaly AlMahmal - MAATC,019-U-43,Closed,336712,361° WMN SHO,1
037,037 - Lacaly AlMahmal - MAATC,019-U-43,Closed,336717,361° WMN SHO,1
037,037 - Lacaly AlMahmal - MAATC,037-A-01,Closed,336151,361° MEN TSS,1
037,037 - Lacaly AlMahmal - MAATC,037-A-01,Closed,336185,361° MEN TSS,3
037,037 - Lacaly AlMahmal - MAATC,037-A-01,Closed,336264,361° MEN TSU,2
037,037 - Lacaly AlMahmal - MAATC,037-A-01,Closed,336474,361° MEN TSU,2
037,037 - Lacaly AlMahmal - MAATC,037-A-02,Closed,336116,361° MEN TSU,1
037,037 - Lacaly AlMahmal - MAATC,037-A-02,Closed,336122,361° MEN TSU,1
037,037 - Lacaly AlMahmal - MAATC,037-A-02,Closed,336123,361° MEN TSS,1
037,037 - Lacaly AlMahmal - MAATC,037-A-02,Closed,336153,361° MEN TSS,1
037,037 - Lacaly AlMahmal - MAATC,037-A-02,Closed,336154,361° MEN TSS,2
037,037 - Lacaly AlMahmal - MAATC,037-A-02,Closed,336155,361° MEN TSS,3
037,037 - Lacaly AlMahmal - MAATC,037-A-02,Closed,336157,361° MEN TSS,1
037,037 - Lacaly AlMahmal - MAATC,037-A-02,Closed,336171,361° MEN TSS,1
037,037 - Lacaly AlMahmal - MAATC,037-A-02,Closed,336174,361° MEN TSS,2
037,037 - Lacaly AlMahmal - MAATC,037-A-02,Closed,336182,361° MEN TSS,1
037,037 - Lacaly AlMahmal - MAATC,037-A-02,Closed,336267,361° MEN TSU,1
037,037 - Lacaly AlMahmal - MAATC,037-A-02,Closed,336270,361° MEN TSU,2
037,037 - Lacaly AlMahmal - MAATC,037-A-02,Closed,336272,361° MEN TSU,1
037,037 - Lacaly AlMahmal - MAATC,037-A-02,Closed,336273,361° MEN TSU,1
037,037 - Lacaly AlMahmal - MAATC,037-A-02,Closed,336274,361° MEN TSU,2
037,037 - Lacaly AlMahmal - MAATC,037-A-02,Closed,336278,361° MEN TSU,1
037,037 - Lacaly AlMahmal - MAATC,037-A-02,Closed,336280,361° MEN TSS,2
037,037 - Lacaly AlMahmal - MAATC,037-A-02,Closed,336281,361° MEN TSS,3
037,037 - Lacaly AlMahmal - MAATC,037-A-02,Closed,336285,361° MEN TSS,1
037,037 - Lacaly AlMahmal - MAATC,037-A-02,Closed,336289,361° MEN TSS,1
037,037 - Lacaly AlMahmal - MAATC,037-A-02,Closed,336324,361° MEN CPR,2
037,037 - Lacaly AlMahmal - MAATC,037-A-02,Closed,336325,361° MEN CPR,1
037,037 - Lacaly AlMahmal - MAATC,037-A-02,Closed,336326,361° MEN CPR,1
037,037 - Lacaly AlMahmal - MAATC,037-A-02,Closed,336355,361° MEN TSU,1
037,037 - Lacaly AlMahmal - MAATC,037-A-02,Closed,336419,361° MEN PTK,3
037,037 - Lacaly AlMahmal - MAATC,037-A-02,Closed,336429,361° MEN PTK,1
037,037 - Lacaly AlMahmal - MAATC,037-A-02,Closed,336440,361° MEN TSS,1
037,037 - Lacaly AlMahmal - MAATC,037-A-02,Closed,336441,361° MEN TSS,1
037,037 - Lacaly AlMahmal - MAATC,037-A-02,Closed,336445,361° MEN TSS,1
037,037 - Lacaly AlMahmal - MAATC,037-A-02,Closed,336446,361° MEN TSS,1
037,037 - Lacaly AlMahmal - MAATC,037-A-02,Closed,336453,361° MEN TSU,1
037,037 - Lacaly AlMahmal - MAATC,037-A-02,Closed,336462,361° MEN TSS,2
037,037 - Lacaly AlMahmal - MAATC,037-A-02,Closed,336504,361° WMN TSU,2
037,037 - Lacaly AlMahmal - MAATC,037-A-02,Closed,336511,361° WMN TSU,1
037,037 - Lacaly AlMahmal - MAATC,037-A-02,Closed,336514,361° WMN TSS,2
037,037 - Lacaly AlMahmal - MAATC,037-A-02,Closed,336515,361° WMN TSS,3
037,037 - Lacaly AlMahmal - MAATC,037-A-02,Closed,336517,361° WMN TSS,1
037,037 - Lacaly AlMahmal - MAATC,037-A-02,Closed,336521,361° WMN TSS,3
037,037 - Lacaly AlMahmal - MAATC,037-A-02,Closed,336524,361° WMN TSS,1
037,037 - Lacaly AlMahmal - MAATC,037-A-02,Closed,336537,361° WMN TSU,1
037,037 - Lacaly AlMahmal - MAATC,037-A-02,Closed,336545,361° WMN TSU,3
037,037 - Lacaly AlMahmal - MAATC,037-A-02,Closed,336582,361° WMN TSU,2
037,037 - Lacaly AlMahmal - MAATC,037-A-02,Closed,336583,361° WMN TSU,1
037,037 - Lacaly AlMahmal - MAATC,037-A-02,Closed,336587,361° WMN TSU,3
037,037 - Lacaly AlMahmal - MAATC,037-A-02,Closed,336589,361° WMN TSU,1
037,037 - Lacaly AlMahmal - MAATC,037-A-03,Closed,336098,361° MEN WST,1
037,037 - Lacaly AlMahmal - MAATC,037-A-03,Closed,336125,361° MEN TSS,3
037,037 - Lacaly AlMahmal - MAATC,037-A-03,Closed,336135,361° MEN SRT,1
037,037 - Lacaly AlMahmal - MAATC,037-A-03,Closed,336140,361° MEN SRT,1
037,037 - Lacaly AlMahmal - MAATC,037-A-03,Closed,336141,361° MEN SRT,1
037,037 - Lacaly AlMahmal - MAATC,037-A-03,Closed,336148,361° MEN TSS,2
037,037 - Lacaly AlMahmal - MAATC,037-A-03,Closed,336149,361° MEN TSS,3
037,037 - Lacaly AlMahmal - MAATC,037-A-03,Closed,336180,361° MEN TSS,2
037,037 - Lacaly AlMahmal - MAATC,037-A-03,Closed,336181,361° MEN TSS,1
037,037 - Lacaly AlMahmal - MAATC,037-A-03,Closed,336186,361° MEN TSS,2
037,037 - Lacaly AlMahmal - MAATC,037-A-03,Closed,336189,361° MEN TSS,1
037,037 - Lacaly AlMahmal - MAATC,037-A-03,Closed,336209,361° MEN TSS,3
037,037 - Lacaly AlMahmal - MAATC,037-A-03,Closed,336218,361° MEN TSS,1
037,037 - Lacaly AlMahmal - MAATC,037-A-03,Closed,336239,361° MEN SRT,3
037,037 - Lacaly AlMahmal - MAATC,037-A-03,Closed,336247,361° MEN SRT,1
037,037 - Lacaly AlMahmal - MAATC,037-A-03,Closed,336255,361° MEN TSU,1
037,037 - Lacaly AlMahmal - MAATC,037-A-03,Closed,336256,361° MEN TSU,2
037,037 - Lacaly AlMahmal - MAATC,037-A-03,Closed,336260,361° MEN TSU,1
037,037 - Lacaly AlMahmal - MAATC,037-A-03,Closed,336283,361° MEN TSS,1
037,037 - Lacaly AlMahmal - MAATC,037-A-03,Closed,336311,361° MEN TSS,3
037,037 - Lacaly AlMahmal - MAATC,037-A-03,Closed,336357,361° MEN TSS,1
037,037 - Lacaly AlMahmal - MAATC,037-A-03,Closed,336359,361° MEN TSS,3
037,037 - Lacaly AlMahmal - MAATC,037-A-03,Closed,336360,361° MEN TSS,2
037,037 - Lacaly AlMahmal - MAATC,037-A-03,Closed,336363,361° MEN TSS,1
037,037 - Lacaly AlMahmal - MAATC,037-A-03,Closed,336364,361° MEN TSS,2
037,037 - Lacaly AlMahmal - MAATC,037-A-03,Closed,336367,361° MEN TSS,1
037,037 - Lacaly AlMahmal - MAATC,037-A-03,Closed,336368,361° MEN TSS,1
037,037 - Lacaly AlMahmal - MAATC,037-A-03,Closed,336388,361° MEN TSS,2
037,037 - Lacaly AlMahmal - MAATC,037-A-03,Closed,336390,361° MEN TSS,2
037,037 - Lacaly AlMahmal - MAATC,037-A-03,Closed,336393,361° MEN TSS,1
037,037 - Lacaly AlMahmal - MAATC,037-A-03,Closed,336395,361° MEN TSS,3
037,037 - Lacaly AlMahmal - MAATC,037-A-03,Closed,336401,361° MEN TSS,3
037,037 - Lacaly AlMahmal - MAATC,037-A-03,Closed,336471,361° MEN TSU,1
037,037 - Lacaly AlMahmal - MAATC,037-A-03,Closed,336478,361° MEN TSU,2
037,037 - Lacaly AlMahmal - MAATC,037-A-03,Closed,336489,361° WMN TSS,1
037,037 - Lacaly AlMahmal - MAATC,037-A-03,Closed,336492,361° WMN TSS,2
037,037 - Lacaly AlMahmal - MAATC,037-A-03,Closed,336493,361° WMN TSS,1
037,037 - Lacaly AlMahmal - MAATC,037-A-03,Closed,336543,361° WMN TSU,1
037,037 - Lacaly AlMahmal - MAATC,037-A-03,Closed,336544,361° WMN TSU,2
037,037 - Lacaly AlMahmal - MAATC,037-A-03,Closed,336558,361° WMN TSU,2
037,037 - Lacaly AlMahmal - MAATC,037-A-03,Closed,336561,361° WMN TSU,1
037,037 - Lacaly AlMahmal - MAATC,037-A-03,Closed,336562,361° WMN TSU,2
037,037 - Lacaly AlMahmal - MAATC,037-A-03,Closed,336569,361° WMN TSU,3
037,037 - Lacaly AlMahmal - MAATC,037-A-03,Closed,336570,361° WMN TSU,2
037,037 - Lacaly AlMahmal - MAATC,037-A-04,Closed,336322,361° MEN CPR,2
037,037 - Lacaly AlMahmal - MAATC,037-A-04,Closed,336330,361° MEN CPR,2
037,037 - Lacaly AlMahmal - MAATC,037-A-04,Closed,336477,361° MEN TSU,1
037,037 - Lacaly AlMahmal - MAATC,037-A-20,Open,336012,361° MEN SRT,1
037,037 - Lacaly AlMahmal - MAATC,037-J-01,Closed,336102,361° MEN JCK,2
037,037 - Lacaly AlMahmal - MAATC,037-J-01,Closed,336104,361° MEN JCK,1
037,037 - Lacaly AlMahmal - MAATC,037-J-01,Closed,336113,361° MEN TSU,3
037,037 - Lacaly AlMahmal - MAATC,037-J-01,Closed,336138,361° MEN SRT,2
037,037 - Lacaly AlMahmal - MAATC,037-J-01,Closed,336161,361° MEN TSS,3
037,037 - Lacaly AlMahmal - MAATC,037-J-01,Closed,336162,361° MEN TSS,2
037,037 - Lacaly AlMahmal - MAATC,037-J-01,Closed,336169,361° MEN TSS,1
037,037 - Lacaly AlMahmal - MAATC,037-J-01,Closed,336170,361° MEN TSS,1
037,037 - Lacaly AlMahmal - MAATC,037-J-01,Closed,336173,361° MEN TSS,2
037,037 - Lacaly AlMahmal - MAATC,037-J-01,Closed,336197,361° MEN TSS,3
037,037 - Lacaly AlMahmal - MAATC,037-J-01,Closed,336208,361° MEN TSS,2
037,037 - Lacaly AlMahmal - MAATC,037-J-01,Closed,336210,361° MEN TSS,2
037,037 - Lacaly AlMahmal - MAATC,037-J-01,Closed,336212,361° MEN TSS,1
037,037 - Lacaly AlMahmal - MAATC,037-J-01,Closed,336213,361° MEN TSS,1
037,037 - Lacaly AlMahmal - MAATC,037-J-01,Closed,336217,361° MEN TSS,1
037,037 - Lacaly AlMahmal - MAATC,037-J-01,Closed,336225,361° MEN SRT,1
037,037 - Lacaly AlMahmal - MAATC,037-J-01,Closed,336227,361° MEN SRT,3
037,037 - Lacaly AlMahmal - MAATC,037-J-01,Closed,336228,361° MEN SRT,2
037,037 - Lacaly AlMahmal - MAATC,037-J-01,Closed,336233,361° MEN SRT,3
037,037 - Lacaly AlMahmal - MAATC,037-J-01,Closed,336236,361° MEN SRT,1
037,037 - Lacaly AlMahmal - MAATC,037-J-01,Closed,336259,361° MEN TSU,1
037,037 - Lacaly AlMahmal - MAATC,037-J-01,Closed,336266,361° MEN TSU,1
037,037 - Lacaly AlMahmal - MAATC,037-J-01,Closed,336300,361° MEN TSS,2
037,037 - Lacaly AlMahmal - MAATC,037-J-01,Closed,336321,361° MEN CPR,1
037,037 - Lacaly AlMahmal - MAATC,037-J-01,Closed,336331,361° MEN CPR,1
037,037 - Lacaly AlMahmal - MAATC,037-J-01,Closed,336337,361° MEN SRT,1
037,037 - Lacaly AlMahmal - MAATC,037-J-01,Closed,336338,361° MEN SRT,1
037,037 - Lacaly AlMahmal - MAATC,037-J-01,Closed,336343,361° MEN SRT,1
037,037 - Lacaly AlMahmal - MAATC,037-J-01,Closed,336344,361° MEN SRT,1
037,037 - Lacaly AlMahmal - MAATC,037-J-01,Closed,336373,361° MEN SHS,1
037,037 - Lacaly AlMahmal - MAATC,037-J-01,Closed,336378,361° MEN SHS,2
037,037 - Lacaly AlMahmal - MAATC,037-J-01,Closed,336381,361° MEN SRT,1
037,037 - Lacaly AlMahmal - MAATC,037-J-01,Closed,336383,361° MEN SRT,3
037,037 - Lacaly AlMahmal - MAATC,037-J-01,Closed,336387,361° MEN TSS,1
037,037 - Lacaly AlMahmal - MAATC,037-J-01,Closed,336427,361° MEN PTK,1
037,037 - Lacaly AlMahmal - MAATC,037-J-01,Closed,336447,361° MEN TSU,1
037,037 - Lacaly AlMahmal - MAATC,037-J-01,Closed,336459,361° MEN TSS,1
037,037 - Lacaly AlMahmal - MAATC,037-J-01,Closed,336461,361° MEN TSS,3
037,037 - Lacaly AlMahmal - MAATC,037-J-01,Closed,336530,361° WMN TSS,1
037,037 - Lacaly AlMahmal - MAATC,037-J-01,Closed,336538,361° WMN TSU,2
037,037 - Lacaly AlMahmal - MAATC,037-J-02,Closed,336091,361° MEN WST,1
037,037 - Lacaly AlMahmal - MAATC,037-J-02,Closed,336092,361° MEN WST,1
037,037 - Lacaly AlMahmal - MAATC,037-J-02,Closed,336119,361° MEN TSU,3
037,037 - Lacaly AlMahmal - MAATC,037-J-02,Closed,336127,361° MEN TSS,1
037,037 - Lacaly AlMahmal - MAATC,037-J-02,Closed,336163,361° MEN TSS,1
037,037 - Lacaly AlMahmal - MAATC,037-J-02,Closed,336166,361° MEN TSS,2
037,037 - Lacaly AlMahmal - MAATC,037-J-02,Closed,336184,361° MEN TSS,2
037,037 - Lacaly AlMahmal - MAATC,037-J-02,Closed,336187,361° MEN TSS,1
037,037 - Lacaly AlMahmal - MAATC,037-J-02,Closed,336219,361° MEN SRT,1
037,037 - Lacaly AlMahmal - MAATC,037-J-02,Closed,336231,361° MEN SRT,1
037,037 - Lacaly AlMahmal - MAATC,037-J-02,Closed,336232,361° MEN SRT,2
037,037 - Lacaly AlMahmal - MAATC,037-J-02,Closed,336241,361° MEN SRT,1
037,037 - Lacaly AlMahmal - MAATC,037-J-02,Closed,336242,361° MEN SRT,1
037,037 - Lacaly AlMahmal - MAATC,037-J-02,Closed,336254,361° MEN SRT,1
037,037 - Lacaly AlMahmal - MAATC,037-J-02,Closed,336261,361° MEN TSU,1
037,037 - Lacaly AlMahmal - MAATC,037-J-02,Closed,336265,361° MEN TSU,1
037,037 - Lacaly AlMahmal - MAATC,037-J-02,Closed,336275,361° MEN TSU,3
037,037 - Lacaly AlMahmal - MAATC,037-J-02,Closed,336276,361° MEN TSU,2
037,037 - Lacaly AlMahmal - MAATC,037-J-02,Closed,336290,361° MEN TSS,1
037,037 - Lacaly AlMahmal - MAATC,037-J-02,Closed,336294,361° MEN TSS,2
037,037 - Lacaly AlMahmal - MAATC,037-J-02,Closed,336301,361° MEN TSS,1
037,037 - Lacaly AlMahmal - MAATC,037-J-02,Closed,336339,361° MEN SRT,1
037,037 - Lacaly AlMahmal - MAATC,037-J-02,Closed,336372,361° MEN SHS,2
037,037 - Lacaly AlMahmal - MAATC,037-J-02,Closed,336374,361° MEN SHS,1
037,037 - Lacaly AlMahmal - MAATC,037-J-02,Closed,336411,361° MEN PTK,1
037,037 - Lacaly AlMahmal - MAATC,037-J-02,Closed,336415,361° MEN PTK,1
037,037 - Lacaly AlMahmal - MAATC,037-J-02,Closed,336417,361° MEN PTK,1
037,037 - Lacaly AlMahmal - MAATC,037-J-02,Closed,336434,361° MEN PTK,1
037,037 - Lacaly AlMahmal - MAATC,037-J-02,Closed,336451,361° MEN TSU,1
037,037 - Lacaly AlMahmal - MAATC,037-J-02,Closed,336452,361° MEN TSU,1
037,037 - Lacaly AlMahmal - MAATC,037-J-02,Closed,336458,361° MEN TSU,1
037,037 - Lacaly AlMahmal - MAATC,037-J-02,Closed,336470,361° MEN TSS,1
037,037 - Lacaly AlMahmal - MAATC,037-J-02,Closed,336481,361° MEN TSU,1
037,037 - Lacaly AlMahmal - MAATC,037-J-02,Closed,336491,361° WMN TSS,3
037,037 - Lacaly AlMahmal - MAATC,037-J-02,Closed,336508,361° WMN TSU,2
037,037 - Lacaly AlMahmal - MAATC,037-J-02,Closed,336510,361° WMN TSU,2
037,037 - Lacaly AlMahmal - MAATC,037-J-02,Closed,336512,361° WMN TSU,1
037,037 - Lacaly AlMahmal - MAATC,037-J-02,Closed,336518,361° WMN TSS,1
037,037 - Lacaly AlMahmal - MAATC,037-J-02,Closed,336519,361° WMN TSS,1
037,037 - Lacaly AlMahmal - MAATC,037-J-02,Closed,336520,361° WMN TSS,2
037,037 - Lacaly AlMahmal - MAATC,037-J-02,Closed,336522,361° WMN TSS,2
037,037 - Lacaly AlMahmal - MAATC,037-J-02,Closed,336523,361° WMN TSS,1
037,037 - Lacaly AlMahmal - MAATC,037-J-02,Closed,336525,361° WMN TSS,1
037,037 - Lacaly AlMahmal - MAATC,037-J-02,Closed,336563,361° WMN TSU,3
037,037 - Lacaly AlMahmal - MAATC,037-J-02,Closed,336568,361° WMN TSU,2
037,037 - Lacaly AlMahmal - MAATC,037-J-02,Closed,336572,361° WMN TSU,1
037,037 - Lacaly AlMahmal - MAATC,037-J-02,Closed,336573,361° WMN TSU,1
037,037 - Lacaly AlMahmal - MAATC,037-J-02,Closed,336576,361° WMN TSU,2
037,037 - Lacaly AlMahmal - MAATC,037-J-02,Closed,336578,361° WMN TSU,1
037,037 - Lacaly AlMahmal - MAATC,037-J-03,Closed,336087,361° MEN WST,1
037,037 - Lacaly AlMahmal - MAATC,037-J-03,Closed,336089,361° MEN WST,3
037,037 - Lacaly AlMahmal - MAATC,037-J-03,Closed,336124,361° MEN TSS,2
037,037 - Lacaly AlMahmal - MAATC,037-J-03,Closed,336132,361° MEN TSS,1
037,037 - Lacaly AlMahmal - MAATC,037-J-03,Closed,336133,361° MEN TSS,1
037,037 - Lacaly AlMahmal - MAATC,037-J-03,Closed,336134,361° MEN TSS,1
037,037 - Lacaly AlMahmal - MAATC,037-J-03,Closed,336164,361° MEN TSS,1
037,037 - Lacaly AlMahmal - MAATC,037-J-03,Closed,336279,361° MEN TSS,1
037,037 - Lacaly AlMahmal - MAATC,037-J-03,Closed,336298,361° MEN TSS,2
037,037 - Lacaly AlMahmal - MAATC,037-J-03,Closed,336313,361° MEN TSS,1
037,037 - Lacaly AlMahmal - MAATC,037-J-03,Closed,336316,361° MEN TSS,2
037,037 - Lacaly AlMahmal - MAATC,037-J-03,Closed,336333,361° MEN SRT,1
037,037 - Lacaly AlMahmal - MAATC,037-J-03,Closed,336334,361° MEN SRT,2
037,037 - Lacaly AlMahmal - MAATC,037-J-03,Closed,336341,361° MEN SRT,3
037,037 - Lacaly AlMahmal - MAATC,037-J-03,Closed,336346,361° MEN TSU,2
037,037 - Lacaly AlMahmal - MAATC,037-J-03,Closed,336394,361° MEN TSS,2
037,037 - Lacaly AlMahmal - MAATC,037-J-03,Closed,336421,361° MEN PTK,1
037,037 - Lacaly AlMahmal - MAATC,037-J-03,Closed,336450,361° MEN TSU,2
037,037 - Lacaly AlMahmal - MAATC,037-J-03,Closed,336502,361° WMN TSU,2
037,037 - Lacaly AlMahmal - MAATC,037-J-03,Closed,336503,361° WMN TSU,3
037,037 - Lacaly AlMahmal - MAATC,037-U-1,Closed,336033,361° USX BPK,3
037,037 - Lacaly AlMahmal - MAATC,037-U-1,Closed,336034,361° USX BPK,3
037,037 - Lacaly AlMahmal - MAATC,037-U-1,Closed,336035,361° USX WST,3
037,037 - Lacaly AlMahmal - MAATC,037-U-1,Closed,336038,361° USX CAP,2
037,037 - Lacaly AlMahmal - MAATC,037-U-1,Closed,336039,361° USX CAP,6
037,037 - Lacaly AlMahmal - MAATC,037-U-1,Closed,336040,361° USX CAP,6
037,037 - Lacaly AlMahmal - MAATC,037-U-1,Closed,336041,361° USX CAP,6
037,037 - Lacaly AlMahmal - MAATC,037-U-1,Closed,336044,361° USX CAP,6
037,037 - Lacaly AlMahmal - MAATC,037-U-1,Closed,336045,361° USX CAP,6
037,037 - Lacaly AlMahmal - MAATC,037-U-1,Closed,336046,361° USX CAP,6
037,037 - Lacaly AlMahmal - MAATC,037-U-1,Closed,336047,361° USX CAP,7
037,037 - Lacaly AlMahmal - MAATC,037-U-1,Closed,336048,361° MEN SCK,6
037,037 - Lacaly AlMahmal - MAATC,037-U-1,Closed,336049,361° MEN SCK,6
037,037 - Lacaly AlMahmal - MAATC,037-U-1,Closed,336050,361° MEN SCK,1
037,037 - Lacaly AlMahmal - MAATC,037-U-1,Closed,336051,361° MEN SCK,6
037,037 - Lacaly AlMahmal - MAATC,037-U-1,Closed,336052,361° MEN SCK,6
037,037 - Lacaly AlMahmal - MAATC,037-U-1,Closed,336053,361° MEN SCK,1
037,037 - Lacaly AlMahmal - MAATC,037-U-1,Closed,336055,361° MEN SCK,6
037,037 - Lacaly AlMahmal - MAATC,037-U-1,Closed,336056,361° MEN SCK,1
037,037 - Lacaly AlMahmal - MAATC,037-U-1,Closed,336057,361° USX SCK,2
037,037 - Lacaly AlMahmal - MAATC,037-U-1,Closed,336058,361° USX SCK,3
037,037 - Lacaly AlMahmal - MAATC,037-U-1,Closed,336059,361° USX SCK,2
037,037 - Lacaly AlMahmal - MAATC,037-U-1,Closed,336060,361° USX SCK,2
037,037 - Lacaly AlMahmal - MAATC,037-U-1,Closed,336061,361° USX SCK,4
037,037 - Lacaly AlMahmal - MAATC,037-U-1,Closed,336062,361° USX SCK,2
037,037 - Lacaly AlMahmal - MAATC,037-U-1,Closed,336063,361° USX SCK,2
037,037 - Lacaly AlMahmal - MAATC,037-U-1,Closed,336065,361° USX SCK,2
037,037 - Lacaly AlMahmal - MAATC,037-U-1,Closed,336066,361° USX SCK,2
037,037 - Lacaly AlMahmal - MAATC,037-U-1,Closed,336067,361° USX SCK,4
037,037 - Lacaly AlMahmal - MAATC,037-U-1,Closed,336068,361° USX SCK,2
037,037 - Lacaly AlMahmal - MAATC,037-U-1,Closed,336069,361° USX SCK,2
037,037 - Lacaly AlMahmal - MAATC,037-U-1,Closed,336070,361° USX SCK,4
037,037 - Lacaly AlMahmal - MAATC,037-U-1,Closed,336071,361° USX SCK,2
037,037 - Lacaly AlMahmal - MAATC,037-U-1,Closed,336072,361° USX SCK,2
037,037 - Lacaly AlMahmal - MAATC,037-U-1,Closed,336073,361° USX SCK,4
037,037 - Lacaly AlMahmal - MAATC,037-U-1,Closed,336074,361° USX SCK,2
037,037 - Lacaly AlMahmal - MAATC,037-U-1,Closed,336075,361° USX INS,1
037,037 - Lacaly AlMahmal - MAATC,037-U-1,Closed,336076,361° USX INS,2
037,037 - Lacaly AlMahmal - MAATC,037-U-1,Closed,336078,361° USX INS,3
037,037 - Lacaly AlMahmal - MAATC,037-U-1,Closed,336079,361° USX INS,2
037,037 - Lacaly AlMahmal - MAATC,037-U-1,Closed,336080,361° USX INS,1
037,037 - Lacaly AlMahmal - MAATC,037-U-16,Closed,336082,361° MEN WST,2
037,037 - Lacaly AlMahmal - MAATC,037-U-16,Closed,336086,361° MEN WST,1
037,037 - Lacaly AlMahmal - MAATC,037-U-16,Closed,336088,361° MEN WST,2
037,037 - Lacaly AlMahmal - MAATC,037-U-16,Closed,336094,361° MEN WST,2
037,037 - Lacaly AlMahmal - MAATC,037-U-16,Closed,336142,361° MEN SRT,2
037,037 - Lacaly AlMahmal - MAATC,037-U-16,Closed,336144,361° MEN SRT,1
037,037 - Lacaly AlMahmal - MAATC,037-U-16,Closed,336147,361° MEN TSS,1
037,037 - Lacaly AlMahmal - MAATC,037-U-16,Closed,336200,361° MEN TSS,1
037,037 - Lacaly AlMahmal - MAATC,037-U-16,Closed,336202,361° MEN TSS,2
037,037 - Lacaly AlMahmal - MAATC,037-U-16,Closed,336205,361° MEN TSS,1
037,037 - Lacaly AlMahmal - MAATC,037-U-16,Closed,336211,361° MEN TSS,1
037,037 - Lacaly AlMahmal - MAATC,037-U-16,Closed,336215,361° MEN TSS,3
037,037 - Lacaly AlMahmal - MAATC,037-U-16,Closed,336216,361° MEN TSS,2
037,037 - Lacaly AlMahmal - MAATC,037-U-16,Closed,336221,361° MEN SRT,3
037,037 - Lacaly AlMahmal - MAATC,037-U-16,Closed,336286,361° MEN TSS,2
037,037 - Lacaly AlMahmal - MAATC,037-U-16,Closed,336295,361° MEN TSS,1
037,037 - Lacaly AlMahmal - MAATC,037-U-16,Closed,336304,361° MEN TSS,2
037,037 - Lacaly AlMahmal - MAATC,037-U-16,Closed,336306,361° MEN TSS,2
037,037 - Lacaly AlMahmal - MAATC,037-U-16,Closed,336307,361° MEN TSS,1
037,037 - Lacaly AlMahmal - MAATC,037-U-16,Closed,336308,361° MEN TSS,1
037,037 - Lacaly AlMahmal - MAATC,037-U-16,Closed,336352,361° MEN TSU,2
037,037 - Lacaly AlMahmal - MAATC,037-U-16,Closed,336358,361° MEN TSS,2
037,037 - Lacaly AlMahmal - MAATC,037-U-16,Closed,336361,361° MEN TSS,1
037,037 - Lacaly AlMahmal - MAATC,037-U-16,Closed,336362,361° MEN TSS,1
037,037 - Lacaly AlMahmal - MAATC,037-U-16,Closed,336391,361° MEN TSS,1
037,037 - Lacaly AlMahmal - MAATC,037-U-16,Closed,336392,361° MEN TSS,1
037,037 - Lacaly AlMahmal - MAATC,037-U-16,Closed,336398,361° MEN TSS,1
037,037 - Lacaly AlMahmal - MAATC,037-U-16,Closed,336400,361° MEN TSS,2
037,037 - Lacaly AlMahmal - MAATC,037-U-16,Closed,336403,361° MEN TSS,1
037,037 - Lacaly AlMahmal - MAATC,037-U-16,Closed,336405,361° MEN TSS,1
037,037 - Lacaly AlMahmal - MAATC,037-U-16,Closed,336406,361° MEN TSS,2
037,037 - Lacaly AlMahmal - MAATC,037-U-16,Closed,336410,361° MEN TSS,1
037,037 - Lacaly AlMahmal - MAATC,037-U-16,Closed,336422,361° MEN PTK,1
037,037 - Lacaly AlMahmal - MAATC,037-U-16,Closed,336454,361° MEN TSU,2
037,037 - Lacaly AlMahmal - MAATC,037-U-16,Closed,336463,361° MEN TSS,1
037,037 - Lacaly AlMahmal - MAATC,037-U-16,Closed,336490,361° WMN TSS,2
037,037 - Lacaly AlMahmal - MAATC,037-U-16,Closed,336494,361° WMN TSS,1
037,037 - Lacaly AlMahmal - MAATC,037-U-16,Closed,336497,361° WMN TSS,3
037,037 - Lacaly AlMahmal - MAATC,037-U-16,Closed,336507,361° WMN TSU,1
037,037 - Lacaly AlMahmal - MAATC,037-U-16,Closed,336509,361° WMN TSU,3
037,037 - Lacaly AlMahmal - MAATC,037-U-16,Closed,336526,361° WMN TSS,2
037,037 - Lacaly AlMahmal - MAATC,037-U-16,Closed,336527,361° WMN TSS,3
037,037 - Lacaly AlMahmal - MAATC,037-U-16,Closed,336531,361° WMN TSS,1
037,037 - Lacaly AlMahmal - MAATC,037-U-16,Closed,336532,361° WMN TSS,2
037,037 - Lacaly AlMahmal - MAATC,037-U-16,Closed,336534,361° WMN TSS,2
037,037 - Lacaly AlMahmal - MAATC,037-U-16,Closed,336536,361° WMN TSS,1
037,037 - Lacaly AlMahmal - MAATC,037-U-16,Closed,336539,361° WMN TSU,3
037,037 - Lacaly AlMahmal - MAATC,037-U-16,Closed,336542,361° WMN TSU,1
037,037 - Lacaly AlMahmal - MAATC,037-U-16,Closed,336546,361° WMN TSU,2
037,037 - Lacaly AlMahmal - MAATC,037-U-16,Closed,336547,361° WMN TSU,1
037,037 - Lacaly AlMahmal - MAATC,037-U-16,Closed,336559,361° WMN TSU,1
037,037 - Lacaly AlMahmal - MAATC,037-U-16,Closed,336560,361° WMN TSU,1
037,037 - Lacaly AlMahmal - MAATC,037-U-16,Closed,336566,361° WMN TSU,1
037,037 - Lacaly AlMahmal - MAATC,037-U-17,Closed,336007,361° MEN SRT,3
037,037 - Lacaly AlMahmal - MAATC,037-U-17,Closed,336010,361° MEN SRT,1
037,037 - Lacaly AlMahmal - MAATC,037-U-17,Closed,336017,361° MEN SRT,1
037,037 - Lacaly AlMahmal - MAATC,037-U-17,Closed,336093,361° MEN WST,1
037,037 - Lacaly AlMahmal - MAATC,037-U-17,Closed,336096,361° MEN WST,2
037,037 - Lacaly AlMahmal - MAATC,037-U-17,Closed,336106,361° MEN JCK,2
037,037 - Lacaly AlMahmal - MAATC,037-U-17,Closed,336188,361° MEN TSS,1
037,037 - Lacaly AlMahmal - MAATC,037-U-17,Closed,336190,361° MEN TSS,2
037,037 - Lacaly AlMahmal - MAATC,037-U-17,Closed,336191,361° MEN TSS,3
037,037 - Lacaly AlMahmal - MAATC,037-U-17,Closed,336196,361° MEN TSS,2
037,037 - Lacaly AlMahmal - MAATC,037-U-17,Closed,336198,361° MEN TSS,1
037,037 - Lacaly AlMahmal - MAATC,037-U-17,Closed,336206,361° MEN TSS,1
037,037 - Lacaly AlMahmal - MAATC,037-U-17,Closed,336220,361° MEN SRT,2
037,037 - Lacaly AlMahmal - MAATC,037-U-17,Closed,336226,361° MEN SRT,2
037,037 - Lacaly AlMahmal - MAATC,037-U-17,Closed,336229,361° MEN SRT,1
037,037 - Lacaly AlMahmal - MAATC,037-U-17,Closed,336230,361° MEN SRT,1
037,037 - Lacaly AlMahmal - MAATC,037-U-17,Closed,336234,361° MEN SRT,2
037,037 - Lacaly AlMahmal - MAATC,037-U-17,Closed,336235,361° MEN SRT,1
037,037 - Lacaly AlMahmal - MAATC,037-U-17,Closed,336258,361° MEN TSU,2
037,037 - Lacaly AlMahmal - MAATC,037-U-17,Closed,336332,361° MEN CPR,1
037,037 - Lacaly AlMahmal - MAATC,037-U-17,Closed,336336,361° MEN SRT,2
037,037 - Lacaly AlMahmal - MAATC,037-U-17,Closed,336340,361° MEN SRT,2
037,037 - Lacaly AlMahmal - MAATC,037-U-17,Closed,336342,361° MEN SRT,2
037,037 - Lacaly AlMahmal - MAATC,037-U-17,Closed,336351,361° MEN TSU,1
037,037 - Lacaly AlMahmal - MAATC,037-U-17,Closed,336353,361° MEN TSU,3
037,037 - Lacaly AlMahmal - MAATC,037-U-17,Closed,336369,361° MEN SHS,1
037,037 - Lacaly AlMahmal - MAATC,037-U-17,Closed,336382,361° MEN SRT,2
037,037 - Lacaly AlMahmal - MAATC,037-U-17,Closed,336384,361° MEN SRT,2
037,037 - Lacaly AlMahmal - MAATC,037-U-17,Closed,336385,361° MEN SRT,1
037,037 - Lacaly AlMahmal - MAATC,037-U-17,Closed,336386,361° MEN SRT,1
037,037 - Lacaly AlMahmal - MAATC,037-U-17,Closed,336389,361° MEN TSS,3
037,037 - Lacaly AlMahmal - MAATC,037-U-17,Closed,336423,361° MEN PTK,1
037,037 - Lacaly AlMahmal - MAATC,037-U-17,Closed,336433,361° MEN PTK,1
037,037 - Lacaly AlMahmal - MAATC,037-U-17,Closed,336460,361° MEN TSS,1
037,037 - Lacaly AlMahmal - MAATC,037-U-17,Closed,336465,361° MEN TSS,1
037,037 - Lacaly AlMahmal - MAATC,037-U-17,Closed,336466,361° MEN TSS,2
037,037 - Lacaly AlMahmal - MAATC,037-U-17,Closed,336469,361° MEN TSS,1
037,037 - Lacaly AlMahmal - MAATC,037-U-17,Closed,336472,361° MEN TSU,2
037,037 - Lacaly AlMahmal - MAATC,037-U-17,Closed,336482,361° MEN TSU,1
037,037 - Lacaly AlMahmal - MAATC,037-U-17,Closed,336498,361° WMN TSS,2
037,037 - Lacaly AlMahmal - MAATC,037-U-17,Closed,336528,361° WMN TSS,1
037,037 - Lacaly AlMahmal - MAATC,037-U-17,Closed,336535,361° WMN TSS,1
037,037 - Lacaly AlMahmal - MAATC,037-U-17,Closed,336552,361° WMN SKR,1
037,037 - Lacaly AlMahmal - MAATC,037-U-17,Closed,336556,361° WMN TSU,2
037,037 - Lacaly AlMahmal - MAATC,037-U-17,Closed,336563,361° WMN TSU,1
037,037 - Lacaly AlMahmal - MAATC,037-U-17,Closed,336564,361° WMN TSU,2
037,037 - Lacaly AlMahmal - MAATC,037-U-17,Closed,336565,361° WMN TSU,1
037,037 - Lacaly AlMahmal - MAATC,037-U-17,Closed,336567,361° WMN TSU,1
037,037 - Lacaly AlMahmal - MAATC,037-U-17,Closed,336571,361° WMN TSU,1
037,037 - Lacaly AlMahmal - MAATC,037-U-17,Closed,336574,361° WMN TSU,2
037,037 - Lacaly AlMahmal - MAATC,037-U-17,Closed,336575,361° WMN TSU,3
037,037 - Lacaly AlMahmal - MAATC,037-U-18,Closed,336009,361° MEN SRT,2
037,037 - Lacaly AlMahmal - MAATC,037-U-18,Closed,336013,361° MEN SRT,3
037,037 - Lacaly AlMahmal - MAATC,037-U-18,Closed,336016,361° MEN SRT,1
037,037 - Lacaly AlMahmal - MAATC,037-U-18,Closed,336111,361° MEN TSU,1
037,037 - Lacaly AlMahmal - MAATC,037-U-18,Closed,336117,361° MEN TSU,1
037,037 - Lacaly AlMahmal - MAATC,037-U-18,Closed,336177,361° MEN TSS,1
037,037 - Lacaly AlMahmal - MAATC,037-U-18,Closed,336198,361° MEN TSS,1
037,037 - Lacaly AlMahmal - MAATC,037-U-18,Closed,336251,361° MEN SRT,3
037,037 - Lacaly AlMahmal - MAATC,037-U-18,Closed,336282,361° MEN TSS,2
037,037 - Lacaly AlMahmal - MAATC,037-U-18,Closed,336284,361° MEN TSS,1
037,037 - Lacaly AlMahmal - MAATC,037-U-18,Closed,336287,361° MEN TSS,3
037,037 - Lacaly AlMahmal - MAATC,037-U-18,Closed,336292,361° MEN TSS,2
037,037 - Lacaly AlMahmal - MAATC,037-U-18,Closed,336293,361° MEN TSS,3
037,037 - Lacaly AlMahmal - MAATC,037-U-18,Closed,336296,361° MEN TSS,1
037,037 - Lacaly AlMahmal - MAATC,037-U-18,Closed,336297,361° MEN TSS,1
037,037 - Lacaly AlMahmal - MAATC,037-U-18,Closed,336299,361° MEN TSS,3
037,037 - Lacaly AlMahmal - MAATC,037-U-18,Closed,336302,361° MEN TSS,1
037,037 - Lacaly AlMahmal - MAATC,037-U-18,Closed,336349,361° MEN TSU,1
037,037 - Lacaly AlMahmal - MAATC,037-U-18,Closed,336413,361° MEN PTK,3
037,037 - Lacaly AlMahmal - MAATC,037-U-18,Closed,336416,361° MEN PTK,1
037,037 - Lacaly AlMahmal - MAATC,037-U-18,Closed,336467,361° MEN TSS,3
037,037 - Lacaly AlMahmal - MAATC,037-U-18,Closed,336485,361° WMN TSU,3
037,037 - Lacaly AlMahmal - MAATC,037-U-18,Closed,336487,361° WMN TSU,1
037,037 - Lacaly AlMahmal - MAATC,037-U-18,Closed,336550,361° WMN SKR,2
037,037 - Lacaly AlMahmal - MAATC,037-U-18,Closed,336551,361° WMN SKR,3
037,037 - Lacaly AlMahmal - MAATC,037-U-18,Closed,336552,361° WMN SKR,1
037,037 - Lacaly AlMahmal - MAATC,037-U-18,Closed,336553,361° WMN SKR,1
037,037 - Lacaly AlMahmal - MAATC,037-U-18,Closed,336554,361° WMN SKR,1
037,037 - Lacaly AlMahmal - MAATC,037-U-18,Closed,336555,361° WMN TSU,1
037,037 - Lacaly AlMahmal - MAATC,037-U-18,Closed,336557,361° WMN TSU,3
037,037 - Lacaly AlMahmal - MAATC,037-U-18,Closed,336579,361° WMN TSU,1
037,037 - Lacaly AlMahmal - MAATC,037-U-18,Closed,336581,361° WMN TSU,3
037,037 - Lacaly AlMahmal - MAATC,037-U-18,Closed,336584,361° WMN TSU,1
037,037 - Lacaly AlMahmal - MAATC,037-U-18,Closed,336585,361° WMN TSU,1
037,037 - Lacaly AlMahmal - MAATC,037-U-18,Closed,336586,361° WMN TSU,2
037,037 - Lacaly AlMahmal - MAATC,037-U-18,Closed,336590,361° WMN TSU,1
037,037 - Lacaly AlMahmal - MAATC,037-U-21,Closed,336591,361° MEN SHO,1
037,037 - Lacaly AlMahmal - MAATC,037-U-21,Closed,336592,361° MEN SHO,2
037,037 - Lacaly AlMahmal - MAATC,037-U-21,Closed,336593,361° MEN SHO,3
037,037 - Lacaly AlMahmal - MAATC,037-U-21,Closed,336594,361° MEN SHO,3
037,037 - Lacaly AlMahmal - MAATC,037-U-21,Closed,336595,361° MEN SHO,2
037,037 - Lacaly AlMahmal - MAATC,037-U-21,Closed,336596,361° MEN SHO,1
037,037 - Lacaly AlMahmal - MAATC,037-U-22,Closed,336616,361° MEN SHO,1
037,037 - Lacaly AlMahmal - MAATC,037-U-22,Closed,336617,361° MEN SHO,1
037,037 - Lacaly AlMahmal - MAATC,037-U-22,Closed,336618,361° MEN SHO,3
037,037 - Lacaly AlMahmal - MAATC,037-U-22,Closed,336619,361° MEN SHO,3
037,037 - Lacaly AlMahmal - MAATC,037-U-22,Closed,336620,361° MEN SHO,2
037,037 - Lacaly AlMahmal - MAATC,037-U-22,Closed,336621,361° MEN SHO,1
037,037 - Lacaly AlMahmal - MAATC,037-U-22,Closed,336622,361° MEN SHO,1
037,037 - Lacaly AlMahmal - MAATC,037-U-23,Closed,336018,361° MEN SHO,1
037,037 - Lacaly AlMahmal - MAATC,037-U-23,Closed,336019,361° MEN SHO,2
037,037 - Lacaly AlMahmal - MAATC,037-U-23,Closed,336020,361° MEN SHO,3
037,037 - Lacaly AlMahmal - MAATC,037-U-23,Closed,336021,361° MEN SHO,3
037,037 - Lacaly AlMahmal - MAATC,037-U-23,Closed,336022,361° MEN SHO,3
037,037 - Lacaly AlMahmal - MAATC,037-U-24,Closed,336671,361° MEN SHO,1
037,037 - Lacaly AlMahmal - MAATC,037-U-24,Closed,336672,361° MEN SHO,2
037,037 - Lacaly AlMahmal - MAATC,037-U-24,Closed,336673,361° MEN SHO,3
037,037 - Lacaly AlMahmal - MAATC,037-U-24,Closed,336674,361° MEN SHO,3
037,037 - Lacaly AlMahmal - MAATC,037-U-24,Closed,336675,361° MEN SHO,3
037,037 - Lacaly AlMahmal - MAATC,037-U-25,Closed,336023,361° MEN SHO,1
037,037 - Lacaly AlMahmal - MAATC,037-U-25,Closed,336024,361° MEN SHO,2
037,037 - Lacaly AlMahmal - MAATC,037-U-25,Closed,336025,361° MEN SHO,3
037,037 - Lacaly AlMahmal - MAATC,037-U-25,Closed,336026,361° MEN SHO,3
037,037 - Lacaly AlMahmal - MAATC,037-U-25,Closed,336027,361° MEN SHO,3
037,037 - Lacaly AlMahmal - MAATC,037-U-26,Closed,336661,361° MEN SHO,1
037,037 - Lacaly AlMahmal - MAATC,037-U-26,Closed,336662,361° MEN SHO,2
037,037 - Lacaly AlMahmal - MAATC,037-U-26,Closed,336663,361° MEN SHO,3
037,037 - Lacaly AlMahmal - MAATC,037-U-26,Closed,336664,361° MEN SHO,3
037,037 - Lacaly AlMahmal - MAATC,037-U-26,Closed,336665,361° MEN SHO,3
037,037 - Lacaly AlMahmal - MAATC,037-U-27,Closed,336604,361° MEN SHO,1
037,037 - Lacaly AlMahmal - MAATC,037-U-27,Closed,336605,361° MEN SHO,2
037,037 - Lacaly AlMahmal - MAATC,037-U-27,Closed,336606,361° MEN SHO,3
037,037 - Lacaly AlMahmal - MAATC,037-U-27,Closed,336607,361° MEN SHO,3
037,037 - Lacaly AlMahmal - MAATC,037-U-27,Closed,336608,361° MEN SHO,2
037,037 - Lacaly AlMahmal - MAATC,037-U-27,Closed,336609,361° MEN SHO,1
037,037 - Lacaly AlMahmal - MAATC,037-U-28,Closed,336610,361° MEN SHO,1
037,037 - Lacaly AlMahmal - MAATC,037-U-28,Closed,336611,361° MEN SHO,2
037,037 - Lacaly AlMahmal - MAATC,037-U-28,Closed,336612,361° MEN SHO,3
037,037 - Lacaly AlMahmal - MAATC,037-U-28,Closed,336613,361° MEN SHO,3
037,037 - Lacaly AlMahmal - MAATC,037-U-28,Closed,336614,361° MEN SHO,2
037,037 - Lacaly AlMahmal - MAATC,037-U-28,Closed,336615,361° MEN SHO,1
037,037 - Lacaly AlMahmal - MAATC,037-U-29,Closed,336635,361° MEN SHO,1
037,037 - Lacaly AlMahmal - MAATC,037-U-29,Closed,336636,361° MEN SHO,2
037,037 - Lacaly AlMahmal - MAATC,037-U-29,Closed,336637,361° MEN SHO,3
037,037 - Lacaly AlMahmal - MAATC,037-U-29,Closed,336638,361° MEN SHO,3
037,037 - Lacaly AlMahmal - MAATC,037-U-29,Closed,336639,361° MEN SHO,3
037,037 - Lacaly AlMahmal - MAATC,037-U-30,Closed,336028,361° MEN SHO,1
037,037 - Lacaly AlMahmal - MAATC,037-U-30,Closed,336029,361° MEN SHO,2
037,037 - Lacaly AlMahmal - MAATC,037-U-30,Closed,336030,361° MEN SHO,3
037,037 - Lacaly AlMahmal - MAATC,037-U-30,Closed,336031,361° MEN SHO,3
037,037 - Lacaly AlMahmal - MAATC,037-U-30,Closed,336032,361° MEN SHO,3
037,037 - Lacaly AlMahmal - MAATC,037-U-31,Closed,336645,361° MEN SHO,1
037,037 - Lacaly AlMahmal - MAATC,037-U-31,Closed,336646,361° MEN SHO,2
037,037 - Lacaly AlMahmal - MAATC,037-U-31,Closed,336647,361° MEN SHO,3
037,037 - Lacaly AlMahmal - MAATC,037-U-31,Closed,336648,361° MEN SHO,3
037,037 - Lacaly AlMahmal - MAATC,037-U-31,Closed,336649,361° MEN SHO,3
037,037 - Lacaly AlMahmal - MAATC,037-U-32,Closed,336656,361° MEN SHO,1
037,037 - Lacaly AlMahmal - MAATC,037-U-32,Closed,336657,361° MEN SHO,2
037,037 - Lacaly AlMahmal - MAATC,037-U-32,Closed,336658,361° MEN SHO,3
037,037 - Lacaly AlMahmal - MAATC,037-U-32,Closed,336659,361° MEN SHO,3
037,037 - Lacaly AlMahmal - MAATC,037-U-32,Closed,336660,361° MEN SHO,3
037,037 - Lacaly AlMahmal - MAATC,037-U-33,Closed,336597,361° MEN SHO,1
037,037 - Lacaly AlMahmal - MAATC,037-U-33,Closed,336598,361° MEN SHO,1
037,037 - Lacaly AlMahmal - MAATC,037-U-33,Closed,336599,361° MEN SHO,3
037,037 - Lacaly AlMahmal - MAATC,037-U-33,Closed,336600,361° MEN SHO,3
037,037 - Lacaly AlMahmal - MAATC,037-U-33,Closed,336601,361° MEN SHO,2
037,037 - Lacaly AlMahmal - MAATC,037-U-33,Closed,336602,361° MEN SHO,1
037,037 - Lacaly AlMahmal - MAATC,037-U-33,Closed,336603,361° MEN SHO,1
037,037 - Lacaly AlMahmal - MAATC,037-U-34,Closed,336623,361° MEN SHO,1
037,037 - Lacaly AlMahmal - MAATC,037-U-34,Closed,336624,361° MEN SHO,1
037,037 - Lacaly AlMahmal - MAATC,037-U-34,Closed,336625,361° MEN SHO,3
037,037 - Lacaly AlMahmal - MAATC,037-U-34,Closed,336626,361° MEN SHO,3
037,037 - Lacaly AlMahmal - MAATC,037-U-34,Closed,336627,361° MEN SHO,2
037,037 - Lacaly AlMahmal - MAATC,037-U-34,Closed,336628,361° MEN SHO,1
037,037 - Lacaly AlMahmal - MAATC,037-U-34,Closed,336629,361° MEN SHO,1
037,037 - Lacaly AlMahmal - MAATC,037-U-35,Closed,336640,361° MEN SHO,1
037,037 - Lacaly AlMahmal - MAATC,037-U-35,Closed,336641,361° MEN SHO,2
037,037 - Lacaly AlMahmal - MAATC,037-U-35,Closed,336642,361° MEN SHO,3
037,037 - Lacaly AlMahmal - MAATC,037-U-35,Closed,336643,361° MEN SHO,3
037,037 - Lacaly AlMahmal - MAATC,037-U-35,Closed,336644,361° MEN SHO,3
037,037 - Lacaly AlMahmal - MAATC,037-U-36,Closed,336666,361° MEN SHO,1
037,037 - Lacaly AlMahmal - MAATC,037-U-36,Closed,336667,361° MEN SHO,2
037,037 - Lacaly AlMahmal - MAATC,037-U-36,Closed,336668,361° MEN SHO,3
037,037 - Lacaly AlMahmal - MAATC,037-U-36,Closed,336669,361° MEN SHO,3
037,037 - Lacaly AlMahmal - MAATC,037-U-36,Closed,336670,361° MEN SHO,3
037,037 - Lacaly AlMahmal - MAATC,037-U-37,Closed,336650,361° MEN SHO,1
037,037 - Lacaly AlMahmal - MAATC,037-U-37,Closed,336651,361° MEN SHO,2
037,037 - Lacaly AlMahmal - MAATC,037-U-37,Closed,336652,361° MEN SHO,3
037,037 - Lacaly AlMahmal - MAATC,037-U-37,Closed,336653,361° MEN SHO,3
037,037 - Lacaly AlMahmal - MAATC,037-U-37,Closed,336654,361° MEN SHO,2
037,037 - Lacaly AlMahmal - MAATC,037-U-37,Closed,336655,361° MEN SHO,1
037,037 - Lacaly AlMahmal - MAATC,037-U-38,Closed,336630,361° MEN SHO,1
037,037 - Lacaly AlMahmal - MAATC,037-U-38,Closed,336631,361° MEN SHO,2
037,037 - Lacaly AlMahmal - MAATC,037-U-38,Closed,336632,361° MEN SHO,3
037,037 - Lacaly AlMahmal - MAATC,037-U-38,Closed,336633,361° MEN SHO,3
037,037 - Lacaly AlMahmal - MAATC,037-U-38,Closed,336634,361° MEN SHO,3
037,037 - Lacaly AlMahmal - MAATC,037-U-39,Closed,336084,361° MEN WST,2
037,037 - Lacaly AlMahmal - MAATC,037-U-39,Closed,336100,361° MEN JCK,2
037,037 - Lacaly AlMahmal - MAATC,037-U-39,Closed,336126,361° MEN TSS,2
037,037 - Lacaly AlMahmal - MAATC,037-U-39,Closed,336175,361° MEN TSS,1
037,037 - Lacaly AlMahmal - MAATC,037-U-39,Closed,336222,361° MEN SRT,2
037,037 - Lacaly AlMahmal - MAATC,037-U-39,Closed,336240,361° MEN SRT,2
037,037 - Lacaly AlMahmal - MAATC,037-U-39,Closed,336243,361° MEN SRT,1
037,037 - Lacaly AlMahmal - MAATC,037-U-39,Closed,336245,361° MEN SRT,3
037,037 - Lacaly AlMahmal - MAATC,037-U-39,Closed,336246,361° MEN SRT,2
037,037 - Lacaly AlMahmal - MAATC,037-U-39,Closed,336252,361° MEN SRT,2
037,037 - Lacaly AlMahmal - MAATC,037-U-39,Closed,336253,361° MEN SRT,1
037,037 - Lacaly AlMahmal - MAATC,037-U-39,Closed,336263,361° MEN TSU,3
037,037 - Lacaly AlMahmal - MAATC,037-U-39,Closed,336277,361° MEN TSU,1
037,037 - Lacaly AlMahmal - MAATC,037-U-39,Closed,336315,361° MEN TSS,1
037,037 - Lacaly AlMahmal - MAATC,037-U-39,Closed,336317,361° MEN TSS,3
037,037 - Lacaly AlMahmal - MAATC,037-U-39,Closed,336328,361° MEN CPR,2
037,037 - Lacaly AlMahmal - MAATC,037-U-39,Closed,336335,361° MEN SRT,3
037,037 - Lacaly AlMahmal - MAATC,037-U-39,Closed,336371,361° MEN SHS,3
037,037 - Lacaly AlMahmal - MAATC,037-U-39,Closed,336449,361° MEN TSU,3
037,037 - Lacaly AlMahmal - MAATC,037-U-39,Closed,336457,361° MEN TSU,1
037,037 - Lacaly AlMahmal - MAATC,037-U-39,Closed,336473,361° MEN TSU,3
037,037 - Lacaly AlMahmal - MAATC,037-U-39,Closed,336480,361° MEN TSU,2
037,037 - Lacaly AlMahmal - MAATC,037-U-39,Closed,336483,361° WMN TSU,1
037,037 - Lacaly AlMahmal - MAATC,037-U-39,Closed,336486,361° WMN TSU,2
037,037 - Lacaly AlMahmal - MAATC,037-U-39,Closed,336488,361° WMN TSU,1
037,037 - Lacaly AlMahmal - MAATC,037-U-39,Closed,336513,361° WMN TSS,1
037,037 - Lacaly AlMahmal - MAATC,037-U-39,Closed,336516,361° WMN TSS,2
037,037 - Lacaly AlMahmal - MAATC,037-U-39,Closed,336588,361° WMN TSU,2
037,037 - Lacaly AlMahmal - MAATC,037-U-46,Closed,336083,361° MEN WST,3
037,037 - Lacaly AlMahmal - MAATC,037-U-46,Closed,336095,361° MEN WST,3
037,037 - Lacaly AlMahmal - MAATC,037-U-46,Closed,336097,361° MEN WST,1
037,037 - Lacaly AlMahmal - MAATC,037-U-46,Closed,336103,361° MEN JCK,1
037,037 - Lacaly AlMahmal - MAATC,037-U-46,Closed,336105,361° MEN JCK,1
037,037 - Lacaly AlMahmal - MAATC,037-U-46,Closed,336121,361° MEN TSU,1
037,037 - Lacaly AlMahmal - MAATC,037-U-46,Closed,336136,361° MEN SRT,2
037,037 - Lacaly AlMahmal - MAATC,037-U-46,Closed,336150,361° MEN TSS,2
037,037 - Lacaly AlMahmal - MAATC,037-U-46,Closed,336159,361° MEN TSS,1
037,037 - Lacaly AlMahmal - MAATC,037-U-46,Closed,336179,361° MEN TSS,3
037,037 - Lacaly AlMahmal - MAATC,037-U-46,Closed,336192,361° MEN TSS,2
037,037 - Lacaly AlMahmal - MAATC,037-U-46,Closed,336262,361° MEN TSU,2
037,037 - Lacaly AlMahmal - MAATC,037-U-46,Closed,336327,361° MEN CPR,1
037,037 - Lacaly AlMahmal - MAATC,037-U-46,Closed,336365,361° MEN TSS,3
037,037 - Lacaly AlMahmal - MAATC,037-U-46,Closed,336397,361° MEN TSS,1
037,037 - Lacaly AlMahmal - MAATC,037-U-46,Closed,336455,361° MEN TSU,3
037,037 - Lacaly AlMahmal - MAATC,037-U-46,Closed,336548,361° WMN TSU,1
037,037 - Lacaly AlMahmal - MAATC,037-U-47,Closed,336008,361° MEN SRT,3
037,037 - Lacaly AlMahmal - MAATC,037-U-47,Closed,336014,361° MEN SRT,3
037,037 - Lacaly AlMahmal - MAATC,037-U-47,Closed,336015,361° MEN SRT,2
037,037 - Lacaly AlMahmal - MAATC,037-U-47,Closed,336081,361° MEN WST,1
037,037 - Lacaly AlMahmal - MAATC,037-U-47,Closed,336085,361° MEN WST,1
037,037 - Lacaly AlMahmal - MAATC,037-U-47,Closed,336099,361° MEN JCK,1
037,037 - Lacaly AlMahmal - MAATC,037-U-47,Closed,336107,361° MEN JCK,2
037,037 - Lacaly AlMahmal - MAATC,037-U-47,Closed,336108,361° MEN JCK,2
037,037 - Lacaly AlMahmal - MAATC,037-U-47,Closed,336110,361° MEN JCK,1
037,037 - Lacaly AlMahmal - MAATC,037-U-47,Closed,336137,361° MEN SRT,3
037,037 - Lacaly AlMahmal - MAATC,037-U-47,Closed,336199,361° MEN TSS,1
037,037 - Lacaly AlMahmal - MAATC,037-U-47,Closed,336201,361° MEN TSS,1
037,037 - Lacaly AlMahmal - MAATC,037-U-47,Closed,336207,361° MEN TSS,1
037,037 - Lacaly AlMahmal - MAATC,037-U-47,Closed,336271,361° MEN TSU,1
037,037 - Lacaly AlMahmal - MAATC,037-U-47,Closed,336288,361° MEN TSS,2
037,037 - Lacaly AlMahmal - MAATC,037-U-47,Closed,336309,361° MEN TSS,1
037,037 - Lacaly AlMahmal - MAATC,037-U-47,Closed,336310,361° MEN TSS,2
037,037 - Lacaly AlMahmal - MAATC,037-U-47,Closed,336312,361° MEN TSS,2
037,037 - Lacaly AlMahmal - MAATC,037-U-47,Closed,336314,361° MEN TSS,1
037,037 - Lacaly AlMahmal - MAATC,037-U-47,Closed,336319,361° MEN TSS,1
037,037 - Lacaly AlMahmal - MAATC,037-U-47,Closed,336320,361° MEN TSS,1
037,037 - Lacaly AlMahmal - MAATC,037-U-47,Closed,336366,361° MEN TSS,2
037,037 - Lacaly AlMahmal - MAATC,037-U-47,Closed,336399,361° MEN TSS,1
037,037 - Lacaly AlMahmal - MAATC,037-U-47,Closed,336404,361° MEN TSS,1
037,037 - Lacaly AlMahmal - MAATC,037-U-47,Closed,336409,361° MEN TSS,1
037,037 - Lacaly AlMahmal - MAATC,037-U-47,Closed,336431,361° MEN PTK,3
037,037 - Lacaly AlMahmal - MAATC,037-U-47,Closed,336435,361° MEN TSS,1
037,037 - Lacaly AlMahmal - MAATC,037-U-47,Closed,336437,361° MEN TSS,3
037,037 - Lacaly AlMahmal - MAATC,037-U-47,Closed,336439,361° MEN TSS,1
037,037 - Lacaly AlMahmal - MAATC,037-U-47,Closed,336529,361° WMN TSS,1
037,037 - Lacaly AlMahmal - MAATC,037-U-47,Closed,336580,361° WMN TSU,2
037,037 - Lacaly AlMahmal - MAATC,037-U-47,Closed,336805,361° MEN JCK,2
037,037 - Lacaly AlMahmal - MAATC,037-U-6,Open,336128,361° MEN TSS,1
037,037 - Lacaly AlMahmal - MAATC,037-U-6,Open,336129,361° MEN TSS,2
037,037 - Lacaly AlMahmal - MAATC,037-U-6,Open,336130,361° MEN TSS,2
037,037 - Lacaly AlMahmal - MAATC,037-U-6,Open,336152,361° MEN TSS,1
037,037 - Lacaly AlMahmal - MAATC,037-U-6,Open,336269,361° MEN TSU,3
037,037 - Lacaly AlMahmal - MAATC,037-U-6,Open,336370,361° MEN SHS,2
037,037 - Lacaly AlMahmal - MAATC,037-U-6,Open,336425,361° MEN PTK,3
037,037 - Lacaly AlMahmal - MAATC,037-U-6,Open,336443,361° MEN TSS,3
037,037 - Lacaly AlMahmal - MAATC,037-U-6,Open,336475,361° MEN TSU,1
037,037 - Lacaly AlMahmal - MAATC,037-U-6,Open,336476,361° MEN TSU,1
037,037 - Lacaly AlMahmal - MAATC,037-U-6,Open,336479,361° MEN TSU,3
037,037 - Lacaly AlMahmal - MAATC,037-U-6,Open,336549,361° WMN SKR,1
WH-MAIN,WH-MAIN (Warehouse Putaway),PUTAWAY-001,Open,336111,361° MEN TSU,2
WH-MAIN,WH-MAIN (Warehouse Putaway),PUTAWAY-001,Open,336112,361° MEN TSU,3
WH-MAIN,WH-MAIN (Warehouse Putaway),PUTAWAY-001,Open,336114,361° MEN TSU,4
WH-MAIN,WH-MAIN (Warehouse Putaway),PUTAWAY-001,Open,336115,361° MEN TSU,2
WH-MAIN,WH-MAIN (Warehouse Putaway),PUTAWAY-001,Open,336147,361° MEN TSS,5
WH-MAIN,WH-MAIN (Warehouse Putaway),PUTAWAY-001,Open,336156,361° MEN TSS,10
WH-MAIN,WH-MAIN (Warehouse Putaway),PUTAWAY-001,Open,336158,361° MEN TSS,5
WH-MAIN,WH-MAIN (Warehouse Putaway),PUTAWAY-001,Open,336160,361° MEN TSS,9
WH-MAIN,WH-MAIN (Warehouse Putaway),PUTAWAY-001,Open,336176,361° MEN TSS,5
WH-MAIN,WH-MAIN (Warehouse Putaway),PUTAWAY-001,Open,336177,361° MEN TSS,5
WH-MAIN,WH-MAIN (Warehouse Putaway),PUTAWAY-001,Open,336178,361° MEN TSS,9
WH-MAIN,WH-MAIN (Warehouse Putaway),PUTAWAY-001,Open,336183,361° MEN TSS,5
WH-MAIN,WH-MAIN (Warehouse Putaway),PUTAWAY-001,Open,336188,361° MEN TSS,5
WH-MAIN,WH-MAIN (Warehouse Putaway),PUTAWAY-001,Open,336190,361° MEN TSS,9
WH-MAIN,WH-MAIN (Warehouse Putaway),PUTAWAY-001,Open,336191,361° MEN TSS,7
WH-MAIN,WH-MAIN (Warehouse Putaway),PUTAWAY-001,Open,336193,361° MEN TSS,5
WH-MAIN,WH-MAIN (Warehouse Putaway),PUTAWAY-001,Open,336194,361° MEN TSS,5
WH-MAIN,WH-MAIN (Warehouse Putaway),PUTAWAY-001,Open,336195,361° MEN TSS,3
WH-MAIN,WH-MAIN (Warehouse Putaway),PUTAWAY-001,Open,336196,361° MEN TSS,9
WH-MAIN,WH-MAIN (Warehouse Putaway),PUTAWAY-001,Open,336198,361° MEN TSS,6
WH-MAIN,WH-MAIN (Warehouse Putaway),PUTAWAY-001,Open,336200,361° MEN TSS,5
WH-MAIN,WH-MAIN (Warehouse Putaway),PUTAWAY-001,Open,336202,361° MEN TSS,9
WH-MAIN,WH-MAIN (Warehouse Putaway),PUTAWAY-001,Open,336203,361° MEN TSS,1
WH-MAIN,WH-MAIN (Warehouse Putaway),PUTAWAY-001,Open,336205,361° MEN TSS,5
WH-MAIN,WH-MAIN (Warehouse Putaway),PUTAWAY-001,Open,336206,361° MEN TSS,5
WH-MAIN,WH-MAIN (Warehouse Putaway),PUTAWAY-001,Open,336211,361° MEN TSS,5
WH-MAIN,WH-MAIN (Warehouse Putaway),PUTAWAY-001,Open,336214,361° MEN TSS,9
WH-MAIN,WH-MAIN (Warehouse Putaway),PUTAWAY-001,Open,336215,361° MEN TSS,15
WH-MAIN,WH-MAIN (Warehouse Putaway),PUTAWAY-001,Open,336282,361° MEN TSS,10
WH-MAIN,WH-MAIN (Warehouse Putaway),PUTAWAY-001,Open,336284,361° MEN TSS,5
WH-MAIN,WH-MAIN (Warehouse Putaway),PUTAWAY-001,Open,336286,361° MEN TSS,9
WH-MAIN,WH-MAIN (Warehouse Putaway),PUTAWAY-001,Open,336287,361° MEN TSS,15
WH-MAIN,WH-MAIN (Warehouse Putaway),PUTAWAY-001,Open,336291,361° MEN TSS,5
WH-MAIN,WH-MAIN (Warehouse Putaway),PUTAWAY-001,Open,336292,361° MEN TSS,9
WH-MAIN,WH-MAIN (Warehouse Putaway),PUTAWAY-001,Open,336293,361° MEN TSS,15
WH-MAIN,WH-MAIN (Warehouse Putaway),PUTAWAY-001,Open,336295,361° MEN TSS,5
WH-MAIN,WH-MAIN (Warehouse Putaway),PUTAWAY-001,Open,336296,361° MEN TSS,5
WH-MAIN,WH-MAIN (Warehouse Putaway),PUTAWAY-001,Open,336297,361° MEN TSS,5
WH-MAIN,WH-MAIN (Warehouse Putaway),PUTAWAY-001,Open,336299,361° MEN TSS,15
WH-MAIN,WH-MAIN (Warehouse Putaway),PUTAWAY-001,Open,336302,361° MEN TSS,5
WH-MAIN,WH-MAIN (Warehouse Putaway),PUTAWAY-001,Open,336303,361° MEN TSS,5
WH-MAIN,WH-MAIN (Warehouse Putaway),PUTAWAY-001,Open,336304,361° MEN TSS,9
WH-MAIN,WH-MAIN (Warehouse Putaway),PUTAWAY-001,Open,336305,361° MEN TSS,15
WH-MAIN,WH-MAIN (Warehouse Putaway),PUTAWAY-001,Open,336306,361° MEN TSS,10
WH-MAIN,WH-MAIN (Warehouse Putaway),PUTAWAY-001,Open,336307,361° MEN TSS,5
WH-MAIN,WH-MAIN (Warehouse Putaway),PUTAWAY-001,Open,336308,361° MEN TSS,5
WH-MAIN,WH-MAIN (Warehouse Putaway),PUTAWAY-001,Open,336318,361° MEN TSS,10
WH-MAIN,WH-MAIN (Warehouse Putaway),PUTAWAY-001,Open,336358,361° MEN TSS,9
WH-MAIN,WH-MAIN (Warehouse Putaway),PUTAWAY-001,Open,336361,361° MEN TSS,5
WH-MAIN,WH-MAIN (Warehouse Putaway),PUTAWAY-001,Open,336362,361° MEN TSS,5
WH-MAIN,WH-MAIN (Warehouse Putaway),PUTAWAY-001,Open,336389,361° MEN TSS,3
WH-MAIN,WH-MAIN (Warehouse Putaway),PUTAWAY-001,Open,336391,361° MEN TSS,5
WH-MAIN,WH-MAIN (Warehouse Putaway),PUTAWAY-001,Open,336392,361° MEN TSS,5
WH-MAIN,WH-MAIN (Warehouse Putaway),PUTAWAY-001,Open,336398,361° MEN TSS,5
WH-MAIN,WH-MAIN (Warehouse Putaway),PUTAWAY-001,Open,336400,361° MEN TSS,9
WH-MAIN,WH-MAIN (Warehouse Putaway),PUTAWAY-001,Open,336402,361° MEN TSS,10
WH-MAIN,WH-MAIN (Warehouse Putaway),PUTAWAY-001,Open,336403,361° MEN TSS,5
WH-MAIN,WH-MAIN (Warehouse Putaway),PUTAWAY-001,Open,336405,361° MEN TSS,5
WH-MAIN,WH-MAIN (Warehouse Putaway),PUTAWAY-001,Open,336406,361° MEN TSS,9
WH-MAIN,WH-MAIN (Warehouse Putaway),PUTAWAY-001,Open,336407,361° MEN TSS,15
WH-MAIN,WH-MAIN (Warehouse Putaway),PUTAWAY-001,Open,336408,361° MEN TSS,10
WH-MAIN,WH-MAIN (Warehouse Putaway),PUTAWAY-001,Open,336410,361° MEN TSS,5
WH-MAIN,WH-MAIN (Warehouse Putaway),PUTAWAY-001,Open,336438,361° MEN TSS,10
WH-MAIN,WH-MAIN (Warehouse Putaway),PUTAWAY-001,Open,336444,361° MEN TSS,10
WH-MAIN,WH-MAIN (Warehouse Putaway),PUTAWAY-001,Open,336463,361° MEN TSS,5
WH-MAIN,WH-MAIN (Warehouse Putaway),PUTAWAY-001,Open,336464,361° MEN TSS,5
WH-MAIN,WH-MAIN (Warehouse Putaway),PUTAWAY-001,Open,336465,361° MEN TSS,5
WH-MAIN,WH-MAIN (Warehouse Putaway),PUTAWAY-001,Open,336466,361° MEN TSS,9
WH-MAIN,WH-MAIN (Warehouse Putaway),PUTAWAY-001,Open,336467,361° MEN TSS,9
WH-MAIN,WH-MAIN (Warehouse Putaway),PUTAWAY-001,Open,336468,361° MEN TSS,10
WH-MAIN,WH-MAIN (Warehouse Putaway),PUTAWAY-001,Open,336469,361° MEN TSS,4
WH-MAIN,WH-MAIN (Warehouse Putaway),PUTAWAY-04,Closed,336048,361° MEN SCK,26
WH-MAIN,WH-MAIN (Warehouse Putaway),PUTAWAY-04,Closed,336049,361° MEN SCK,26
WH-MAIN,WH-MAIN (Warehouse Putaway),PUTAWAY-04,Closed,336050,361° MEN SCK,1
WH-MAIN,WH-MAIN (Warehouse Putaway),PUTAWAY-04,Closed,336051,361° MEN SCK,1
WH-MAIN,WH-MAIN (Warehouse Putaway),PUTAWAY-04,Closed,336052,361° MEN SCK,26
WH-MAIN,WH-MAIN (Warehouse Putaway),PUTAWAY-04,Closed,336054,361° MEN SCK,1
WH-MAIN,WH-MAIN (Warehouse Putaway),PUTAWAY-04,Closed,336055,361° MEN SCK,26
WH-MAIN,WH-MAIN (Warehouse Putaway),PUTAWAY-04,Closed,336056,361° MEN SCK,1
WH-MAIN,WH-MAIN (Warehouse Putaway),PUTAWAY-04,Closed,336165,361° MEN TSS,1
WH-MAIN,WH-MAIN (Warehouse Putaway),PUTAWAY038,Closed,336150,361° MEN TSS,10
WH-MAIN,WH-MAIN (Warehouse Putaway),PUTAWAY038,Closed,336159,361° MEN TSS,5
WH-MAIN,WH-MAIN (Warehouse Putaway),PUTAWAY038,Closed,336179,361° MEN TSS,15
WH-MAIN,WH-MAIN (Warehouse Putaway),PUTAWAY038,Closed,336192,361° MEN TSS,10
WH-MAIN,WH-MAIN (Warehouse Putaway),PUTAWAY038,Closed,336314,361° MEN TSS,5
WH-MAIN,WH-MAIN (Warehouse Putaway),PUTAWAY038,Closed,336319,361° MEN TSS,5
WH-MAIN,WH-MAIN (Warehouse Putaway),PUTAWAY038,Closed,336365,361° MEN TSS,15
WH-MAIN,WH-MAIN (Warehouse Putaway),PUTAWAY038,Closed,336366,361° MEN TSS,10
WH-MAIN,WH-MAIN (Warehouse Putaway),PUTAWAY038,Closed,336397,361° MEN TSS,5
WH-MAIN,WH-MAIN (Warehouse Putaway),PUTAWAY038,Closed,336409,361° MEN TSS,5
WH-MAIN,WH-MAIN (Warehouse Putaway),PUTAWAY17,Closed,336126,361° MEN TSS,10
WH-MAIN,WH-MAIN (Warehouse Putaway),PUTAWAY17,Closed,336175,361° MEN TSS,5
WH-MAIN,WH-MAIN (Warehouse Putaway),PUTAWAY17,Closed,336199,361° MEN TSS,2
WH-MAIN,WH-MAIN (Warehouse Putaway),PUTAWAY17,Closed,336201,361° MEN TSS,1
WH-MAIN,WH-MAIN (Warehouse Putaway),PUTAWAY17,Closed,336207,361° MEN TSS,5
WH-MAIN,WH-MAIN (Warehouse Putaway),PUTAWAY17,Closed,336288,361° MEN TSS,10
WH-MAIN,WH-MAIN (Warehouse Putaway),PUTAWAY17,Closed,336309,361° MEN TSS,5
WH-MAIN,WH-MAIN (Warehouse Putaway),PUTAWAY17,Closed,336310,361° MEN TSS,9
WH-MAIN,WH-MAIN (Warehouse Putaway),PUTAWAY17,Closed,336312,361° MEN TSS,10
WH-MAIN,WH-MAIN (Warehouse Putaway),PUTAWAY17,Closed,336315,361° MEN TSS,5
WH-MAIN,WH-MAIN (Warehouse Putaway),PUTAWAY17,Closed,336317,361° MEN TSS,15
WH-MAIN,WH-MAIN (Warehouse Putaway),PUTAWAY17,Closed,336320,361° MEN TSS,5
WH-MAIN,WH-MAIN (Warehouse Putaway),PUTAWAY17,Closed,336399,361° MEN TSS,5
WH-MAIN,WH-MAIN (Warehouse Putaway),PUTAWAY17,Closed,336404,361° MEN TSS,5
WH-MAIN,WH-MAIN (Warehouse Putaway),PUTAWAY17,Closed,336435,361° MEN TSS,5
WH-MAIN,WH-MAIN (Warehouse Putaway),PUTAWAY17,Closed,336437,361° MEN TSS,15
WH-MAIN,WH-MAIN (Warehouse Putaway),PUTAWAY17,Closed,336439,361° MEN TSS,5
WH-MAIN,WH-MAIN (Warehouse Putaway),PUTAWAY19,Closed,336151,361° MEN TSS,3
WH-MAIN,WH-MAIN (Warehouse Putaway),PUTAWAY2,Closed,336113,361° MEN TSU,6
WH-MAIN,WH-MAIN (Warehouse Putaway),PUTAWAY2,Closed,336124,361° MEN TSS,9
WH-MAIN,WH-MAIN (Warehouse Putaway),PUTAWAY2,Closed,336127,361° MEN TSS,5
WH-MAIN,WH-MAIN (Warehouse Putaway),PUTAWAY2,Closed,336132,361° MEN TSS,2
WH-MAIN,WH-MAIN (Warehouse Putaway),PUTAWAY2,Closed,336133,361° MEN TSS,5
WH-MAIN,WH-MAIN (Warehouse Putaway),PUTAWAY2,Closed,336134,361° MEN TSS,5
WH-MAIN,WH-MAIN (Warehouse Putaway),PUTAWAY2,Closed,336161,361° MEN TSS,15
WH-MAIN,WH-MAIN (Warehouse Putaway),PUTAWAY2,Closed,336162,361° MEN TSS,8
WH-MAIN,WH-MAIN (Warehouse Putaway),PUTAWAY2,Closed,336163,361° MEN TSS,5
WH-MAIN,WH-MAIN (Warehouse Putaway),PUTAWAY2,Closed,336164,361° MEN TSS,5
WH-MAIN,WH-MAIN (Warehouse Putaway),PUTAWAY2,Closed,336166,361° MEN TSS,9
WH-MAIN,WH-MAIN (Warehouse Putaway),PUTAWAY2,Closed,336169,361° MEN TSS,5
WH-MAIN,WH-MAIN (Warehouse Putaway),PUTAWAY2,Closed,336170,361° MEN TSS,5
WH-MAIN,WH-MAIN (Warehouse Putaway),PUTAWAY2,Closed,336184,361° MEN TSS,9
WH-MAIN,WH-MAIN (Warehouse Putaway),PUTAWAY2,Closed,336187,361° MEN TSS,5
WH-MAIN,WH-MAIN (Warehouse Putaway),PUTAWAY2,Closed,336197,361° MEN TSS,15
WH-MAIN,WH-MAIN (Warehouse Putaway),PUTAWAY2,Closed,336212,361° MEN TSS,5
WH-MAIN,WH-MAIN (Warehouse Putaway),PUTAWAY2,Closed,336213,361° MEN TSS,5
WH-MAIN,WH-MAIN (Warehouse Putaway),PUTAWAY2,Closed,336217,361° MEN TSS,5
WH-MAIN,WH-MAIN (Warehouse Putaway),PUTAWAY2,Closed,336279,361° MEN TSS,5
WH-MAIN,WH-MAIN (Warehouse Putaway),PUTAWAY2,Closed,336290,361° MEN TSS,3
WH-MAIN,WH-MAIN (Warehouse Putaway),PUTAWAY2,Closed,336294,361° MEN TSS,10
WH-MAIN,WH-MAIN (Warehouse Putaway),PUTAWAY2,Closed,336298,361° MEN TSS,9
WH-MAIN,WH-MAIN (Warehouse Putaway),PUTAWAY2,Closed,336300,361° MEN TSS,10
WH-MAIN,WH-MAIN (Warehouse Putaway),PUTAWAY2,Closed,336301,361° MEN TSS,5
WH-MAIN,WH-MAIN (Warehouse Putaway),PUTAWAY2,Closed,336313,361° MEN TSS,5
WH-MAIN,WH-MAIN (Warehouse Putaway),PUTAWAY2,Closed,336316,361° MEN TSS,9
WH-MAIN,WH-MAIN (Warehouse Putaway),PUTAWAY2,Closed,336387,361° MEN TSS,5
WH-MAIN,WH-MAIN (Warehouse Putaway),PUTAWAY2,Closed,336394,361° MEN TSS,9
WH-MAIN,WH-MAIN (Warehouse Putaway),PUTAWAY2,Closed,336459,361° MEN TSS,5
WH-MAIN,WH-MAIN (Warehouse Putaway),PUTAWAY2,Closed,336461,361° MEN TSS,4
WH-MAIN,WH-MAIN (Warehouse Putaway),PUTAWAY2,Closed,336470,361° MEN TSS,5
WH-MAIN,WH-MAIN (Warehouse Putaway),PUTAWAY33,Open,336128,361° MEN TSS,2
WH-MAIN,WH-MAIN (Warehouse Putaway),PUTAWAY33,Open,336129,361° MEN TSS,5
WH-MAIN,WH-MAIN (Warehouse Putaway),PUTAWAY33,Open,336130,361° MEN TSS,1
WH-MAIN,WH-MAIN (Warehouse Putaway),PUTAWAY33,Open,336152,361° MEN TSS,1
WH-MAIN,WH-MAIN (Warehouse Putaway),PUTAWAY33,Open,336168,361° MEN TSS,1
WH-MAIN,WH-MAIN (Warehouse Putaway),PUTAWAY33,Open,336443,361° MEN TSS,1
WH-MAIN,WH-MAIN (Warehouse Putaway),PUTAWAY55,Open,336012,361° MEN SRT,1
WH-MAIN,WH-MAIN (Warehouse Putaway),PUTAWAY71,Closed,336116,361° MEN TSU,2
WH-MAIN,WH-MAIN (Warehouse Putaway),PUTAWAY71,Closed,336123,361° MEN TSS,5
WH-MAIN,WH-MAIN (Warehouse Putaway),PUTAWAY71,Closed,336125,361° MEN TSS,15
WH-MAIN,WH-MAIN (Warehouse Putaway),PUTAWAY71,Closed,336148,361° MEN TSS,9
WH-MAIN,WH-MAIN (Warehouse Putaway),PUTAWAY71,Closed,336149,361° MEN TSS,10
WH-MAIN,WH-MAIN (Warehouse Putaway),PUTAWAY71,Closed,336153,361° MEN TSS,5
WH-MAIN,WH-MAIN (Warehouse Putaway),PUTAWAY71,Closed,336154,361° MEN TSS,9
WH-MAIN,WH-MAIN (Warehouse Putaway),PUTAWAY71,Closed,336155,361° MEN TSS,15
WH-MAIN,WH-MAIN (Warehouse Putaway),PUTAWAY71,Closed,336157,361° MEN TSS,5
WH-MAIN,WH-MAIN (Warehouse Putaway),PUTAWAY71,Closed,336171,361° MEN TSS,5
WH-MAIN,WH-MAIN (Warehouse Putaway),PUTAWAY71,Closed,336174,361° MEN TSS,10
WH-MAIN,WH-MAIN (Warehouse Putaway),PUTAWAY71,Closed,336180,361° MEN TSS,10
WH-MAIN,WH-MAIN (Warehouse Putaway),PUTAWAY71,Closed,336181,361° MEN TSS,5
WH-MAIN,WH-MAIN (Warehouse Putaway),PUTAWAY71,Closed,336182,361° MEN TSS,5
WH-MAIN,WH-MAIN (Warehouse Putaway),PUTAWAY71,Closed,336186,361° MEN TSS,10
WH-MAIN,WH-MAIN (Warehouse Putaway),PUTAWAY71,Closed,336189,361° MEN TSS,5
WH-MAIN,WH-MAIN (Warehouse Putaway),PUTAWAY71,Closed,336209,361° MEN TSS,15
WH-MAIN,WH-MAIN (Warehouse Putaway),PUTAWAY71,Closed,336218,361° MEN TSS,5
WH-MAIN,WH-MAIN (Warehouse Putaway),PUTAWAY71,Closed,336280,361° MEN TSS,9
WH-MAIN,WH-MAIN (Warehouse Putaway),PUTAWAY71,Closed,336281,361° MEN TSS,14
WH-MAIN,WH-MAIN (Warehouse Putaway),PUTAWAY71,Closed,336283,361° MEN TSS,5
WH-MAIN,WH-MAIN (Warehouse Putaway),PUTAWAY71,Closed,336285,361° MEN TSS,5
WH-MAIN,WH-MAIN (Warehouse Putaway),PUTAWAY71,Closed,336289,361° MEN TSS,5
WH-MAIN,WH-MAIN (Warehouse Putaway),PUTAWAY71,Closed,336311,361° MEN TSS,15
WH-MAIN,WH-MAIN (Warehouse Putaway),PUTAWAY71,Closed,336357,361° MEN TSS,5
WH-MAIN,WH-MAIN (Warehouse Putaway),PUTAWAY71,Closed,336359,361° MEN TSS,15
WH-MAIN,WH-MAIN (Warehouse Putaway),PUTAWAY71,Closed,336360,361° MEN TSS,10
WH-MAIN,WH-MAIN (Warehouse Putaway),PUTAWAY71,Closed,336363,361° MEN TSS,5
WH-MAIN,WH-MAIN (Warehouse Putaway),PUTAWAY71,Closed,336364,361° MEN TSS,9
WH-MAIN,WH-MAIN (Warehouse Putaway),PUTAWAY71,Closed,336367,361° MEN TSS,5
WH-MAIN,WH-MAIN (Warehouse Putaway),PUTAWAY71,Closed,336368,361° MEN TSS,5
WH-MAIN,WH-MAIN (Warehouse Putaway),PUTAWAY71,Closed,336388,361° MEN TSS,7
WH-MAIN,WH-MAIN (Warehouse Putaway),PUTAWAY71,Closed,336390,361° MEN TSS,10
WH-MAIN,WH-MAIN (Warehouse Putaway),PUTAWAY71,Closed,336393,361° MEN TSS,5
WH-MAIN,WH-MAIN (Warehouse Putaway),PUTAWAY71,Closed,336395,361° MEN TSS,15
WH-MAIN,WH-MAIN (Warehouse Putaway),PUTAWAY71,Closed,336401,361° MEN TSS,10
WH-MAIN,WH-MAIN (Warehouse Putaway),PUTAWAY71,Closed,336440,361° MEN TSS,5
WH-MAIN,WH-MAIN (Warehouse Putaway),PUTAWAY71,Closed,336441,361° MEN TSS,5
WH-MAIN,WH-MAIN (Warehouse Putaway),PUTAWAY71,Closed,336445,361° MEN TSS,5
WH-MAIN,WH-MAIN (Warehouse Putaway),PUTAWAY71,Closed,336446,361° MEN TSS,5
WH-MAIN,WH-MAIN (Warehouse Putaway),PUTAWAY71,Closed,336462,361° MEN TSS,10